transaction_id,customer_id,timestamp,transaction_type,amount_idr,payment_method,channel,device_id,location_city,is_fraud_label
TXN0000734,CUST10123,2026-04-01 06:06:00,topup,36827,bank_transfer,Partner_Bank,DEVe1886146,Balikpapan,0
TXN0005831,CUST10937,2026-04-01 06:16:00,topup,24531,e-wallet_gopay,Retail_Outlet,DEVbf144332,Pekanbaru,0
TXN0002995,CUST10498,2026-04-01 06:17:00,topup,18099,retail_counter,USSD,DEV4398018f,Balikpapan,0
TXN0004780,CUST10775,2026-04-01 06:18:00,topup,5000,e-wallet_ovo,USSD,DEV7da2fb48,Surabaya,0
TXN0003242,CUST10535,2026-04-01 06:22:00,topup,49312,retail_counter,USSD,DEVa8dbe9a1,Malang,0
TXN0001801,CUST10307,2026-04-01 06:22:00,topup,5000,retail_counter,Partner_Bank,DEV3d8925a9,Jakarta,0
TXN0005378,CUST10866,2026-04-01 06:35:00,topup,33968,virtual_account,Retail_Outlet,DEV3457c8d7,Medan,0
TXN0002536,CUST10423,2026-04-01 06:40:00,topup,28371,virtual_account,Web_Portal,DEVfd8fb938,Pekanbaru,0
TXN0005597,CUST10900,2026-04-01 06:44:00,topup,33521,e-wallet_gopay,Partner_Bank,DEV4f4cea72,Denpasar,0
TXN0007168,CUST11159,2026-04-01 06:49:00,topup,32616,e-wallet_dana,USSD,DEVf0c935a9,Semarang,0
TXN0007076,CUST11145,2026-04-01 06:57:00,topup,52067,bank_transfer,Web_Portal,DEV78e33d35,Balikpapan,0
TXN0001121,CUST10184,2026-04-01 07:00:00,topup,12563,e-wallet_ovo,Web_Portal,DEV294d43ed,Malang,0
TXN0006885,CUST11112,2026-04-01 07:00:00,topup,13948,e-wallet_gopay,Retail_Outlet,DEV5a878212,Palembang,0
TXN0001564,CUST10269,2026-04-01 07:01:00,topup,36937,e-wallet_gopay,Partner_Bank,DEV25f98046,Bandung,0
TXN0002059,CUST10347,2026-04-01 07:18:00,topup,5477,e-wallet_gopay,Partner_Bank,DEV7e64c44f,Yogyakarta,0
TXN0000974,CUST10159,2026-04-01 07:22:00,topup,40242,credit_card,Partner_Bank,DEVb2a7a475,Malang,0
TXN0002225,CUST10373,2026-04-01 07:24:00,topup,17679,retail_counter,Web_Portal,DEV3ec2e72a,Medan,0
TXN0002614,CUST10436,2026-04-01 07:41:00,topup,5000,e-wallet_gopay,USSD,DEV3f569381,Surabaya,0
TXN0004058,CUST10660,2026-04-01 07:43:00,topup,11234,bank_transfer,MyApp,DEVd79570be,Bandung,0
TXN0005171,CUST10836,2026-04-01 08:00:00,topup,5000,credit_card,Retail_Outlet,DEV7ddee37d,Pekanbaru,0
TXN0001298,CUST10215,2026-04-01 08:12:00,topup,18583,e-wallet_ovo,Partner_Bank,DEV9c2d9672,Bandung,0
TXN0003767,CUST10618,2026-04-01 08:28:00,topup,5000,bank_transfer,USSD,DEV1f09bd6b,Malang,0
TXN0002028,CUST10341,2026-04-01 08:30:00,topup,13801,credit_card,Retail_Outlet,DEV4b7a123e,Palembang,0
TXN0004574,CUST10741,2026-04-01 08:56:00,topup,5000,e-wallet_ovo,Partner_Bank,DEVc7a9ff30,Bandung,0
TXN0000132,CUST10022,2026-04-01 09:57:00,topup,44441,bank_transfer,MyApp,DEV55f3ad50,Makassar,0
TXN0004115,CUST10668,2026-04-01 09:58:00,topup,5000,retail_counter,USSD,DEV862a76f2,Denpasar,0
TXN0005940,CUST10953,2026-04-01 10:01:00,topup,49605,virtual_account,USSD,DEVbe00b0cb,Medan,0
TXN0007258,CUST11173,2026-04-01 10:22:00,topup,44682,e-wallet_gopay,MyApp,DEVbb2c23cb,Balikpapan,0
TXN0005724,CUST10923,2026-04-01 10:46:00,topup,7874,e-wallet_ovo,MyApp,DEVe6647803,Denpasar,0
TXN0002730,CUST10455,2026-04-01 10:50:00,topup,34080,retail_counter,Retail_Outlet,DEVd91b1cb6,Makassar,0
TXN0001593,CUST10275,2026-04-01 10:57:00,topup,5000,bank_transfer,USSD,DEV86c45e42,Palembang,0
TXN0001984,CUST10336,2026-04-01 10:58:00,topup,20935,virtual_account,Retail_Outlet,DEVee403b9f,Pekanbaru,0
TXN0005591,CUST10899,2026-04-01 11:05:00,topup,5000,e-wallet_ovo,Web_Portal,DEV26e21c56,Palembang,0
TXN0007025,CUST11134,2026-04-01 11:06:00,topup,45761,credit_card,Web_Portal,DEV5dcf19aa,Balikpapan,0
TXN0005052,CUST10820,2026-04-01 11:07:00,topup,5166,virtual_account,USSD,DEV7cc27448,Jakarta,0
TXN0000946,CUST10155,2026-04-01 11:12:00,topup,13116,bank_transfer,USSD,DEV43d643ed,Makassar,0
TXN0007363,CUST11189,2026-04-01 11:25:00,topup,44664,credit_card,Retail_Outlet,DEVd094805e,Palembang,0
TXN0006608,CUST11065,2026-04-01 11:27:00,topup,23051,credit_card,MyApp,DEV49a85d9e,Yogyakarta,0
TXN0003186,CUST10525,2026-04-01 11:36:00,topup,32598,credit_card,USSD,DEV1bbcb748,Surabaya,0
TXN0003851,CUST10630,2026-04-01 11:39:00,topup,16771,e-wallet_dana,Retail_Outlet,DEV09d1c11f,Pekanbaru,0
TXN0002251,CUST10379,2026-04-01 11:45:00,topup,39221,retail_counter,Retail_Outlet,DEV7d2d93e8,Semarang,0
TXN0000458,CUST10076,2026-04-01 12:19:00,topup,16519,credit_card,Partner_Bank,DEV8a8a4105,Bandung,0
TXN0002176,CUST10366,2026-04-01 12:35:00,topup,5000,e-wallet_dana,MyApp,DEVaacefa98,Denpasar,0
TXN0001338,CUST10227,2026-04-01 12:55:00,topup,5000,credit_card,MyApp,DEV49ee4969,Balikpapan,0
TXN0000094,CUST10015,2026-04-01 13:04:00,topup,20641,virtual_account,Retail_Outlet,DEV5bd93609,Balikpapan,0
TXN0006287,CUST11009,2026-04-01 13:14:00,topup,22898,e-wallet_gopay,Retail_Outlet,DEV81edceb3,Makassar,0
TXN0004433,CUST10718,2026-04-01 13:33:00,topup,31760,e-wallet_dana,USSD,DEV23e8bb05,Denpasar,0
TXN0003890,CUST10635,2026-04-01 14:23:00,topup,10050,e-wallet_dana,Retail_Outlet,DEV7c4a14cf,Bandung,0
TXN0005507,CUST10887,2026-04-01 14:53:00,topup,34138,e-wallet_dana,USSD,DEVe6876705,Balikpapan,0
TXN0005342,CUST10861,2026-04-01 15:04:00,topup,36087,bank_transfer,Retail_Outlet,DEV5fa9a39e,Semarang,0
TXN0004951,CUST10805,2026-04-01 15:07:00,topup,10114,bank_transfer,Retail_Outlet,DEVeab10bcf,Makassar,0
TXN0007127,CUST11154,2026-04-01 15:11:00,topup,5000,bank_transfer,Retail_Outlet,DEVf0c46591,Balikpapan,0
TXN0002032,CUST10341,2026-04-01 15:15:00,topup,19335,virtual_account,Retail_Outlet,DEV7ee667de,Palembang,0
TXN0007118,CUST11152,2026-04-01 15:18:00,topup,7389,bank_transfer,Partner_Bank,DEV81ec334f,Bandung,0
TXN0003065,CUST10508,2026-04-01 15:28:00,topup,5000,bank_transfer,Retail_Outlet,DEVba098484,Medan,0
TXN0005126,CUST10832,2026-04-01 15:36:00,topup,21040,e-wallet_dana,Partner_Bank,DEV6a961ac0,Semarang,0
TXN0002986,CUST10496,2026-04-01 15:43:00,topup,35523,e-wallet_gopay,MyApp,DEV8897c497,Surabaya,0
TXN0003115,CUST10516,2026-04-01 16:04:00,topup,38399,retail_counter,Partner_Bank,DEVf9da4f55,Palembang,0
TXN0003470,CUST10572,2026-04-01 16:05:00,topup,5000,bank_transfer,Retail_Outlet,DEV5b7117bd,Pekanbaru,0
TXN0001893,CUST10323,2026-04-01 16:14:00,topup,38287,retail_counter,Retail_Outlet,DEV7e808d05,Malang,0
TXN0004931,CUST10801,2026-04-01 16:29:00,topup,53185,e-wallet_gopay,MyApp,DEV2cdb1625,Makassar,0
TXN0004949,CUST10804,2026-04-01 16:30:00,topup,23728,credit_card,Retail_Outlet,DEV5eb63bc5,Yogyakarta,0
TXN0005348,CUST10862,2026-04-01 16:36:00,topup,31570,virtual_account,MyApp,DEV85713253,Pekanbaru,0
TXN0001285,CUST10212,2026-04-01 16:40:00,topup,13951,e-wallet_gopay,Retail_Outlet,DEV6c936f69,Yogyakarta,0
TXN0003898,CUST10636,2026-04-01 16:52:00,topup,62561,e-wallet_gopay,Partner_Bank,DEV61127927,Bandung,0
TXN0005383,CUST10867,2026-04-01 16:58:00,topup,30180,bank_transfer,Partner_Bank,DEVe3245730,Surabaya,0
TXN0000110,CUST10018,2026-04-01 17:01:00,topup,10380,credit_card,Retail_Outlet,DEVb45c9a54,Denpasar,0
TXN0003793,CUST10622,2026-04-01 17:23:00,topup,5000,retail_counter,MyApp,DEV19dad534,Palembang,0
TXN0000349,CUST10057,2026-04-01 17:26:00,topup,14313,credit_card,MyApp,DEV74eda60e,Malang,0
TXN0000825,CUST10136,2026-04-01 17:59:00,topup,44529,e-wallet_ovo,MyApp,DEVa55fa725,Surabaya,0
TXN0000921,CUST10151,2026-04-01 18:31:00,topup,21678,bank_transfer,Web_Portal,DEVbf00f56c,Malang,0
TXN0000549,CUST10091,2026-04-01 19:30:00,topup,5000,e-wallet_gopay,USSD,DEV913a1734,Makassar,0
TXN0004692,CUST10763,2026-04-01 19:32:00,topup,39231,e-wallet_dana,Web_Portal,DEV4bfaa29e,Jakarta,0
TXN0005879,CUST10943,2026-04-01 19:50:00,topup,73856,e-wallet_ovo,USSD,DEVb2290f1c,Malang,0
TXN0001166,CUST10191,2026-04-01 19:51:00,topup,17515,e-wallet_gopay,Partner_Bank,DEV8e2017e1,Pekanbaru,0
TXN0006210,CUST10998,2026-04-01 20:07:00,topup,13433,e-wallet_ovo,Web_Portal,DEV8b7080c2,Makassar,0
TXN0000944,CUST10154,2026-04-01 20:07:00,topup,27951,e-wallet_gopay,Retail_Outlet,DEV9255273f,Pekanbaru,0
TXN0007066,CUST11142,2026-04-01 20:24:00,topup,36904,credit_card,Partner_Bank,DEV7bdeb381,Denpasar,0
TXN0002619,CUST10437,2026-04-01 20:37:00,topup,30255,retail_counter,USSD,DEV1491b51d,Jakarta,0
TXN0002737,CUST10456,2026-04-01 20:52:00,topup,35717,e-wallet_ovo,MyApp,DEV6c24dcaa,Semarang,0
TXN0007312,CUST11182,2026-04-01 21:38:00,topup,30697,retail_counter,MyApp,DEV9ac1b7f0,Medan,0
TXN0001306,CUST10218,2026-04-01 22:06:00,topup,13419,virtual_account,Retail_Outlet,DEV5a589b67,Medan,0
TXN0004289,CUST10694,2026-04-01 22:06:00,topup,53863,e-wallet_gopay,Retail_Outlet,DEVb9a3773d,Palembang,0
TXN0005631,CUST10907,2026-04-01 22:16:00,topup,30063,retail_counter,Retail_Outlet,DEVcdba8621,Bandung,0
TXN0000362,CUST10060,2026-04-01 22:27:00,topup,19222,retail_counter,Web_Portal,DEVd5f0fb6a,Denpasar,0
TXN0002261,CUST10380,2026-04-01 22:33:00,topup,53574,virtual_account,USSD,DEV0265a223,Medan,0
TXN0005036,CUST10817,2026-04-01 22:34:00,topup,31637,e-wallet_dana,Retail_Outlet,DEVde61f70d,Balikpapan,0
TXN0002012,CUST10339,2026-04-02 06:00:00,topup,16158,e-wallet_gopay,Retail_Outlet,DEV4d844cb6,Pekanbaru,0
TXN0006839,CUST11103,2026-04-02 06:20:00,topup,14242,e-wallet_ovo,Retail_Outlet,DEVa3b0e3da,Balikpapan,0
TXN0004367,CUST10709,2026-04-02 06:28:00,topup,13259,e-wallet_gopay,USSD,DEV883d9b03,Balikpapan,0
TXN0001431,CUST10244,2026-04-02 06:47:00,topup,5000,virtual_account,Partner_Bank,DEV8bbf1b30,Medan,0
TXN0001519,CUST10260,2026-04-02 06:51:00,topup,15470,bank_transfer,USSD,DEV93423b4f,Bandung,0
TXN0001343,CUST10227,2026-04-02 07:00:00,topup,5000,e-wallet_ovo,MyApp,DEV9c48c830,Balikpapan,0
TXN0005964,CUST10958,2026-04-02 07:01:00,topup,7290,e-wallet_gopay,Partner_Bank,DEV1f79260c,Denpasar,0
TXN0005885,CUST10944,2026-04-02 07:13:00,topup,38992,virtual_account,USSD,DEV21f3eb6f,Pekanbaru,0
TXN0001630,CUST10280,2026-04-02 07:26:00,topup,57258,e-wallet_gopay,Partner_Bank,DEV7e388a19,Palembang,0
TXN0002036,CUST10342,2026-04-02 07:31:00,topup,19711,bank_transfer,Web_Portal,DEVef6e9295,Balikpapan,0
TXN0000883,CUST10145,2026-04-02 07:34:00,topup,5000,e-wallet_dana,Retail_Outlet,DEV8b2ab759,Denpasar,0
TXN0005534,CUST10890,2026-04-02 07:50:00,topup,29383,credit_card,USSD,DEV2740a29d,Makassar,0
TXN0004096,CUST10666,2026-04-02 07:56:00,topup,40968,e-wallet_ovo,USSD,DEV1ac7ea5b,Medan,0
TXN0007361,CUST11189,2026-04-02 08:46:00,topup,22353,e-wallet_dana,MyApp,DEVd6b9bf52,Palembang,0
TXN0005962,CUST10958,2026-04-02 08:49:00,topup,32911,e-wallet_dana,Web_Portal,DEVb95175be,Denpasar,0
TXN0000793,CUST10131,2026-04-02 08:52:00,topup,47850,e-wallet_dana,USSD,DEV65a4c79b,Makassar,0
TXN0002787,CUST10466,2026-04-02 08:58:00,topup,28252,e-wallet_gopay,MyApp,DEV727dda84,Pekanbaru,0
TXN0003690,CUST10606,2026-04-02 09:09:00,topup,5000,e-wallet_dana,MyApp,DEVf3fac150,Makassar,0
TXN0004326,CUST10702,2026-04-02 09:26:00,topup,22917,credit_card,MyApp,DEV1093a05b,Medan,0
TXN0006870,CUST11109,2026-04-02 09:36:00,topup,22865,retail_counter,Web_Portal,DEVdeafd27f,Balikpapan,0
TXN0002625,CUST10438,2026-04-02 09:39:00,topup,23192,e-wallet_dana,Retail_Outlet,DEVeca04629,Bandung,0
TXN0005200,CUST10840,2026-04-02 10:03:00,topup,14954,credit_card,Web_Portal,DEV0b45cb04,Pekanbaru,0
TXN0003202,CUST10528,2026-04-02 10:22:00,topup,21878,retail_counter,Retail_Outlet,DEV14eae37c,Bandung,0
TXN0000941,CUST10154,2026-04-02 10:29:00,topup,31847,e-wallet_dana,Retail_Outlet,DEVc5828939,Pekanbaru,0
TXN0005069,CUST10823,2026-04-02 10:33:00,topup,8852,e-wallet_dana,Partner_Bank,DEVe6defc16,Balikpapan,0
TXN0000668,CUST10112,2026-04-02 10:35:00,topup,55142,e-wallet_dana,MyApp,DEV65ebd4dc,Semarang,0
TXN0000933,CUST10153,2026-04-02 10:56:00,topup,40634,e-wallet_gopay,MyApp,DEV60042231,Pekanbaru,0
TXN0002940,CUST10490,2026-04-02 11:00:00,topup,51411,e-wallet_ovo,Web_Portal,DEVe525aeaf,Malang,0
TXN0000647,CUST10107,2026-04-02 11:03:00,topup,35745,virtual_account,MyApp,DEV7b6c7129,Balikpapan,0
TXN0003056,CUST10507,2026-04-02 11:19:00,topup,25585,e-wallet_ovo,USSD,DEV45665e79,Malang,0
TXN0007265,CUST11174,2026-04-02 11:32:00,topup,9661,e-wallet_dana,Partner_Bank,DEVa250b2fc,Surabaya,0
TXN0001331,CUST10224,2026-04-02 11:42:00,topup,9904,credit_card,Partner_Bank,DEV43af6c46,Bandung,0
TXN0005343,CUST10861,2026-04-02 11:50:00,topup,17091,credit_card,Retail_Outlet,DEVd61c8113,Semarang,0
TXN0006993,CUST11127,2026-04-02 11:55:00,topup,29500,bank_transfer,Web_Portal,DEVa910c002,Makassar,0
TXN0005607,CUST10902,2026-04-02 12:18:00,topup,30942,credit_card,Partner_Bank,DEVc6acdcaf,Makassar,0
TXN0003880,CUST10635,2026-04-02 12:26:00,topup,32457,e-wallet_gopay,Web_Portal,DEV65e92e49,Bandung,0
TXN0007205,CUST11164,2026-04-02 12:28:00,topup,43493,retail_counter,USSD,DEV55a28f90,Palembang,0
TXN0002817,CUST10469,2026-04-02 12:28:00,topup,19640,credit_card,Web_Portal,DEVd2524487,Makassar,0
TXN0005463,CUST10880,2026-04-02 12:34:00,topup,5000,credit_card,Web_Portal,DEV9ef63a80,Pekanbaru,0
TXN0004366,CUST10708,2026-04-02 12:43:00,topup,25356,credit_card,Web_Portal,DEVa5310be0,Palembang,0
TXN0000384,CUST10063,2026-04-02 12:54:00,topup,22588,e-wallet_ovo,MyApp,DEV260e37cc,Jakarta,0
TXN0004304,CUST10697,2026-04-02 13:00:00,topup,5000,virtual_account,MyApp,DEV4679fe6e,Medan,0
TXN0005220,CUST10843,2026-04-02 13:15:00,topup,29915,e-wallet_ovo,Retail_Outlet,DEV7e984064,Yogyakarta,0
TXN0005022,CUST10814,2026-04-02 13:36:00,topup,5000,credit_card,Retail_Outlet,DEV722899a2,Balikpapan,0
TXN0000297,CUST10048,2026-04-02 13:44:00,topup,20250,bank_transfer,Retail_Outlet,DEV73b9c2ac,Balikpapan,0
TXN0005891,CUST10945,2026-04-02 13:53:00,topup,5300,retail_counter,MyApp,DEV2767ec01,Denpasar,0
TXN0001469,CUST10249,2026-04-02 14:09:00,topup,47042,bank_transfer,Web_Portal,DEV3c3c9c08,Semarang,0
TXN0001872,CUST10320,2026-04-02 14:18:00,topup,26833,credit_card,MyApp,DEV3fe604f4,Pekanbaru,0
TXN0004954,CUST10805,2026-04-02 14:28:00,topup,18370,e-wallet_gopay,MyApp,DEV4ad76a0d,Makassar,0
TXN0002543,CUST10424,2026-04-02 14:30:00,topup,57831,e-wallet_dana,USSD,DEVc2ffd690,Palembang,0
TXN0003068,CUST10509,2026-04-02 15:06:00,topup,49727,e-wallet_dana,Web_Portal,DEV7e8450d7,Surabaya,0
TXN0004800,CUST10779,2026-04-02 15:32:00,topup,20124,retail_counter,Retail_Outlet,DEVbf733026,Palembang,0
TXN0006384,CUST11024,2026-04-02 15:45:00,topup,30584,credit_card,Partner_Bank,DEV23625303,Palembang,0
TXN0006638,CUST11070,2026-04-02 16:15:00,topup,17126,e-wallet_dana,MyApp,DEVb51f34b7,Jakarta,0
TXN0000413,CUST10068,2026-04-02 16:34:00,topup,30034,bank_transfer,MyApp,DEV7e0f60b2,Semarang,0
TXN0004750,CUST10771,2026-04-02 16:58:00,topup,5000,credit_card,Partner_Bank,DEV14e1aabd,Surabaya,0
TXN0007136,CUST11155,2026-04-02 17:07:00,topup,5000,e-wallet_ovo,Partner_Bank,DEVdce202f5,Yogyakarta,0
TXN0007131,CUST11154,2026-04-02 17:44:00,topup,25508,e-wallet_ovo,Partner_Bank,DEVe66ccf4a,Balikpapan,0
TXN0000811,CUST10134,2026-04-02 17:49:00,topup,31135,retail_counter,USSD,DEV88a613b4,Denpasar,0
TXN0004608,CUST10748,2026-04-02 18:05:00,topup,27415,e-wallet_dana,Retail_Outlet,DEVd27e5846,Palembang,0
TXN0002681,CUST10446,2026-04-02 18:12:00,topup,30234,bank_transfer,USSD,DEVc8ecb641,Denpasar,0
TXN0005813,CUST10935,2026-04-02 18:28:00,topup,25396,e-wallet_dana,MyApp,DEV0f417135,Jakarta,0
TXN0000088,CUST10014,2026-04-02 19:05:00,topup,24794,e-wallet_dana,USSD,DEVbcaff931,Jakarta,0
TXN0005715,CUST10922,2026-04-02 19:26:00,topup,6170,credit_card,Partner_Bank,DEV6eb1de50,Palembang,0
TXN0006307,CUST11013,2026-04-02 19:39:00,topup,56064,bank_transfer,Retail_Outlet,DEV2fad3d7e,Yogyakarta,0
TXN0002241,CUST10377,2026-04-02 19:40:00,topup,15455,e-wallet_gopay,Partner_Bank,DEVe2495790,Semarang,0
TXN0006091,CUST10978,2026-04-02 20:04:00,topup,5000,virtual_account,MyApp,DEV6fad7460,Jakarta,0
TXN0001729,CUST10296,2026-04-02 20:41:00,topup,5000,bank_transfer,USSD,DEVbce05a63,Jakarta,0
TXN0005410,CUST10871,2026-04-02 20:44:00,topup,7000,virtual_account,MyApp,DEV5a8258cb,Surabaya,0
TXN0001193,CUST10197,2026-04-02 20:54:00,topup,11886,bank_transfer,USSD,DEVdf3334c6,Medan,0
TXN0002745,CUST10458,2026-04-02 20:58:00,topup,14479,e-wallet_gopay,USSD,DEV4dd7cb5c,Makassar,0
TXN0002531,CUST10422,2026-04-02 21:01:00,topup,41721,credit_card,MyApp,DEV3677f5b4,Denpasar,0
TXN0002310,CUST10388,2026-04-02 21:28:00,topup,5000,e-wallet_ovo,MyApp,DEVc85b811b,Bandung,0
TXN0004751,CUST10771,2026-04-02 21:37:00,topup,47074,e-wallet_gopay,MyApp,DEV1812362f,Surabaya,0
TXN0002845,CUST10474,2026-04-02 21:40:00,topup,35089,e-wallet_ovo,MyApp,DEV6b1205aa,Balikpapan,0
TXN0001611,CUST10278,2026-04-02 21:47:00,topup,15425,bank_transfer,Web_Portal,DEV24c58b47,Pekanbaru,0
TXN0000355,CUST10058,2026-04-02 21:51:00,topup,22363,bank_transfer,MyApp,DEVe3ea2d7f,Palembang,0
TXN0004669,CUST10759,2026-04-02 21:54:00,topup,26300,bank_transfer,MyApp,DEV7c45d65d,Malang,0
TXN0003495,CUST10574,2026-04-02 22:16:00,topup,16670,credit_card,Web_Portal,DEV5a2d6aee,Denpasar,0
TXN0001910,CUST10325,2026-04-02 22:19:00,topup,13912,e-wallet_dana,MyApp,DEV0d574085,Yogyakarta,0
TXN0006552,CUST11055,2026-04-02 22:42:00,topup,5000,e-wallet_gopay,Web_Portal,DEVee426792,Balikpapan,0
TXN0006364,CUST11021,2026-04-03 06:06:00,topup,5000,credit_card,Retail_Outlet,DEV9eead5de,Medan,0
TXN0007411,CUST11197,2026-04-03 06:17:00,topup,13378,bank_transfer,Partner_Bank,DEVefa107ee,Surabaya,0
TXN0004258,CUST10689,2026-04-03 06:22:00,topup,5000,retail_counter,Partner_Bank,DEV3964afe6,Medan,0
TXN0006916,CUST11117,2026-04-03 06:36:00,topup,19984,credit_card,Retail_Outlet,DEV62d0abcd,Yogyakarta,0
TXN0001018,CUST10168,2026-04-03 06:36:00,topup,24330,e-wallet_dana,Partner_Bank,DEV04b40ac9,Denpasar,0
TXN0000613,CUST10102,2026-04-03 07:03:00,topup,6170,e-wallet_dana,Web_Portal,DEV6a241f46,Medan,0
TXN0000804,CUST10133,2026-04-03 07:27:00,topup,57488,bank_transfer,Web_Portal,DEVdd3ee854,Bandung,0
TXN0001897,CUST10323,2026-04-03 07:37:00,topup,18733,virtual_account,USSD,DEV6e6a3d5b,Malang,0
TXN0007283,CUST11177,2026-04-03 07:38:00,topup,11995,retail_counter,Web_Portal,DEVfd9c70c3,Yogyakarta,0
TXN0006409,CUST11029,2026-04-03 07:41:00,topup,39740,bank_transfer,USSD,DEV62c57829,Malang,0
TXN0005931,CUST10951,2026-04-03 07:45:00,topup,24122,retail_counter,MyApp,DEV9ff5846e,Jakarta,0
TXN0003234,CUST10533,2026-04-03 07:57:00,topup,5000,virtual_account,Partner_Bank,DEV1fef4fb0,Makassar,0
TXN0002556,CUST10427,2026-04-03 08:01:00,topup,13760,e-wallet_dana,MyApp,DEVb9add00a,Surabaya,0
TXN0000171,CUST10028,2026-04-03 08:36:00,topup,17967,e-wallet_gopay,USSD,DEV907276ea,Surabaya,0
TXN0007053,CUST11140,2026-04-03 08:36:00,topup,30010,bank_transfer,Retail_Outlet,DEVc0c86a82,Surabaya,0
TXN0000376,CUST10062,2026-04-03 08:47:00,topup,34853,virtual_account,Web_Portal,DEV032a09e0,Yogyakarta,0
TXN0004977,CUST10807,2026-04-03 09:01:00,topup,22034,retail_counter,USSD,DEV42f76d43,Balikpapan,0
TXN0006696,CUST11079,2026-04-03 09:03:00,topup,42087,e-wallet_gopay,Retail_Outlet,DEV2e095630,Jakarta,0
TXN0005276,CUST10851,2026-04-03 09:08:00,topup,14850,e-wallet_gopay,MyApp,DEV613dec3a,Bandung,0
TXN0005219,CUST10843,2026-04-03 09:32:00,topup,40061,bank_transfer,Web_Portal,DEVd0713654,Yogyakarta,0
TXN0002117,CUST10358,2026-04-03 09:45:00,topup,45559,retail_counter,Partner_Bank,DEV15936f42,Makassar,0
TXN0001076,CUST10176,2026-04-03 09:48:00,topup,6131,retail_counter,Retail_Outlet,DEV632c817e,Malang,0
TXN0001713,CUST10293,2026-04-03 10:18:00,topup,22388,virtual_account,Retail_Outlet,DEV65125d2e,Yogyakarta,0
TXN0004362,CUST10708,2026-04-03 10:34:00,topup,17007,bank_transfer,Retail_Outlet,DEVfe034a0e,Palembang,0
TXN0002599,CUST10434,2026-04-03 10:38:00,topup,13502,bank_transfer,Web_Portal,DEV4eccb0ab,Yogyakarta,0
TXN0001234,CUST10203,2026-04-03 11:00:00,topup,29857,virtual_account,Retail_Outlet,DEV8e5fd65f,Makassar,0
TXN0001785,CUST10305,2026-04-03 11:02:00,topup,8645,retail_counter,MyApp,DEV87f3c9a4,Palembang,0
TXN0006427,CUST11032,2026-04-03 11:04:00,topup,25509,e-wallet_ovo,Web_Portal,DEVbd00ff19,Jakarta,0
TXN0003604,CUST10592,2026-04-03 11:10:00,topup,58671,bank_transfer,USSD,DEVadc90caa,Malang,0
TXN0001492,CUST10254,2026-04-03 11:34:00,topup,24489,e-wallet_ovo,Web_Portal,DEV7936931e,Balikpapan,0
TXN0004773,CUST10774,2026-04-03 11:58:00,topup,11330,e-wallet_ovo,Retail_Outlet,DEV3172e9f8,Medan,0
TXN0004312,CUST10699,2026-04-03 12:16:00,topup,47741,e-wallet_gopay,Partner_Bank,DEV20e8dae1,Jakarta,0
TXN0002017,CUST10339,2026-04-03 12:33:00,topup,30112,virtual_account,Partner_Bank,DEVd0e34b2b,Pekanbaru,0
TXN0003912,CUST10638,2026-04-03 13:01:00,topup,5000,e-wallet_dana,Retail_Outlet,DEVa1ad9f14,Yogyakarta,0
TXN0005595,CUST10900,2026-04-03 13:06:00,topup,5000,credit_card,Web_Portal,DEVb3322d31,Denpasar,0
TXN0003754,CUST10616,2026-04-03 13:10:00,topup,6530,bank_transfer,Web_Portal,DEV5e4908c8,Palembang,0
TXN0004424,CUST10717,2026-04-03 13:10:00,topup,5000,e-wallet_gopay,Partner_Bank,DEV23f5aea6,Makassar,0
TXN0001190,CUST10197,2026-04-03 13:12:00,topup,18049,e-wallet_dana,Web_Portal,DEV6338fb29,Medan,0
TXN0004246,CUST10688,2026-04-03 13:17:00,topup,13865,virtual_account,Retail_Outlet,DEVafd50018,Yogyakarta,0
TXN0006869,CUST11109,2026-04-03 13:20:00,topup,5000,credit_card,Retail_Outlet,DEV779bfee4,Balikpapan,0
TXN0001857,CUST10318,2026-04-03 13:39:00,topup,24556,e-wallet_gopay,MyApp,DEVa4f954fc,Denpasar,0
TXN0007273,CUST11176,2026-04-03 13:40:00,topup,37691,e-wallet_ovo,Partner_Bank,DEV80dac46f,Makassar,0
TXN0001410,CUST10241,2026-04-03 13:53:00,topup,5000,credit_card,Retail_Outlet,DEVf7716700,Semarang,0
TXN0005107,CUST10828,2026-04-03 13:53:00,topup,25094,e-wallet_ovo,MyApp,DEV9b465e04,Palembang,0
TXN0000266,CUST10045,2026-04-03 13:56:00,topup,26817,bank_transfer,USSD,DEV7f53d344,Malang,0
TXN0001101,CUST10179,2026-04-03 14:10:00,topup,18101,bank_transfer,USSD,DEV2504fd28,Makassar,0
TXN0003120,CUST10516,2026-04-03 14:20:00,topup,18478,virtual_account,MyApp,DEV6c99ce56,Palembang,0
TXN0003847,CUST10629,2026-04-03 14:24:00,topup,13000,e-wallet_ovo,Web_Portal,DEV281f45ff,Bandung,0
TXN0006572,CUST11058,2026-04-03 14:44:00,topup,25619,virtual_account,Partner_Bank,DEVdc29aca7,Malang,0
TXN0003256,CUST10538,2026-04-03 14:55:00,topup,21658,e-wallet_gopay,Partner_Bank,DEVcb33478a,Pekanbaru,0
TXN0001175,CUST10193,2026-04-03 15:14:00,topup,5000,credit_card,Web_Portal,DEVdb9a0eb7,Palembang,0
TXN0002661,CUST10443,2026-04-03 15:26:00,topup,15020,credit_card,USSD,DEVdedbcef9,Denpasar,0
TXN0006343,CUST11018,2026-04-03 15:29:00,topup,31043,e-wallet_dana,Partner_Bank,DEV530a542a,Bandung,0
TXN0005214,CUST10842,2026-04-03 15:35:00,topup,5000,bank_transfer,Web_Portal,DEV5f0bb32f,Pekanbaru,0
TXN0006165,CUST10990,2026-04-03 15:51:00,topup,30069,e-wallet_gopay,Web_Portal,DEV312997af,Yogyakarta,0
TXN0002782,CUST10465,2026-04-03 16:05:00,topup,42929,retail_counter,MyApp,DEV89fab5cc,Surabaya,0
TXN0003538,CUST10582,2026-04-03 16:05:00,topup,45190,credit_card,MyApp,DEV8429e12c,Malang,0
TXN0006163,CUST10990,2026-04-03 16:30:00,topup,16539,e-wallet_ovo,Web_Portal,DEV924e48b4,Yogyakarta,0
TXN0006269,CUST11007,2026-04-03 16:32:00,topup,5000,retail_counter,Partner_Bank,DEV915fbbf9,Surabaya,0
TXN0006514,CUST11047,2026-04-03 16:39:00,topup,5000,e-wallet_dana,MyApp,DEV0e832587,Makassar,0
TXN0002756,CUST10460,2026-04-03 17:09:00,topup,16131,e-wallet_ovo,Retail_Outlet,DEVf1efa963,Pekanbaru,0
TXN0003625,CUST10596,2026-04-03 17:12:00,topup,25932,credit_card,Web_Portal,DEVd4018a45,Yogyakarta,0
TXN0004936,CUST10802,2026-04-03 17:17:00,topup,22509,retail_counter,Retail_Outlet,DEVa0f155fb,Semarang,0
TXN0003362,CUST10555,2026-04-03 17:31:00,topup,5000,credit_card,Partner_Bank,DEV9364ecb5,Yogyakarta,0
TXN0003182,CUST10525,2026-04-03 17:45:00,topup,5000,e-wallet_ovo,Retail_Outlet,DEVdfc8e060,Surabaya,0
TXN0004823,CUST10783,2026-04-03 18:19:00,topup,7349,e-wallet_gopay,USSD,DEVae2e69e2,Balikpapan,0
TXN0001917,CUST10326,2026-04-03 18:30:00,topup,41679,credit_card,MyApp,DEV21da5db1,Palembang,0
TXN0005037,CUST10817,2026-04-03 18:36:00,topup,5000,virtual_account,Retail_Outlet,DEV27165ab6,Balikpapan,0
TXN0007107,CUST11150,2026-04-03 18:39:00,topup,5000,e-wallet_dana,MyApp,DEV72f0b90d,Medan,0
TXN0006559,CUST11055,2026-04-03 18:55:00,topup,12776,retail_counter,Partner_Bank,DEV8a25cd95,Balikpapan,0
TXN0000379,CUST10062,2026-04-03 18:59:00,topup,24410,retail_counter,Partner_Bank,DEVf4acc7e2,Yogyakarta,0
TXN0005812,CUST10934,2026-04-03 19:08:00,topup,43990,virtual_account,Web_Portal,DEV0fb83639,Denpasar,0
TXN0002182,CUST10367,2026-04-03 19:30:00,topup,10304,virtual_account,Retail_Outlet,DEV47020de0,Balikpapan,0
TXN0007296,CUST11178,2026-04-03 19:54:00,topup,5000,credit_card,USSD,DEV0394fc90,Surabaya,0
TXN0002275,CUST10383,2026-04-03 19:59:00,topup,44387,e-wallet_ovo,USSD,DEV9691f45d,Surabaya,0
TXN0003368,CUST10556,2026-04-03 20:06:00,topup,48736,e-wallet_dana,Web_Portal,DEV6a429bd5,Medan,0
TXN0002255,CUST10380,2026-04-03 20:12:00,topup,31898,virtual_account,Retail_Outlet,DEV71f71add,Medan,0
TXN0003668,CUST10602,2026-04-03 20:33:00,topup,5000,e-wallet_ovo,MyApp,DEV704532d5,Jakarta,0
TXN0001437,CUST10245,2026-04-03 20:47:00,topup,29234,e-wallet_gopay,Retail_Outlet,DEV3e5f7e23,Bandung,0
TXN0007300,CUST11179,2026-04-03 21:13:00,topup,30029,credit_card,MyApp,DEVf43c67ba,Palembang,0
TXN0003621,CUST10595,2026-04-03 21:14:00,topup,7541,e-wallet_dana,Retail_Outlet,DEV846a4a71,Bandung,0
TXN0005745,CUST10926,2026-04-03 21:19:00,topup,5000,credit_card,MyApp,DEVbd16c038,Denpasar,0
TXN0000372,CUST10061,2026-04-03 21:28:00,topup,30153,bank_transfer,Partner_Bank,DEVba2eeeb3,Surabaya,0
TXN0005989,CUST10962,2026-04-03 22:06:00,topup,20989,retail_counter,USSD,DEVac49b6e2,Bandung,0
TXN0001862,CUST10319,2026-04-03 22:09:00,topup,5000,bank_transfer,Web_Portal,DEVeb25d7e7,Malang,0
TXN0001921,CUST10327,2026-04-03 22:28:00,topup,5247,retail_counter,Partner_Bank,DEV16f32b93,Semarang,0
TXN0003184,CUST10525,2026-04-03 22:41:00,topup,21065,retail_counter,MyApp,DEV88fd5890,Surabaya,0
TXN0001818,CUST10312,2026-04-04 06:36:00,topup,25992,retail_counter,USSD,DEVe581620f,Medan,0
TXN0000604,CUST10100,2026-04-04 06:36:00,topup,25032,bank_transfer,USSD,DEVf9012b9c,Balikpapan,0
TXN0003699,CUST10608,2026-04-04 06:37:00,topup,12510,e-wallet_gopay,Retail_Outlet,DEV0803ad31,Balikpapan,0
TXN0005587,CUST10898,2026-04-04 06:40:00,topup,31770,e-wallet_ovo,USSD,DEV151248e1,Pekanbaru,0
TXN0007037,CUST11136,2026-04-04 07:19:00,topup,35648,e-wallet_dana,MyApp,DEV0d86ff36,Medan,0
TXN0005556,CUST10893,2026-04-04 07:28:00,topup,67924,retail_counter,USSD,DEVa1ab975e,Medan,0
TXN0000231,CUST10039,2026-04-04 07:48:00,topup,14089,e-wallet_gopay,MyApp,DEVec4e8cbb,Denpasar,0
TXN0003766,CUST10618,2026-04-04 07:58:00,topup,5000,bank_transfer,Web_Portal,DEVbbe43aa7,Malang,0
TXN0004002,CUST10653,2026-04-04 08:21:00,topup,31704,credit_card,MyApp,DEV79b8023d,Denpasar,0
TXN0002129,CUST10360,2026-04-04 08:23:00,topup,29241,e-wallet_ovo,MyApp,DEV1fb235c4,Makassar,0
TXN0000643,CUST10106,2026-04-04 08:34:00,topup,5000,bank_transfer,Retail_Outlet,DEVf00f63ef,Malang,0
TXN0002478,CUST10413,2026-04-04 09:25:00,topup,7326,virtual_account,USSD,DEV2df8d4a8,Yogyakarta,0
TXN0001031,CUST10169,2026-04-04 09:31:00,topup,40136,retail_counter,Retail_Outlet,DEV4ff85111,Jakarta,0
TXN0000198,CUST10032,2026-04-04 09:40:00,topup,14195,retail_counter,MyApp,DEV910c4cb7,Yogyakarta,0
TXN0007019,CUST11132,2026-04-04 09:46:00,topup,33796,e-wallet_dana,Partner_Bank,DEV2344f207,Malang,0
TXN0000885,CUST10145,2026-04-04 09:56:00,topup,38341,e-wallet_ovo,MyApp,DEV994316bb,Denpasar,0
TXN0003824,CUST10626,2026-04-04 10:12:00,topup,9495,bank_transfer,Retail_Outlet,DEV507a61a9,Semarang,0
TXN0000576,CUST10095,2026-04-04 10:30:00,topup,25820,e-wallet_gopay,Web_Portal,DEVc4ea4ece,Denpasar,0
TXN0007167,CUST11159,2026-04-04 10:31:00,topup,23201,e-wallet_gopay,Retail_Outlet,DEV6855a90d,Semarang,0
TXN0005749,CUST10926,2026-04-04 10:33:00,topup,16289,e-wallet_dana,Partner_Bank,DEV997bd7bb,Denpasar,0
TXN0004060,CUST10660,2026-04-04 11:00:00,topup,14756,e-wallet_dana,MyApp,DEV1e228ade,Bandung,0
TXN0002370,CUST10396,2026-04-04 11:13:00,topup,5000,e-wallet_ovo,Retail_Outlet,DEV2bde3c78,Bandung,0
TXN0001460,CUST10248,2026-04-04 11:34:00,topup,5000,retail_counter,Web_Portal,DEVe9570a2a,Bandung,0
TXN0006842,CUST11104,2026-04-04 11:36:00,topup,5000,credit_card,USSD,DEV96bc3f42,Palembang,0
TXN0004493,CUST10727,2026-04-04 11:37:00,topup,5000,e-wallet_dana,Web_Portal,DEV10b7de33,Pekanbaru,0
TXN0007356,CUST11188,2026-04-04 12:05:00,topup,46052,credit_card,Partner_Bank,DEVce908ee8,Makassar,0
TXN0000607,CUST10101,2026-04-04 12:07:00,topup,33191,retail_counter,MyApp,DEVe31db345,Yogyakarta,0
TXN0005340,CUST10860,2026-04-04 12:10:00,topup,5000,e-wallet_ovo,MyApp,DEV520b7950,Pekanbaru,0
TXN0004768,CUST10773,2026-04-04 12:11:00,topup,18788,credit_card,MyApp,DEVe36345fc,Palembang,0
TXN0003075,CUST10510,2026-04-04 12:20:00,topup,19113,bank_transfer,Retail_Outlet,DEV1567f88e,Pekanbaru,0
TXN0000634,CUST10105,2026-04-04 12:29:00,topup,28057,e-wallet_gopay,Partner_Bank,DEV21d8b96a,Bandung,0
TXN0002063,CUST10348,2026-04-04 12:37:00,topup,29370,bank_transfer,Web_Portal,DEVdc05ae03,Balikpapan,0
TXN0006036,CUST10971,2026-04-04 12:43:00,topup,5000,retail_counter,Retail_Outlet,DEV681a035f,Balikpapan,0
TXN0006127,CUST10983,2026-04-04 12:45:00,topup,18578,e-wallet_dana,Retail_Outlet,DEV4f418193,Yogyakarta,0
TXN0004255,CUST10689,2026-04-04 12:48:00,topup,5000,virtual_account,Partner_Bank,DEV192bb3bc,Medan,0
TXN0003112,CUST10515,2026-04-04 12:51:00,topup,28246,retail_counter,Retail_Outlet,DEVf37985df,Denpasar,0
TXN0006049,CUST10971,2026-04-04 12:57:00,topup,12441,e-wallet_ovo,Partner_Bank,DEV035bd879,Balikpapan,0
TXN0004276,CUST10692,2026-04-04 12:58:00,topup,5337,e-wallet_dana,Partner_Bank,DEVcdbe6de6,Jakarta,0
TXN0002457,CUST10410,2026-04-04 13:01:00,topup,32603,bank_transfer,USSD,DEV02d3fb7e,Jakarta,0
TXN0002642,CUST10440,2026-04-04 13:29:00,topup,37906,virtual_account,Retail_Outlet,DEVe9b87e7a,Pekanbaru,0
TXN0002328,CUST10390,2026-04-04 13:52:00,topup,35539,virtual_account,Web_Portal,DEV9ef01577,Jakarta,0
TXN0003730,CUST10613,2026-04-04 14:29:00,topup,36370,virtual_account,MyApp,DEV8d2bb00b,Makassar,0
TXN0004667,CUST10759,2026-04-04 15:11:00,topup,48010,bank_transfer,Web_Portal,DEVa3b4a240,Malang,0
TXN0006214,CUST10998,2026-04-04 15:13:00,topup,25113,retail_counter,Partner_Bank,DEV001e7006,Makassar,0
TXN0003893,CUST10636,2026-04-04 15:18:00,topup,45799,virtual_account,Retail_Outlet,DEVe028c315,Bandung,0
TXN0004721,CUST10767,2026-04-04 16:06:00,topup,13499,e-wallet_gopay,USSD,DEVf46976af,Yogyakarta,0
TXN0005742,CUST10925,2026-04-04 16:20:00,topup,14417,bank_transfer,Web_Portal,DEV47d9dd10,Pekanbaru,0
TXN0004465,CUST10723,2026-04-04 16:24:00,topup,5000,bank_transfer,Retail_Outlet,DEV4ef8a787,Surabaya,0
TXN0002849,CUST10475,2026-04-04 16:31:00,topup,53267,virtual_account,MyApp,DEVb7ed70cf,Semarang,0
TXN0006448,CUST11036,2026-04-04 16:34:00,topup,24353,e-wallet_gopay,MyApp,DEV7161c888,Palembang,0
TXN0002296,CUST10386,2026-04-04 16:47:00,topup,14590,e-wallet_gopay,Partner_Bank,DEV326684ff,Malang,0
TXN0000104,CUST10016,2026-04-04 16:54:00,topup,16181,bank_transfer,Web_Portal,DEV573bfc17,Malang,0
TXN0005321,CUST10859,2026-04-04 17:11:00,topup,36766,e-wallet_gopay,Partner_Bank,DEVbf23f095,Denpasar,0
TXN0001045,CUST10171,2026-04-04 17:20:00,topup,5000,credit_card,Partner_Bank,DEV4da838b7,Bandung,0
TXN0002150,CUST10362,2026-04-04 17:27:00,topup,34633,bank_transfer,USSD,DEVff1b654d,Makassar,0
TXN0000438,CUST10072,2026-04-04 17:48:00,topup,27948,bank_transfer,Web_Portal,DEVd7d3b9d9,Balikpapan,0
TXN0006935,CUST11120,2026-04-04 17:54:00,topup,20291,credit_card,Web_Portal,DEV07b38e70,Makassar,0
TXN0005610,CUST10902,2026-04-04 17:55:00,topup,9742,retail_counter,USSD,DEV56b243cd,Makassar,0
TXN0006736,CUST11085,2026-04-04 18:06:00,topup,17183,e-wallet_ovo,MyApp,DEV3a5b10ff,Bandung,0
TXN0007128,CUST11154,2026-04-04 18:10:00,topup,20042,retail_counter,USSD,DEVff8abfc0,Balikpapan,0
TXN0002592,CUST10432,2026-04-04 18:11:00,topup,61328,virtual_account,Web_Portal,DEV7b189d5d,Surabaya,0
TXN0004741,CUST10770,2026-04-04 18:55:00,topup,28928,retail_counter,Web_Portal,DEV181af69a,Makassar,0
TXN0004126,CUST10670,2026-04-04 19:21:00,topup,43862,retail_counter,Retail_Outlet,DEV8e2b4d2c,Pekanbaru,0
TXN0005937,CUST10952,2026-04-04 19:24:00,topup,22172,e-wallet_gopay,Partner_Bank,DEVc67a56e3,Denpasar,0
TXN0000345,CUST10056,2026-04-04 20:11:00,topup,9673,credit_card,USSD,DEV92fbacf6,Bandung,0
TXN0005630,CUST10907,2026-04-04 20:20:00,topup,51732,virtual_account,Retail_Outlet,DEV0c858251,Bandung,0
TXN0001586,CUST10274,2026-04-04 20:20:00,topup,22510,bank_transfer,Partner_Bank,DEVec1b55dd,Denpasar,0
TXN0005636,CUST10908,2026-04-04 20:25:00,topup,18312,e-wallet_dana,Retail_Outlet,DEVb517272d,Palembang,0
TXN0004775,CUST10775,2026-04-04 20:38:00,topup,39921,credit_card,Partner_Bank,DEV74650ff9,Surabaya,0
TXN0003984,CUST10649,2026-04-04 20:47:00,topup,39138,bank_transfer,MyApp,DEV584f218a,Surabaya,0
TXN0002342,CUST10392,2026-04-04 20:58:00,topup,5000,e-wallet_ovo,Retail_Outlet,DEV30799b56,Makassar,0
TXN0004262,CUST10690,2026-04-04 21:06:00,topup,12781,credit_card,Retail_Outlet,DEV2a9d0c6a,Balikpapan,0
TXN0003524,CUST10580,2026-04-04 21:35:00,topup,5000,virtual_account,Web_Portal,DEVc960b851,Semarang,0
TXN0005390,CUST10868,2026-04-04 21:51:00,topup,34278,e-wallet_gopay,Web_Portal,DEV11092f7a,Palembang,0
TXN0006465,CUST11038,2026-04-04 21:55:00,topup,32612,credit_card,Partner_Bank,DEVb98b9459,Malang,0
TXN0006116,CUST10982,2026-04-04 22:26:00,topup,46961,credit_card,Retail_Outlet,DEV929d778e,Yogyakarta,0
TXN0003452,CUST10569,2026-04-04 22:29:00,topup,17237,e-wallet_dana,Retail_Outlet,DEV794ceef2,Pekanbaru,0
TXN0006788,CUST11094,2026-04-04 22:34:00,topup,18944,credit_card,MyApp,DEVc7f2a172,Surabaya,0
TXN0004802,CUST10779,2026-04-04 22:36:00,topup,38004,e-wallet_ovo,Retail_Outlet,DEV0c46d8be,Palembang,0
TXN0001115,CUST10182,2026-04-04 22:43:00,topup,13780,credit_card,Partner_Bank,DEV3527bcee,Makassar,0
TXN0001550,CUST10266,2026-04-04 22:47:00,topup,20063,e-wallet_ovo,Web_Portal,DEVaeb1fcd3,Semarang,0
TXN0004190,CUST10681,2026-04-05 06:07:00,topup,9497,e-wallet_dana,USSD,DEV539b4d73,Jakarta,0
TXN0001680,CUST10288,2026-04-05 06:10:00,topup,60389,credit_card,Retail_Outlet,DEV3334cd07,Malang,0
TXN0000800,CUST10133,2026-04-05 06:12:00,topup,35785,credit_card,MyApp,DEVbcd2e8eb,Bandung,0
TXN0001657,CUST10284,2026-04-05 06:13:00,topup,21159,e-wallet_dana,Web_Portal,DEVf3d6b9f2,Denpasar,0
TXN0006886,CUST11112,2026-04-05 06:18:00,topup,45931,credit_card,Web_Portal,DEV8afb9ff3,Palembang,0
TXN0004565,CUST10740,2026-04-05 06:33:00,topup,34518,e-wallet_dana,Partner_Bank,DEVb67333e0,Denpasar,0
TXN0003996,CUST10651,2026-04-05 06:33:00,topup,18035,e-wallet_ovo,USSD,DEV9ad28c4a,Medan,0
TXN0000440,CUST10072,2026-04-05 06:43:00,topup,27830,e-wallet_gopay,USSD,DEV8db78572,Balikpapan,0
TXN0006689,CUST11078,2026-04-05 06:55:00,topup,30837,credit_card,Web_Portal,DEVbcc93b94,Pekanbaru,0
TXN0007248,CUST11171,2026-04-05 07:06:00,topup,29829,bank_transfer,Partner_Bank,DEVddc16c3a,Denpasar,0
TXN0000536,CUST10089,2026-04-05 07:16:00,topup,35379,virtual_account,Partner_Bank,DEV4c4d6e40,Medan,0
TXN0005433,CUST10876,2026-04-05 07:24:00,topup,5000,virtual_account,Web_Portal,DEV634d7549,Jakarta,0
TXN0000913,CUST10149,2026-04-05 07:26:00,topup,49495,bank_transfer,Partner_Bank,DEV9def57b4,Yogyakarta,0
TXN0002788,CUST10466,2026-04-05 07:33:00,topup,13101,virtual_account,Partner_Bank,DEV0a054950,Pekanbaru,0
TXN0005733,CUST10924,2026-04-05 07:41:00,topup,5000,e-wallet_gopay,Retail_Outlet,DEV8db7c020,Palembang,0
TXN0007241,CUST11170,2026-04-05 07:46:00,topup,15812,e-wallet_gopay,USSD,DEV7a8f5fad,Jakarta,0
TXN0002486,CUST10414,2026-04-05 08:16:00,topup,25811,retail_counter,MyApp,DEVe6f8dac3,Makassar,0
TXN0005550,CUST10892,2026-04-05 08:45:00,topup,19568,credit_card,Retail_Outlet,DEV1d3ea32c,Yogyakarta,0
TXN0004314,CUST10699,2026-04-05 09:04:00,topup,30908,e-wallet_ovo,Web_Portal,DEV3a58d606,Jakarta,0
TXN0005468,CUST10880,2026-04-05 09:25:00,topup,13375,e-wallet_dana,Web_Portal,DEV046606f6,Pekanbaru,0
TXN0000203,CUST10033,2026-04-05 09:46:00,topup,28339,credit_card,USSD,DEV439e754c,Palembang,0
TXN0002780,CUST10465,2026-04-05 10:01:00,topup,5000,retail_counter,Web_Portal,DEVc891c9c6,Surabaya,0
TXN0001333,CUST10225,2026-04-05 11:25:00,topup,31868,e-wallet_ovo,Web_Portal,DEV79ea5621,Surabaya,0
TXN0002924,CUST10487,2026-04-05 11:42:00,topup,26725,retail_counter,Web_Portal,DEV6ddd5c02,Jakarta,0
TXN0003050,CUST10506,2026-04-05 11:44:00,topup,28500,e-wallet_gopay,Web_Portal,DEV15b5bc25,Denpasar,0
TXN0006636,CUST11069,2026-04-05 12:04:00,topup,40374,bank_transfer,MyApp,DEV8d522457,Denpasar,0
TXN0002607,CUST10435,2026-04-05 12:07:00,topup,33579,virtual_account,USSD,DEV0ec5bad7,Semarang,0
TXN0001484,CUST10252,2026-04-05 12:19:00,topup,5000,e-wallet_ovo,Partner_Bank,DEV772d416d,Balikpapan,0
TXN0005048,CUST10819,2026-04-05 12:19:00,topup,33629,bank_transfer,Retail_Outlet,DEVd46c5776,Yogyakarta,0
TXN0004403,CUST10713,2026-04-05 12:47:00,topup,44646,bank_transfer,MyApp,DEVbd303739,Medan,0
TXN0000584,CUST10096,2026-04-05 13:03:00,topup,21426,e-wallet_gopay,MyApp,DEV02b622e9,Palembang,0
TXN0004421,CUST10717,2026-04-05 13:38:00,topup,5000,bank_transfer,Partner_Bank,DEV53ed75f6,Makassar,0
TXN0000421,CUST10069,2026-04-05 13:42:00,topup,15544,virtual_account,Partner_Bank,DEV1f8b4af1,Bandung,0
TXN0003975,CUST10648,2026-04-05 13:45:00,topup,49339,e-wallet_dana,Retail_Outlet,DEV2a0b83f4,Semarang,0
TXN0005982,CUST10961,2026-04-05 13:48:00,topup,40029,virtual_account,USSD,DEV42f8bae4,Surabaya,0
TXN0005799,CUST10933,2026-04-05 13:59:00,topup,20350,bank_transfer,Web_Portal,DEV1c5bb4ce,Bandung,0
TXN0003312,CUST10546,2026-04-05 14:00:00,topup,18303,virtual_account,USSD,DEV85915036,Yogyakarta,0
TXN0005186,CUST10838,2026-04-05 14:23:00,topup,10912,e-wallet_gopay,Partner_Bank,DEVe32a2749,Jakarta,0
TXN0003171,CUST10523,2026-04-05 14:29:00,topup,7310,e-wallet_gopay,Partner_Bank,DEVae3acdf2,Yogyakarta,0
TXN0000622,CUST10102,2026-04-05 15:41:00,topup,22964,virtual_account,Partner_Bank,DEV67cbfc39,Medan,0
TXN0006874,CUST11110,2026-04-05 16:16:00,topup,19405,e-wallet_gopay,Retail_Outlet,DEV898a52e0,Medan,0
TXN0003071,CUST10509,2026-04-05 16:19:00,topup,27383,virtual_account,USSD,DEVf1abf7a0,Surabaya,0
TXN0006018,CUST10967,2026-04-05 17:03:00,topup,20575,credit_card,Web_Portal,DEV9c2f3381,Bandung,0
TXN0001756,CUST10301,2026-04-05 17:11:00,topup,29960,e-wallet_gopay,Web_Portal,DEV20d1968f,Palembang,0
TXN0004500,CUST10728,2026-04-05 17:21:00,topup,24299,e-wallet_gopay,Partner_Bank,DEV2d675be3,Palembang,0
TXN0002027,CUST10341,2026-04-05 17:25:00,topup,5000,retail_counter,USSD,DEV73137fa5,Palembang,0
TXN0006868,CUST11109,2026-04-05 17:30:00,topup,34032,retail_counter,Partner_Bank,DEVa71f4b37,Balikpapan,0
TXN0003378,CUST10558,2026-04-05 18:29:00,topup,16173,retail_counter,Retail_Outlet,DEVdc83f96f,Malang,0
TXN0000761,CUST10127,2026-04-05 18:38:00,topup,20694,virtual_account,USSD,DEVa1726883,Makassar,0
TXN0001770,CUST10304,2026-04-05 18:48:00,topup,5000,e-wallet_dana,Retail_Outlet,DEV51071545,Surabaya,0
TXN0000049,CUST10006,2026-04-05 18:54:00,topup,5000,e-wallet_dana,USSD,DEVf3bc9a71,Makassar,0
TXN0003517,CUST10577,2026-04-05 18:55:00,topup,46409,e-wallet_dana,Retail_Outlet,DEVb1b2b9c6,Pekanbaru,0
TXN0007396,CUST11194,2026-04-05 20:04:00,topup,26436,e-wallet_dana,Retail_Outlet,DEV7f808dbc,Denpasar,0
TXN0000557,CUST10092,2026-04-05 20:08:00,topup,7895,credit_card,Retail_Outlet,DEV11defebf,Denpasar,0
TXN0000899,CUST10147,2026-04-05 20:18:00,topup,20012,e-wallet_gopay,Web_Portal,DEV0b34fc84,Semarang,0
TXN0004387,CUST10712,2026-04-05 20:48:00,topup,25749,virtual_account,Retail_Outlet,DEV9860f848,Pekanbaru,0
TXN0003500,CUST10575,2026-04-05 20:56:00,topup,5000,bank_transfer,Web_Portal,DEVb69415c7,Surabaya,0
TXN0001552,CUST10266,2026-04-05 21:18:00,topup,10615,retail_counter,Partner_Bank,DEVbcda835f,Semarang,0
TXN0002510,CUST10418,2026-04-05 21:19:00,topup,17257,retail_counter,MyApp,DEV712ab8eb,Surabaya,0
TXN0004183,CUST10680,2026-04-05 21:26:00,topup,7379,e-wallet_gopay,Partner_Bank,DEV88f4ca54,Pekanbaru,0
TXN0003442,CUST10568,2026-04-05 21:41:00,topup,42844,e-wallet_gopay,USSD,DEVe8646e0c,Semarang,0
TXN0002180,CUST10367,2026-04-05 21:50:00,topup,26021,credit_card,Retail_Outlet,DEV56c890a5,Balikpapan,0
TXN0003877,CUST10634,2026-04-05 22:07:00,topup,5000,retail_counter,Retail_Outlet,DEV3f555c7d,Balikpapan,0
TXN0007217,CUST11166,2026-04-05 22:19:00,topup,16798,virtual_account,MyApp,DEV5a8d9931,Palembang,0
TXN0001594,CUST10275,2026-04-05 22:22:00,topup,19516,retail_counter,MyApp,DEVc4605896,Palembang,0
TXN0003740,CUST10614,2026-04-05 22:23:00,topup,5000,bank_transfer,MyApp,DEVfdf1d205,Jakarta,0
TXN0003091,CUST10512,2026-04-05 22:27:00,topup,12129,virtual_account,Retail_Outlet,DEV6cb9b655,Palembang,0
TXN0004842,CUST10787,2026-04-05 22:36:00,topup,17225,retail_counter,Partner_Bank,DEVe2b6a842,Pekanbaru,0
TXN0003863,CUST10632,2026-04-05 22:44:00,topup,17255,e-wallet_ovo,Partner_Bank,DEV36d5187b,Malang,0
TXN0005315,CUST10858,2026-04-06 06:08:00,topup,5000,bank_transfer,MyApp,DEV324ef0f7,Pekanbaru,0
TXN0005170,CUST10836,2026-04-06 06:18:00,topup,49026,virtual_account,Web_Portal,DEV9a106a52,Pekanbaru,0
TXN0005391,CUST10869,2026-04-06 06:31:00,topup,22904,e-wallet_dana,Web_Portal,DEV413b48c4,Semarang,0
TXN0000791,CUST10131,2026-04-06 06:32:00,topup,20737,virtual_account,Partner_Bank,DEV406bf02d,Makassar,0
TXN0000043,CUST10005,2026-04-06 06:52:00,topup,22111,e-wallet_ovo,USSD,DEVb46788bd,Yogyakarta,0
TXN0000244,CUST10041,2026-04-06 07:00:00,topup,19947,credit_card,Retail_Outlet,DEV795e6f2b,Balikpapan,0
TXN0001576,CUST10271,2026-04-06 07:01:00,topup,27100,retail_counter,Partner_Bank,DEV889cd33d,Pekanbaru,0
TXN0000485,CUST10080,2026-04-06 07:09:00,topup,37602,virtual_account,Retail_Outlet,DEV4d187b75,Pekanbaru,0
TXN0000011,CUST10001,2026-04-06 07:19:00,topup,28379,e-wallet_gopay,USSD,DEVf8cbab4c,Yogyakarta,0
TXN0004906,CUST10797,2026-04-06 07:23:00,topup,41231,e-wallet_ovo,USSD,DEVe798d9bf,Surabaya,0
TXN0005519,CUST10889,2026-04-06 07:42:00,topup,27798,bank_transfer,USSD,DEVd8e06ea2,Semarang,0
TXN0001443,CUST10245,2026-04-06 07:44:00,topup,66230,retail_counter,Retail_Outlet,DEV97feb937,Bandung,0
TXN0004511,CUST10730,2026-04-06 07:52:00,topup,14990,e-wallet_ovo,Web_Portal,DEV343e623f,Bandung,0
TXN0005545,CUST10891,2026-04-06 08:14:00,topup,39552,virtual_account,Web_Portal,DEV35eaede0,Malang,0
TXN0002893,CUST10482,2026-04-06 08:37:00,topup,21467,e-wallet_ovo,Retail_Outlet,DEV01c4e229,Pekanbaru,0
TXN0004534,CUST10734,2026-04-06 08:44:00,topup,14957,retail_counter,Web_Portal,DEVb79ee140,Medan,0
TXN0000788,CUST10131,2026-04-06 09:00:00,topup,60840,e-wallet_ovo,USSD,DEV855c0a97,Makassar,0
TXN0006271,CUST11007,2026-04-06 09:17:00,topup,16402,e-wallet_gopay,USSD,DEV8eba0d06,Surabaya,0
TXN0001958,CUST10331,2026-04-06 09:30:00,topup,45205,e-wallet_gopay,Partner_Bank,DEV0b398e89,Pekanbaru,0
TXN0003559,CUST10586,2026-04-06 09:36:00,topup,9480,bank_transfer,Web_Portal,DEV4a1954ec,Yogyakarta,0
TXN0002076,CUST10350,2026-04-06 09:38:00,topup,10781,credit_card,Partner_Bank,DEVdbbf46ed,Yogyakarta,0
TXN0001699,CUST10291,2026-04-06 10:06:00,topup,5000,e-wallet_dana,MyApp,DEV850cddfd,Yogyakarta,0
TXN0004581,CUST10743,2026-04-06 10:06:00,topup,5000,e-wallet_gopay,Web_Portal,DEVee3f0127,Medan,0
TXN0000868,CUST10143,2026-04-06 10:22:00,topup,9468,virtual_account,Partner_Bank,DEV27ad8d51,Palembang,0
TXN0001853,CUST10317,2026-04-06 10:26:00,topup,5000,bank_transfer,MyApp,DEVefb2d33c,Yogyakarta,0
TXN0001199,CUST10198,2026-04-06 10:34:00,topup,15446,e-wallet_dana,Web_Portal,DEV88433a38,Malang,0
TXN0002101,CUST10356,2026-04-06 10:46:00,topup,9406,retail_counter,MyApp,DEV64ad1905,Yogyakarta,0
TXN0003123,CUST10517,2026-04-06 10:52:00,topup,18764,credit_card,Retail_Outlet,DEV3d51d528,Surabaya,0
TXN0004561,CUST10739,2026-04-06 11:04:00,topup,14367,e-wallet_dana,Web_Portal,DEVc82e27a3,Semarang,0
TXN0005592,CUST10899,2026-04-06 11:15:00,topup,39192,e-wallet_gopay,Partner_Bank,DEV78a118df,Palembang,0
TXN0001883,CUST10321,2026-04-06 11:18:00,topup,46379,retail_counter,USSD,DEV05e15e2f,Pekanbaru,0
TXN0007331,CUST11185,2026-04-06 11:31:00,topup,7249,retail_counter,Web_Portal,DEV8f48de0a,Medan,0
TXN0000980,CUST10161,2026-04-06 11:37:00,topup,29282,credit_card,Partner_Bank,DEVaf4afcdd,Denpasar,0
TXN0002982,CUST10496,2026-04-06 11:46:00,topup,36374,e-wallet_ovo,USSD,DEV80fa3363,Surabaya,0
TXN0004616,CUST10750,2026-04-06 12:50:00,topup,8843,credit_card,Retail_Outlet,DEVdd91cf6b,Surabaya,0
TXN0000315,CUST10052,2026-04-06 12:55:00,topup,40129,e-wallet_gopay,Partner_Bank,DEV2240063b,Palembang,0
TXN0005144,CUST10834,2026-04-06 12:56:00,topup,22327,virtual_account,USSD,DEV14a3ffe6,Pekanbaru,0
TXN0003725,CUST10612,2026-04-06 13:04:00,topup,36045,virtual_account,MyApp,DEV046b96f9,Pekanbaru,0
TXN0005843,CUST10939,2026-04-06 13:06:00,topup,36785,bank_transfer,MyApp,DEVbb8cea35,Semarang,0
TXN0000149,CUST10024,2026-04-06 13:15:00,topup,46036,credit_card,MyApp,DEVe4aa786d,Surabaya,0
TXN0004595,CUST10746,2026-04-06 13:16:00,topup,11996,e-wallet_dana,Retail_Outlet,DEVf9f8f5f4,Semarang,0
TXN0005501,CUST10885,2026-04-06 13:28:00,topup,37381,e-wallet_gopay,Partner_Bank,DEV7cba8dea,Semarang,0
TXN0006563,CUST11056,2026-04-06 13:50:00,topup,20624,credit_card,Web_Portal,DEV27facb5d,Semarang,0
TXN0003436,CUST10567,2026-04-06 13:56:00,topup,8537,virtual_account,USSD,DEV649423aa,Denpasar,0
TXN0001494,CUST10255,2026-04-06 14:04:00,topup,5000,credit_card,USSD,DEVdf629d0c,Jakarta,0
TXN0005118,CUST10830,2026-04-06 14:11:00,topup,14912,credit_card,USSD,DEVb907e44b,Denpasar,0
TXN0000681,CUST10114,2026-04-06 14:20:00,topup,32981,retail_counter,Partner_Bank,DEV6690a951,Yogyakarta,0
TXN0005185,CUST10838,2026-04-06 14:32:00,topup,22018,bank_transfer,USSD,DEV4341fd0e,Jakarta,0
TXN0001255,CUST10208,2026-04-06 14:36:00,topup,24219,retail_counter,USSD,DEVa92f85fe,Balikpapan,0
TXN0000621,CUST10102,2026-04-06 14:39:00,topup,5000,retail_counter,Partner_Bank,DEVec257a75,Medan,0
TXN0005301,CUST10855,2026-04-06 14:46:00,topup,57126,bank_transfer,Retail_Outlet,DEV2a184cbc,Surabaya,0
TXN0007196,CUST11163,2026-04-06 14:57:00,topup,32500,retail_counter,USSD,DEVe470dab0,Bandung,0
TXN0007064,CUST11142,2026-04-06 15:09:00,topup,67345,e-wallet_dana,MyApp,DEVcf460215,Denpasar,0
TXN0001159,CUST10190,2026-04-06 15:17:00,topup,26048,retail_counter,Web_Portal,DEV7978dc84,Balikpapan,0
TXN0001445,CUST10246,2026-04-06 15:20:00,topup,7272,e-wallet_gopay,USSD,DEV79dbf407,Bandung,0
TXN0000076,CUST10011,2026-04-06 15:21:00,topup,36698,e-wallet_gopay,Web_Portal,DEV04ffeab2,Makassar,0
TXN0005354,CUST10863,2026-04-06 15:50:00,topup,25004,e-wallet_ovo,Partner_Bank,DEVa67155cd,Malang,0
TXN0002236,CUST10375,2026-04-06 15:51:00,topup,31765,e-wallet_dana,USSD,DEV11e74656,Denpasar,0
TXN0004913,CUST10798,2026-04-06 15:55:00,topup,23904,e-wallet_gopay,Web_Portal,DEV2c1e86bb,Pekanbaru,0
TXN0002114,CUST10357,2026-04-06 16:18:00,topup,17917,credit_card,Partner_Bank,DEV71305648,Semarang,0
TXN0000181,CUST10030,2026-04-06 16:22:00,topup,56479,bank_transfer,USSD,DEV08e3f771,Semarang,0
TXN0001764,CUST10303,2026-04-06 16:43:00,topup,15924,e-wallet_gopay,MyApp,DEVde72d970,Balikpapan,0
TXN0006706,CUST11081,2026-04-06 16:48:00,topup,60502,e-wallet_gopay,Partner_Bank,DEVee2291ef,Medan,0
TXN0003627,CUST10596,2026-04-06 16:58:00,topup,36019,e-wallet_gopay,Web_Portal,DEV2869b5ee,Yogyakarta,0
TXN0005637,CUST10908,2026-04-06 16:59:00,topup,10474,retail_counter,USSD,DEVf543c14d,Palembang,0
TXN0005646,CUST10909,2026-04-06 17:01:00,topup,55738,e-wallet_ovo,Retail_Outlet,DEV025c9425,Palembang,0
TXN0006376,CUST11023,2026-04-06 17:07:00,topup,44327,bank_transfer,MyApp,DEVc4593083,Medan,0
TXN0001467,CUST10249,2026-04-06 17:07:00,topup,14534,e-wallet_gopay,USSD,DEV2875ad5d,Semarang,0
TXN0001092,CUST10178,2026-04-06 17:20:00,topup,56540,e-wallet_dana,Partner_Bank,DEV29fb832c,Pekanbaru,0
TXN0001986,CUST10336,2026-04-06 17:22:00,topup,8064,e-wallet_ovo,Web_Portal,DEV77dd362b,Pekanbaru,0
TXN0004083,CUST10664,2026-04-06 17:28:00,topup,5000,e-wallet_dana,Retail_Outlet,DEV27dc3b65,Pekanbaru,0
TXN0003756,CUST10616,2026-04-06 17:31:00,topup,16019,bank_transfer,USSD,DEV1b3206f0,Palembang,0
TXN0005746,CUST10926,2026-04-06 17:37:00,topup,41181,e-wallet_ovo,Partner_Bank,DEV06b19eec,Denpasar,0
TXN0001573,CUST10271,2026-04-06 18:00:00,topup,26103,retail_counter,Retail_Outlet,DEVb506c24d,Pekanbaru,0
TXN0004388,CUST10712,2026-04-06 18:14:00,topup,5000,e-wallet_dana,MyApp,DEVb9f9d376,Pekanbaru,0
TXN0000987,CUST10163,2026-04-06 18:14:00,topup,5000,credit_card,Web_Portal,DEV70c23600,Surabaya,0
TXN0005647,CUST10909,2026-04-06 18:20:00,topup,20834,e-wallet_gopay,MyApp,DEV57cc6c2a,Palembang,0
TXN0001334,CUST10225,2026-04-06 18:25:00,topup,27727,e-wallet_dana,Partner_Bank,DEVf2c0a0cf,Surabaya,0
TXN0006369,CUST11022,2026-04-06 18:28:00,topup,5000,e-wallet_gopay,MyApp,DEV6207db63,Palembang,0
TXN0002401,CUST10401,2026-04-06 18:40:00,topup,30186,retail_counter,Retail_Outlet,DEV3aeceaf8,Yogyakarta,0
TXN0002610,CUST10435,2026-04-06 19:06:00,topup,32663,credit_card,Partner_Bank,DEV5c85a58c,Semarang,0
TXN0003840,CUST10629,2026-04-06 19:16:00,topup,5000,e-wallet_gopay,Partner_Bank,DEVb75c3825,Bandung,0
TXN0001251,CUST10207,2026-04-06 19:24:00,topup,40854,e-wallet_gopay,Retail_Outlet,DEVa51e01ad,Malang,0
TXN0007080,CUST11145,2026-04-06 19:27:00,topup,22654,bank_transfer,USSD,DEV33c25e62,Balikpapan,0
TXN0000226,CUST10038,2026-04-06 19:31:00,topup,13218,virtual_account,USSD,DEVe00bd534,Yogyakarta,0
TXN0002307,CUST10387,2026-04-06 19:31:00,topup,16219,e-wallet_dana,Web_Portal,DEV1ff49f0a,Palembang,0
TXN0006525,CUST11049,2026-04-06 19:38:00,topup,15595,bank_transfer,Web_Portal,DEVc578f4f4,Surabaya,0
TXN0005100,CUST10827,2026-04-06 20:30:00,topup,6595,bank_transfer,MyApp,DEV0760d408,Pekanbaru,0
TXN0001676,CUST10287,2026-04-06 20:56:00,topup,46508,bank_transfer,Partner_Bank,DEVe8956041,Medan,0
TXN0004754,CUST10772,2026-04-06 21:02:00,topup,23493,bank_transfer,Partner_Bank,DEV18720dc7,Surabaya,0
TXN0000659,CUST10110,2026-04-06 21:57:00,topup,20986,retail_counter,USSD,DEV1b4909b6,Jakarta,0
TXN0006261,CUST11006,2026-04-06 22:06:00,topup,5000,e-wallet_gopay,MyApp,DEV16107d90,Bandung,0
TXN0001558,CUST10268,2026-04-06 22:10:00,topup,52759,e-wallet_gopay,USSD,DEVaa757eeb,Denpasar,0
TXN0006295,CUST11011,2026-04-06 22:24:00,topup,17747,e-wallet_ovo,Partner_Bank,DEV61650f34,Malang,0
TXN0000243,CUST10041,2026-04-06 22:27:00,topup,31643,bank_transfer,MyApp,DEVf796611f,Balikpapan,0
TXN0002535,CUST10423,2026-04-06 22:28:00,topup,7434,virtual_account,MyApp,DEVc47dd678,Pekanbaru,0
TXN0000907,CUST10148,2026-04-06 22:39:00,topup,12044,credit_card,Retail_Outlet,DEVebc8f6b7,Yogyakarta,0
TXN0006151,CUST10988,2026-04-06 22:41:00,topup,34587,retail_counter,Retail_Outlet,DEV9c296b78,Denpasar,0
TXN0007425,CUST11199,2026-04-07 06:21:00,topup,23782,credit_card,Partner_Bank,DEV60ca13d1,Makassar,0
TXN0007111,CUST11150,2026-04-07 06:27:00,topup,5000,bank_transfer,Retail_Outlet,DEV08b52947,Medan,0
TXN0000039,CUST10005,2026-04-07 06:30:00,topup,13644,e-wallet_ovo,MyApp,DEV5bb8b9c8,Yogyakarta,0
TXN0005635,CUST10908,2026-04-07 06:35:00,topup,36832,credit_card,USSD,DEVd0d70956,Palembang,0
TXN0000709,CUST10119,2026-04-07 06:38:00,topup,17149,credit_card,Partner_Bank,DEV56f401e5,Yogyakarta,0
TXN0003586,CUST10589,2026-04-07 06:46:00,topup,5000,e-wallet_gopay,Partner_Bank,DEV95a15905,Bandung,0
TXN0003772,CUST10618,2026-04-07 07:17:00,topup,27969,retail_counter,MyApp,DEV5424aae4,Malang,0
TXN0005270,CUST10849,2026-04-07 07:27:00,topup,5000,e-wallet_gopay,Web_Portal,DEVaf5235bc,Palembang,0
TXN0002218,CUST10372,2026-04-07 07:36:00,topup,35628,e-wallet_ovo,Web_Portal,DEV8dd7e052,Semarang,0
TXN0005606,CUST10901,2026-04-07 07:39:00,topup,16249,e-wallet_ovo,Partner_Bank,DEVda36967d,Surabaya,0
TXN0005366,CUST10864,2026-04-07 08:10:00,topup,31920,e-wallet_dana,Partner_Bank,DEVef252aa8,Bandung,0
TXN0000366,CUST10060,2026-04-07 08:24:00,topup,30490,retail_counter,MyApp,DEVfb481ded,Denpasar,0
TXN0004333,CUST10703,2026-04-07 08:28:00,topup,5000,e-wallet_gopay,Web_Portal,DEVc9a5c042,Palembang,0
TXN0004520,CUST10731,2026-04-07 08:34:00,topup,28115,e-wallet_gopay,MyApp,DEV3902d8a7,Jakarta,0
TXN0005460,CUST10879,2026-04-07 08:52:00,topup,14790,e-wallet_gopay,USSD,DEVdefa6d4a,Semarang,0
TXN0005714,CUST10921,2026-04-07 08:58:00,topup,25432,e-wallet_dana,Web_Portal,DEVda7f624b,Bandung,0
TXN0006816,CUST11098,2026-04-07 09:01:00,topup,5000,bank_transfer,Retail_Outlet,DEVf6fa5eb6,Palembang,0
TXN0003217,CUST10530,2026-04-07 09:11:00,topup,16637,e-wallet_gopay,Partner_Bank,DEVbbfecb11,Balikpapan,0
TXN0001037,CUST10170,2026-04-07 09:31:00,topup,30292,e-wallet_ovo,USSD,DEV6e18b184,Pekanbaru,0
TXN0000959,CUST10157,2026-04-07 09:32:00,topup,6209,e-wallet_ovo,USSD,DEV1edbbe71,Semarang,0
TXN0001400,CUST10239,2026-04-07 09:32:00,topup,30751,retail_counter,MyApp,DEVf7aeede8,Denpasar,0
TXN0006766,CUST11090,2026-04-07 09:35:00,topup,24416,virtual_account,Partner_Bank,DEV98343ead,Denpasar,0
TXN0002611,CUST10436,2026-04-07 09:36:00,topup,33731,e-wallet_ovo,USSD,DEV073bca43,Surabaya,0
TXN0000554,CUST10091,2026-04-07 09:38:00,topup,19063,virtual_account,MyApp,DEV94a1eab0,Makassar,0
TXN0000329,CUST10054,2026-04-07 09:42:00,topup,23878,e-wallet_dana,Web_Portal,DEV40b374f8,Pekanbaru,0
TXN0000131,CUST10022,2026-04-07 10:04:00,topup,31598,e-wallet_gopay,Partner_Bank,DEVab86bafd,Makassar,0
TXN0006703,CUST11080,2026-04-07 10:12:00,topup,5000,e-wallet_gopay,MyApp,DEV8f47c5ae,Malang,0
TXN0005808,CUST10934,2026-04-07 10:12:00,topup,19899,credit_card,USSD,DEVaa759a8a,Denpasar,0
TXN0003509,CUST10576,2026-04-07 10:13:00,topup,38371,retail_counter,Partner_Bank,DEVe03d1b30,Denpasar,0
TXN0003628,CUST10596,2026-04-07 10:15:00,topup,8921,virtual_account,USSD,DEV88cfffa2,Yogyakarta,0
TXN0005015,CUST10814,2026-04-07 10:38:00,topup,5000,credit_card,Retail_Outlet,DEV3da325e2,Balikpapan,0
TXN0002181,CUST10367,2026-04-07 10:57:00,topup,15065,bank_transfer,Retail_Outlet,DEVaba23511,Balikpapan,0
TXN0006337,CUST11017,2026-04-07 11:06:00,topup,14054,credit_card,Partner_Bank,DEV5ebbb87b,Denpasar,0
TXN0002407,CUST10402,2026-04-07 11:12:00,topup,38442,e-wallet_gopay,USSD,DEV136d6cce,Bandung,0
TXN0007289,CUST11177,2026-04-07 11:18:00,topup,31271,retail_counter,Partner_Bank,DEV37d9f94a,Yogyakarta,0
TXN0005904,CUST10946,2026-04-07 11:42:00,topup,5000,credit_card,Partner_Bank,DEV284b2e1d,Bandung,0
TXN0005796,CUST10933,2026-04-07 11:43:00,topup,5000,e-wallet_gopay,Partner_Bank,DEV650c4a03,Bandung,0
TXN0000512,CUST10084,2026-04-07 11:45:00,topup,40563,bank_transfer,MyApp,DEVaf76b6c2,Jakarta,0
TXN0004981,CUST10808,2026-04-07 12:08:00,topup,33335,bank_transfer,Web_Portal,DEVdc89e59a,Bandung,0
TXN0000787,CUST10131,2026-04-07 12:10:00,topup,15540,e-wallet_ovo,MyApp,DEVf0533851,Makassar,0
TXN0003303,CUST10545,2026-04-07 12:22:00,topup,32950,credit_card,Partner_Bank,DEVa02cbed2,Semarang,0
TXN0000741,CUST10124,2026-04-07 12:33:00,topup,57656,e-wallet_dana,USSD,DEVdc432ed5,Makassar,0
TXN0000461,CUST10076,2026-04-07 12:33:00,topup,7660,virtual_account,Retail_Outlet,DEV396c357b,Bandung,0
TXN0004531,CUST10733,2026-04-07 12:50:00,topup,39669,bank_transfer,MyApp,DEV2036971a,Malang,0
TXN0002239,CUST10376,2026-04-07 13:01:00,topup,43651,retail_counter,Retail_Outlet,DEVe0d6e969,Pekanbaru,0
TXN0005911,CUST10947,2026-04-07 13:03:00,topup,33409,e-wallet_dana,Web_Portal,DEV67e39166,Balikpapan,0
TXN0005792,CUST10932,2026-04-07 13:12:00,topup,28230,virtual_account,USSD,DEV948841cb,Semarang,0
TXN0001353,CUST10229,2026-04-07 13:17:00,topup,5000,e-wallet_dana,Retail_Outlet,DEV8677b81d,Makassar,0
TXN0004894,CUST10795,2026-04-07 13:20:00,topup,5000,e-wallet_gopay,Partner_Bank,DEV75e8abfe,Malang,0
TXN0006048,CUST10971,2026-04-07 13:22:00,topup,22962,bank_transfer,USSD,DEVd66cbda1,Balikpapan,0
TXN0004927,CUST10800,2026-04-07 13:25:00,topup,15357,credit_card,Web_Portal,DEVf53ca48b,Medan,0
TXN0007380,CUST11192,2026-04-07 13:27:00,topup,25803,virtual_account,Web_Portal,DEV73eb0a4e,Yogyakarta,0
TXN0006112,CUST10981,2026-04-07 13:30:00,topup,30629,credit_card,Web_Portal,DEVfdecc58d,Pekanbaru,0
TXN0006023,CUST10968,2026-04-07 13:58:00,topup,46049,credit_card,Retail_Outlet,DEVf840596b,Palembang,0
TXN0000968,CUST10158,2026-04-07 14:59:00,topup,18498,credit_card,USSD,DEV9343e6ea,Malang,0
TXN0004836,CUST10786,2026-04-07 15:12:00,topup,5000,e-wallet_gopay,Web_Portal,DEV8974e16a,Yogyakarta,0
TXN0007237,CUST11170,2026-04-07 15:12:00,topup,30231,bank_transfer,MyApp,DEV2adfedf8,Jakarta,0
TXN0004021,CUST10655,2026-04-07 15:16:00,topup,33300,bank_transfer,Web_Portal,DEVe054dba1,Semarang,0
TXN0007412,CUST11197,2026-04-07 15:27:00,topup,7987,credit_card,Retail_Outlet,DEV84e69ef9,Surabaya,0
TXN0001899,CUST10324,2026-04-07 15:31:00,topup,9376,virtual_account,Web_Portal,DEVba098a27,Yogyakarta,0
TXN0000024,CUST10003,2026-04-07 15:51:00,topup,24496,virtual_account,Retail_Outlet,DEV3b41c943,Palembang,0
TXN0002952,CUST10492,2026-04-07 16:06:00,topup,7277,e-wallet_ovo,USSD,DEV959677e9,Semarang,0
TXN0002081,CUST10352,2026-04-07 16:10:00,topup,6715,virtual_account,Web_Portal,DEVc3101e2e,Yogyakarta,0
TXN0006462,CUST11038,2026-04-07 16:10:00,topup,35166,e-wallet_gopay,Partner_Bank,DEVdb0f1685,Malang,0
TXN0001409,CUST10241,2026-04-07 16:30:00,topup,5000,e-wallet_ovo,Partner_Bank,DEVf7073712,Semarang,0
TXN0007119,CUST11153,2026-04-07 16:47:00,topup,34573,retail_counter,USSD,DEV99dce819,Malang,0
TXN0000714,CUST10119,2026-04-07 16:50:00,topup,35788,bank_transfer,Retail_Outlet,DEVb38046ef,Yogyakarta,0
TXN0003273,CUST10541,2026-04-07 17:14:00,topup,23775,e-wallet_dana,Web_Portal,DEVf07bf9bb,Surabaya,0
TXN0004885,CUST10794,2026-04-07 17:21:00,topup,6584,e-wallet_gopay,USSD,DEVbb2168c4,Medan,0
TXN0002419,CUST10403,2026-04-07 17:24:00,topup,26559,e-wallet_ovo,MyApp,DEVc523b4e9,Balikpapan,0
TXN0005650,CUST10910,2026-04-07 18:17:00,topup,15001,retail_counter,Retail_Outlet,DEV33a37a74,Pekanbaru,0
TXN0002574,CUST10429,2026-04-07 18:21:00,topup,20023,bank_transfer,Web_Portal,DEV3451cf94,Denpasar,0
TXN0004136,CUST10671,2026-04-07 18:26:00,topup,11203,e-wallet_gopay,Retail_Outlet,DEVdf683491,Medan,0
TXN0001554,CUST10267,2026-04-07 18:36:00,topup,46502,credit_card,Partner_Bank,DEVcd4f2875,Surabaya,0
TXN0006882,CUST11112,2026-04-07 18:40:00,topup,54279,bank_transfer,MyApp,DEV310e8aed,Palembang,0
TXN0004878,CUST10792,2026-04-07 18:43:00,topup,5000,credit_card,MyApp,DEVaf8422cc,Denpasar,0
TXN0001902,CUST10324,2026-04-07 18:46:00,topup,5000,bank_transfer,MyApp,DEV3c48c936,Yogyakarta,0
TXN0000973,CUST10159,2026-04-07 19:16:00,topup,33890,bank_transfer,USSD,DEV6605de3c,Malang,0
TXN0006190,CUST10994,2026-04-07 19:19:00,topup,8691,virtual_account,MyApp,DEVe54dce58,Balikpapan,0
TXN0003225,CUST10531,2026-04-07 19:23:00,topup,38210,retail_counter,Partner_Bank,DEVa3900655,Semarang,0
TXN0000320,CUST10053,2026-04-07 19:32:00,topup,35295,retail_counter,USSD,DEV3610901c,Makassar,0
TXN0002403,CUST10401,2026-04-07 19:41:00,topup,40176,retail_counter,MyApp,DEV737ea52f,Yogyakarta,0
TXN0002872,CUST10478,2026-04-07 20:12:00,topup,21793,e-wallet_dana,USSD,DEV2cc09f87,Denpasar,0
TXN0007179,CUST11161,2026-04-07 20:23:00,topup,16680,e-wallet_gopay,Partner_Bank,DEVb2ea6850,Surabaya,0
TXN0000744,CUST10125,2026-04-07 20:35:00,topup,14896,e-wallet_dana,USSD,DEV0227b8d5,Makassar,0
TXN0000616,CUST10102,2026-04-07 20:37:00,topup,50569,bank_transfer,Web_Portal,DEVa5b2c7ea,Medan,0
TXN0004094,CUST10666,2026-04-07 20:46:00,topup,12760,credit_card,USSD,DEV9053317b,Medan,0
TXN0003953,CUST10645,2026-04-07 20:51:00,topup,30544,retail_counter,Partner_Bank,DEV761c7a2b,Balikpapan,0
TXN0003391,CUST10560,2026-04-07 20:58:00,topup,11849,virtual_account,Retail_Outlet,DEVd9a3ac28,Denpasar,0
TXN0006124,CUST10983,2026-04-07 21:16:00,topup,5000,e-wallet_dana,Retail_Outlet,DEVf3b20598,Yogyakarta,0
TXN0001219,CUST10201,2026-04-07 21:18:00,topup,44861,credit_card,MyApp,DEV17c95aaa,Semarang,0
TXN0000628,CUST10104,2026-04-07 21:30:00,topup,12708,retail_counter,Retail_Outlet,DEV6928043e,Palembang,0
TXN0005104,CUST10827,2026-04-07 21:31:00,topup,5000,virtual_account,USSD,DEV282fbcce,Pekanbaru,0
TXN0002965,CUST10493,2026-04-07 21:58:00,topup,5000,e-wallet_gopay,Web_Portal,DEV58eb3e59,Bandung,0
TXN0004797,CUST10778,2026-04-07 22:07:00,topup,6026,retail_counter,Web_Portal,DEVaf1e0ecd,Pekanbaru,0
TXN0006102,CUST10980,2026-04-07 22:37:00,topup,11747,virtual_account,Retail_Outlet,DEVe4cb277f,Makassar,0
TXN0005083,CUST10825,2026-04-07 22:41:00,topup,20371,e-wallet_dana,Retail_Outlet,DEV63bb48b6,Bandung,0
TXN0001349,CUST10228,2026-04-07 22:48:00,topup,5000,bank_transfer,MyApp,DEV851b9860,Malang,0
TXN0003310,CUST10546,2026-04-07 22:49:00,topup,42281,e-wallet_dana,Web_Portal,DEV58c6d166,Yogyakarta,0
TXN0000222,CUST10037,2026-04-07 22:54:00,topup,6994,retail_counter,Partner_Bank,DEVca9f1d59,Bandung,0
TXN0001380,CUST10236,2026-04-07 22:54:00,topup,8681,credit_card,MyApp,DEV12068ad6,Jakarta,0
TXN0005515,CUST10888,2026-04-07 22:57:00,topup,46514,bank_transfer,Partner_Bank,DEVe3157b34,Jakarta,0
TXN0005236,CUST10845,2026-04-08 06:15:00,topup,39479,e-wallet_dana,USSD,DEVef3bbcb5,Semarang,0
TXN0003475,CUST10572,2026-04-08 06:24:00,topup,31112,e-wallet_dana,USSD,DEV461fe028,Pekanbaru,0
TXN0000236,CUST10039,2026-04-08 06:46:00,topup,5000,e-wallet_ovo,Retail_Outlet,DEV42378962,Denpasar,0
TXN0001370,CUST10233,2026-04-08 06:47:00,topup,33266,e-wallet_ovo,Web_Portal,DEV46fc4ff2,Bandung,0
TXN0000541,CUST10090,2026-04-08 07:12:00,topup,30959,e-wallet_gopay,Retail_Outlet,DEV929daf9f,Surabaya,0
TXN0003163,CUST10522,2026-04-08 07:41:00,topup,5000,credit_card,MyApp,DEV5a765b48,Surabaya,0
TXN0005039,CUST10818,2026-04-08 08:01:00,topup,50687,e-wallet_dana,USSD,DEVdf94a2f8,Medan,0
TXN0006893,CUST11113,2026-04-08 08:12:00,topup,56771,retail_counter,MyApp,DEVd46a1235,Bandung,0
TXN0002498,CUST10415,2026-04-08 08:20:00,topup,70370,virtual_account,Web_Portal,DEVab987d93,Yogyakarta,0
TXN0005231,CUST10845,2026-04-08 08:32:00,topup,47641,bank_transfer,Retail_Outlet,DEVd0f64c6d,Semarang,0
TXN0000916,CUST10150,2026-04-08 08:34:00,topup,5000,bank_transfer,Web_Portal,DEV84fcfcb0,Semarang,0
TXN0006929,CUST11118,2026-04-08 08:37:00,topup,43482,e-wallet_gopay,Partner_Bank,DEV21d7ef88,Makassar,0
TXN0000759,CUST10127,2026-04-08 08:38:00,topup,53849,virtual_account,Web_Portal,DEV027e789c,Makassar,0
TXN0007133,CUST11154,2026-04-08 09:12:00,topup,9694,e-wallet_dana,USSD,DEVdc247a02,Balikpapan,0
TXN0005685,CUST10916,2026-04-08 09:16:00,topup,21333,credit_card,USSD,DEV6df3be7a,Jakarta,0
TXN0006897,CUST11113,2026-04-08 09:23:00,topup,35660,retail_counter,Retail_Outlet,DEVb3338169,Bandung,0
TXN0004472,CUST10724,2026-04-08 10:15:00,topup,17867,e-wallet_gopay,Partner_Bank,DEV3ba4807e,Semarang,0
TXN0002914,CUST10486,2026-04-08 10:23:00,topup,15921,retail_counter,USSD,DEV581848c5,Bandung,0
TXN0004928,CUST10800,2026-04-08 10:29:00,topup,22768,credit_card,Retail_Outlet,DEV10e6e383,Medan,0
TXN0006000,CUST10964,2026-04-08 10:33:00,topup,23869,bank_transfer,Retail_Outlet,DEV63e31ac9,Bandung,0
TXN0001512,CUST10258,2026-04-08 10:49:00,topup,24379,e-wallet_gopay,MyApp,DEVb400a5e1,Surabaya,0
TXN0000636,CUST10105,2026-04-08 11:42:00,topup,29492,credit_card,MyApp,DEVaf32baf8,Bandung,0
TXN0001771,CUST10304,2026-04-08 11:56:00,topup,5000,e-wallet_dana,Partner_Bank,DEV528a34f3,Surabaya,0
TXN0001655,CUST10284,2026-04-08 12:06:00,topup,17254,retail_counter,Web_Portal,DEVd4e20134,Denpasar,0
TXN0002785,CUST10465,2026-04-08 12:15:00,topup,27605,e-wallet_dana,Web_Portal,DEV1e0914d2,Surabaya,0
TXN0005260,CUST10849,2026-04-08 12:42:00,topup,13006,credit_card,Retail_Outlet,DEV57d9f647,Palembang,0
TXN0005280,CUST10852,2026-04-08 13:09:00,topup,26132,virtual_account,Retail_Outlet,DEV9d1c92f0,Palembang,0
TXN0002038,CUST10342,2026-04-08 13:26:00,topup,33516,e-wallet_gopay,Partner_Bank,DEV0f8a579c,Balikpapan,0
TXN0002105,CUST10356,2026-04-08 13:40:00,topup,5000,e-wallet_gopay,USSD,DEVe0354d75,Yogyakarta,0
TXN0005633,CUST10907,2026-04-08 13:50:00,topup,6359,bank_transfer,Partner_Bank,DEVf76ffc87,Bandung,0
TXN0000795,CUST10132,2026-04-08 13:57:00,topup,24885,retail_counter,Retail_Outlet,DEV0dc78104,Palembang,0
TXN0000963,CUST10157,2026-04-08 14:05:00,topup,26818,e-wallet_dana,Retail_Outlet,DEV863dfcd6,Semarang,0
TXN0002939,CUST10489,2026-04-08 14:17:00,topup,53630,e-wallet_dana,MyApp,DEVb62a7941,Denpasar,0
TXN0004163,CUST10676,2026-04-08 14:21:00,topup,21283,e-wallet_ovo,Retail_Outlet,DEVc7efd8e2,Medan,0
TXN0003545,CUST10583,2026-04-08 14:25:00,topup,15298,bank_transfer,USSD,DEV272c7482,Balikpapan,0
TXN0003761,CUST10617,2026-04-08 14:28:00,topup,18222,e-wallet_dana,Partner_Bank,DEVa8350a40,Yogyakarta,0
TXN0007120,CUST11153,2026-04-08 14:30:00,topup,35949,e-wallet_gopay,USSD,DEV246f5c1d,Malang,0
TXN0000256,CUST10043,2026-04-08 14:51:00,topup,31023,e-wallet_gopay,MyApp,DEV485d831c,Balikpapan,0
TXN0003223,CUST10531,2026-04-08 15:18:00,topup,13062,e-wallet_gopay,Web_Portal,DEVfcfd348c,Semarang,0
TXN0002908,CUST10485,2026-04-08 15:21:00,topup,35298,e-wallet_gopay,Retail_Outlet,DEVae864837,Malang,0
TXN0003780,CUST10619,2026-04-08 15:39:00,topup,5000,credit_card,Partner_Bank,DEVc94b3a6f,Jakarta,0
TXN0000118,CUST10019,2026-04-08 15:42:00,topup,55358,e-wallet_ovo,Retail_Outlet,DEVaa604892,Yogyakarta,0
TXN0006133,CUST10985,2026-04-08 15:54:00,topup,34907,virtual_account,Web_Portal,DEV677a72f6,Surabaya,0
TXN0007368,CUST11190,2026-04-08 16:00:00,topup,63769,bank_transfer,Partner_Bank,DEVec32006d,Pekanbaru,0
TXN0004464,CUST10723,2026-04-08 16:08:00,topup,31132,retail_counter,Partner_Bank,DEV30584d20,Surabaya,0
TXN0007263,CUST11174,2026-04-08 16:12:00,topup,15289,e-wallet_dana,Web_Portal,DEVac5200b5,Surabaya,0
TXN0004828,CUST10784,2026-04-08 16:18:00,topup,48514,e-wallet_dana,Retail_Outlet,DEV608bb508,Surabaya,0
TXN0007381,CUST11192,2026-04-08 16:36:00,topup,20278,e-wallet_gopay,Retail_Outlet,DEVa864a116,Yogyakarta,0
TXN0006487,CUST11042,2026-04-08 16:37:00,topup,54290,e-wallet_gopay,Retail_Outlet,DEV0de5fd7b,Balikpapan,0
TXN0002209,CUST10371,2026-04-08 16:42:00,topup,30701,retail_counter,Retail_Outlet,DEV4207fb51,Medan,0
TXN0005462,CUST10879,2026-04-08 16:54:00,topup,33028,credit_card,USSD,DEV11186c1a,Semarang,0
TXN0005124,CUST10831,2026-04-08 17:00:00,topup,32116,virtual_account,Web_Portal,DEV57f46801,Yogyakarta,0
TXN0000850,CUST10140,2026-04-08 17:35:00,topup,13737,credit_card,MyApp,DEVf97f4994,Balikpapan,0
TXN0004962,CUST10806,2026-04-08 17:46:00,topup,22030,e-wallet_dana,Partner_Bank,DEV2ab8c610,Jakarta,0
TXN0007377,CUST11192,2026-04-08 18:07:00,topup,46307,e-wallet_dana,MyApp,DEV6a5b54e4,Yogyakarta,0
TXN0006850,CUST11107,2026-04-08 18:13:00,topup,37922,virtual_account,USSD,DEVcae322c3,Malang,0
TXN0006346,CUST11018,2026-04-08 18:36:00,topup,19369,credit_card,USSD,DEV01f239e4,Bandung,0
TXN0004517,CUST10731,2026-04-08 18:37:00,topup,29775,virtual_account,Retail_Outlet,DEV8a1b0744,Jakarta,0
TXN0007256,CUST11173,2026-04-08 18:48:00,topup,42703,e-wallet_gopay,MyApp,DEV16b3c475,Balikpapan,0
TXN0006864,CUST11108,2026-04-08 19:21:00,topup,5000,virtual_account,USSD,DEV53054058,Medan,0
TXN0004257,CUST10689,2026-04-08 19:25:00,topup,38939,virtual_account,Web_Portal,DEV305a1bef,Medan,0
TXN0002438,CUST10407,2026-04-08 19:26:00,topup,28503,e-wallet_dana,MyApp,DEVc0ac1c00,Pekanbaru,0
TXN0001761,CUST10302,2026-04-08 19:34:00,topup,19596,e-wallet_gopay,MyApp,DEV0e737523,Malang,0
TXN0003059,CUST10508,2026-04-08 19:43:00,topup,5000,e-wallet_ovo,USSD,DEVc9f279a8,Medan,0
TXN0000202,CUST10033,2026-04-08 20:14:00,topup,37499,retail_counter,USSD,DEVe1509425,Palembang,0
TXN0005706,CUST10920,2026-04-08 20:20:00,topup,5000,virtual_account,MyApp,DEV8b991282,Balikpapan,0
TXN0007295,CUST11178,2026-04-08 20:44:00,topup,10336,e-wallet_gopay,Partner_Bank,DEVf05ad4ec,Surabaya,0
TXN0001202,CUST10198,2026-04-08 20:52:00,topup,32402,credit_card,Web_Portal,DEVf5530567,Malang,0
TXN0004602,CUST10747,2026-04-08 21:20:00,topup,5000,e-wallet_ovo,MyApp,DEVac1cfcfc,Palembang,0
TXN0001865,CUST10319,2026-04-08 21:27:00,topup,5000,virtual_account,USSD,DEVbaaeebf8,Malang,0
TXN0002496,CUST10415,2026-04-08 21:36:00,topup,57164,credit_card,MyApp,DEV09ab99a3,Yogyakarta,0
TXN0006961,CUST11124,2026-04-08 21:38:00,topup,5000,virtual_account,Web_Portal,DEVfb81519b,Denpasar,0
TXN0007253,CUST11173,2026-04-08 21:49:00,topup,65981,e-wallet_ovo,USSD,DEV20a145c8,Balikpapan,0
TXN0004376,CUST10711,2026-04-08 21:51:00,topup,5000,e-wallet_dana,Retail_Outlet,DEVafdc8a51,Denpasar,0
TXN0001100,CUST10179,2026-04-08 21:51:00,topup,14192,e-wallet_gopay,USSD,DEVdcd81a8b,Makassar,0
TXN0006683,CUST11077,2026-04-08 21:52:00,topup,5000,credit_card,Partner_Bank,DEV07d1316f,Jakarta,0
TXN0002023,CUST10340,2026-04-08 22:11:00,topup,11222,e-wallet_ovo,Retail_Outlet,DEV25ee2f0f,Denpasar,0
TXN0003207,CUST10529,2026-04-08 22:19:00,topup,21749,credit_card,MyApp,DEVf69f239b,Semarang,0
TXN0006056,CUST10973,2026-04-08 22:26:00,topup,6285,e-wallet_ovo,Partner_Bank,DEV9c1817a3,Palembang,0
TXN0005793,CUST10932,2026-04-08 22:52:00,topup,25845,e-wallet_dana,Retail_Outlet,DEV3fb00e1b,Semarang,0
TXN0003073,CUST10510,2026-04-08 22:58:00,topup,30688,virtual_account,USSD,DEV89eb56c1,Pekanbaru,0
TXN0001200,CUST10198,2026-04-09 06:05:00,topup,5000,bank_transfer,USSD,DEVabcec90f,Malang,0
TXN0003891,CUST10635,2026-04-09 06:24:00,topup,16678,e-wallet_gopay,Web_Portal,DEVa2e25753,Bandung,0
TXN0002047,CUST10344,2026-04-09 06:44:00,topup,47328,virtual_account,Web_Portal,DEVaf5a7636,Surabaya,0
TXN0000929,CUST10152,2026-04-09 06:47:00,topup,14724,virtual_account,MyApp,DEVff31950a,Pekanbaru,0
TXN0000569,CUST10094,2026-04-09 06:51:00,topup,36769,e-wallet_ovo,Partner_Bank,DEVa542deb9,Medan,0
TXN0001793,CUST10307,2026-04-09 07:09:00,topup,5000,virtual_account,Retail_Outlet,DEV84274378,Jakarta,0
TXN0006657,CUST11073,2026-04-09 07:33:00,topup,32257,e-wallet_dana,MyApp,DEV6fd8440a,Yogyakarta,0
TXN0006661,CUST11073,2026-04-09 07:36:00,topup,45904,retail_counter,Web_Portal,DEV9c4cc0fd,Yogyakarta,0
TXN0004057,CUST10659,2026-04-09 08:02:00,topup,38025,virtual_account,Partner_Bank,DEV68c4b51a,Yogyakarta,0
TXN0003504,CUST10575,2026-04-09 08:03:00,topup,64091,bank_transfer,USSD,DEV3facabcc,Surabaya,0
TXN0000676,CUST10113,2026-04-09 08:19:00,topup,5000,e-wallet_gopay,USSD,DEVcdeb2696,Palembang,0
TXN0000908,CUST10148,2026-04-09 08:34:00,topup,11986,e-wallet_dana,Partner_Bank,DEVedabddab,Yogyakarta,0
TXN0006742,CUST11087,2026-04-09 08:42:00,topup,38047,virtual_account,Retail_Outlet,DEV16d49f2d,Malang,0
TXN0002633,CUST10439,2026-04-09 09:25:00,topup,42869,bank_transfer,Partner_Bank,DEV6ab62dbf,Malang,0
TXN0004976,CUST10807,2026-04-09 09:35:00,topup,21270,bank_transfer,Partner_Bank,DEV21e10ae8,Balikpapan,0
TXN0004873,CUST10791,2026-04-09 09:42:00,topup,17012,retail_counter,USSD,DEV9123f2c5,Malang,0
TXN0005500,CUST10885,2026-04-09 10:38:00,topup,25625,virtual_account,Partner_Bank,DEV4cad3598,Semarang,0
TXN0005913,CUST10948,2026-04-09 10:44:00,topup,43519,virtual_account,Web_Portal,DEVdfedf5fa,Malang,0
TXN0005942,CUST10954,2026-04-09 11:00:00,topup,42082,virtual_account,Partner_Bank,DEV7b1463c9,Yogyakarta,0
TXN0006378,CUST11023,2026-04-09 11:41:00,topup,31600,e-wallet_ovo,Retail_Outlet,DEV8eb232b8,Medan,0
TXN0004495,CUST10728,2026-04-09 11:54:00,topup,12679,e-wallet_dana,Retail_Outlet,DEVb382c1ae,Palembang,0
TXN0002240,CUST10376,2026-04-09 12:17:00,topup,27754,credit_card,Partner_Bank,DEV813be64b,Pekanbaru,0
TXN0003082,CUST10510,2026-04-09 12:38:00,topup,45737,credit_card,MyApp,DEVe94f03ec,Pekanbaru,0
TXN0006491,CUST11042,2026-04-09 13:17:00,topup,46263,e-wallet_dana,USSD,DEV7731b193,Balikpapan,0
TXN0003449,CUST10569,2026-04-09 13:40:00,topup,5000,bank_transfer,USSD,DEVf9705e4b,Pekanbaru,0
TXN0007401,CUST11195,2026-04-09 14:01:00,topup,35318,retail_counter,USSD,DEVbdf1de53,Semarang,0
TXN0002855,CUST10476,2026-04-09 14:24:00,topup,31471,credit_card,Web_Portal,DEV9347f486,Bandung,0
TXN0000619,CUST10102,2026-04-09 14:36:00,topup,15482,e-wallet_gopay,Retail_Outlet,DEV833c8f55,Medan,0
TXN0005543,CUST10891,2026-04-09 15:09:00,topup,52379,bank_transfer,Retail_Outlet,DEVe21734c6,Malang,0
TXN0006805,CUST11097,2026-04-09 15:09:00,topup,21833,e-wallet_dana,MyApp,DEVffa6df21,Yogyakarta,0
TXN0003609,CUST10593,2026-04-09 15:19:00,topup,36068,e-wallet_ovo,Web_Portal,DEV08825d14,Yogyakarta,0
TXN0002579,CUST10429,2026-04-09 15:37:00,topup,8943,retail_counter,MyApp,DEVf7bce0ef,Denpasar,0
TXN0003915,CUST10638,2026-04-09 15:52:00,topup,13457,e-wallet_ovo,USSD,DEV66979d0f,Yogyakarta,0
TXN0002318,CUST10389,2026-04-09 15:56:00,topup,10739,bank_transfer,MyApp,DEV7412c272,Surabaya,0
TXN0003222,CUST10531,2026-04-09 16:14:00,topup,37436,e-wallet_gopay,USSD,DEV43470982,Semarang,0
TXN0007400,CUST11195,2026-04-09 16:24:00,topup,5000,bank_transfer,Partner_Bank,DEV6932317a,Semarang,0
TXN0002288,CUST10385,2026-04-09 16:31:00,topup,38922,retail_counter,MyApp,DEV846af2e6,Denpasar,0
TXN0002727,CUST10454,2026-04-09 16:34:00,topup,24117,virtual_account,Retail_Outlet,DEV4a9f6c5c,Bandung,0
TXN0001091,CUST10178,2026-04-09 16:46:00,topup,44188,e-wallet_dana,Web_Portal,DEVa6091ad0,Pekanbaru,0
TXN0005070,CUST10823,2026-04-09 16:57:00,topup,8245,bank_transfer,Retail_Outlet,DEV47d0e6ee,Balikpapan,0
TXN0006249,CUST11004,2026-04-09 17:05:00,topup,5000,bank_transfer,Partner_Bank,DEV7e29d9a1,Palembang,0
TXN0001609,CUST10278,2026-04-09 17:05:00,topup,40118,e-wallet_ovo,MyApp,DEVba85e403,Pekanbaru,0
TXN0005135,CUST10833,2026-04-09 17:18:00,topup,5000,e-wallet_gopay,Partner_Bank,DEVf330f931,Semarang,0
TXN0002340,CUST10392,2026-04-09 17:40:00,topup,5000,credit_card,Retail_Outlet,DEVf9fc9c3f,Makassar,0
TXN0001821,CUST10312,2026-04-09 17:44:00,topup,5000,e-wallet_ovo,Retail_Outlet,DEVabf2b369,Medan,0
TXN0001394,CUST10238,2026-04-09 17:50:00,topup,21747,e-wallet_ovo,Web_Portal,DEV4d862412,Denpasar,0
TXN0006431,CUST11034,2026-04-09 17:50:00,topup,5000,bank_transfer,MyApp,DEV8852c78e,Surabaya,0
TXN0001118,CUST10183,2026-04-09 17:53:00,topup,6393,e-wallet_gopay,Retail_Outlet,DEV93fde248,Surabaya,0
TXN0005065,CUST10823,2026-04-09 18:32:00,topup,5000,e-wallet_gopay,Partner_Bank,DEV0488a0e8,Balikpapan,0
TXN0002210,CUST10371,2026-04-09 18:33:00,topup,36862,e-wallet_gopay,Web_Portal,DEVe645bb00,Medan,0
TXN0007286,CUST11177,2026-04-09 18:40:00,topup,23753,e-wallet_dana,USSD,DEV4c6cfc1c,Yogyakarta,0
TXN0002877,CUST10479,2026-04-09 19:08:00,topup,43843,e-wallet_dana,Partner_Bank,DEVd4ec0595,Denpasar,0
TXN0007376,CUST11191,2026-04-09 19:09:00,topup,20472,retail_counter,USSD,DEVcaea5bfb,Surabaya,0
TXN0000767,CUST10128,2026-04-09 19:22:00,topup,67074,e-wallet_ovo,Retail_Outlet,DEV18a73d94,Bandung,0
TXN0002161,CUST10363,2026-04-09 19:39:00,topup,5000,e-wallet_ovo,USSD,DEV4a229ba5,Medan,0
TXN0001687,CUST10289,2026-04-09 19:39:00,topup,37679,credit_card,MyApp,DEVc363f61f,Palembang,0
TXN0004131,CUST10670,2026-04-09 19:40:00,topup,29510,credit_card,USSD,DEV76a6e2e6,Pekanbaru,0
TXN0001716,CUST10294,2026-04-09 20:06:00,topup,44648,e-wallet_gopay,Web_Portal,DEV5d1c1906,Surabaya,0
TXN0002130,CUST10360,2026-04-09 20:14:00,topup,11099,credit_card,MyApp,DEVf0fbdb65,Makassar,0
TXN0002371,CUST10396,2026-04-09 20:19:00,topup,17393,virtual_account,Web_Portal,DEVcc8cc291,Bandung,0
TXN0006145,CUST10986,2026-04-09 20:20:00,topup,44789,e-wallet_ovo,Retail_Outlet,DEV23763f57,Makassar,0
TXN0000431,CUST10071,2026-04-09 20:31:00,topup,32028,retail_counter,Partner_Bank,DEV52645a59,Palembang,0
TXN0001321,CUST10220,2026-04-09 20:36:00,topup,19967,retail_counter,Web_Portal,DEV2ce6f908,Yogyakarta,0
TXN0000870,CUST10143,2026-04-09 20:57:00,topup,33510,e-wallet_dana,USSD,DEVaf9a1168,Palembang,0
TXN0006704,CUST11081,2026-04-09 21:05:00,topup,32273,credit_card,Web_Portal,DEV769eb31c,Medan,0
TXN0004612,CUST10749,2026-04-09 21:06:00,topup,5961,virtual_account,MyApp,DEVf311a3a1,Medan,0
TXN0001856,CUST10318,2026-04-09 21:53:00,topup,12145,e-wallet_dana,MyApp,DEV5132fe68,Denpasar,0
TXN0001528,CUST10262,2026-04-09 21:53:00,topup,13938,e-wallet_gopay,Web_Portal,DEV236e9007,Jakarta,0
TXN0005159,CUST10835,2026-04-09 22:09:00,topup,22166,e-wallet_dana,MyApp,DEVc27f9590,Bandung,0
TXN0006430,CUST11034,2026-04-09 22:17:00,topup,5000,e-wallet_ovo,Retail_Outlet,DEV8d80c2fe,Surabaya,0
TXN0005786,CUST10932,2026-04-09 22:38:00,topup,6692,bank_transfer,Partner_Bank,DEV9dcb65be,Semarang,0
TXN0005719,CUST10922,2026-04-09 22:58:00,topup,17937,bank_transfer,Partner_Bank,DEVb285d65b,Palembang,0
TXN0001698,CUST10291,2026-04-10 06:20:00,topup,24999,virtual_account,USSD,DEV5074ac13,Yogyakarta,0
TXN0007290,CUST11177,2026-04-10 06:21:00,topup,5000,credit_card,Retail_Outlet,DEV0777cad1,Yogyakarta,0
TXN0001691,CUST10290,2026-04-10 06:30:00,topup,15299,e-wallet_gopay,USSD,DEVec9a799e,Malang,0
TXN0005711,CUST10921,2026-04-10 06:46:00,topup,5000,retail_counter,MyApp,DEVd0b21f98,Bandung,0
TXN0003816,CUST10625,2026-04-10 07:16:00,topup,18106,credit_card,Retail_Outlet,DEV0c5c9940,Denpasar,0
TXN0005105,CUST10828,2026-04-10 07:28:00,topup,30917,credit_card,Retail_Outlet,DEV506801b9,Palembang,0
TXN0002746,CUST10458,2026-04-10 07:52:00,topup,5000,e-wallet_ovo,Retail_Outlet,DEV93c09687,Makassar,0
TXN0001464,CUST10248,2026-04-10 07:57:00,topup,5000,e-wallet_gopay,Partner_Bank,DEV9de7df7b,Bandung,0
TXN0002802,CUST10467,2026-04-10 08:02:00,topup,10676,e-wallet_dana,Partner_Bank,DEV0b73ca1c,Balikpapan,0
TXN0005362,CUST10864,2026-04-10 08:03:00,topup,7652,bank_transfer,Web_Portal,DEV2323f3de,Bandung,0
TXN0000309,CUST10050,2026-04-10 08:16:00,topup,14671,e-wallet_gopay,Retail_Outlet,DEV4fe54745,Palembang,0
TXN0006752,CUST11089,2026-04-10 08:27:00,topup,6997,retail_counter,Retail_Outlet,DEVeb19071b,Semarang,0
TXN0004295,CUST10695,2026-04-10 08:33:00,topup,5000,retail_counter,USSD,DEVb8d49cf2,Pekanbaru,0
TXN0001095,CUST10179,2026-04-10 08:36:00,topup,21675,virtual_account,Retail_Outlet,DEVb5103e9c,Makassar,0
TXN0003021,CUST10500,2026-04-10 08:36:00,topup,8579,virtual_account,USSD,DEVb96c2da0,Denpasar,0
TXN0003634,CUST10597,2026-04-10 08:37:00,topup,5000,retail_counter,USSD,DEV0843280a,Yogyakarta,0
TXN0001008,CUST10166,2026-04-10 08:45:00,topup,5000,virtual_account,Retail_Outlet,DEV1b9ec5f9,Malang,0
TXN0000290,CUST10048,2026-04-10 08:58:00,topup,18861,virtual_account,Partner_Bank,DEV26996aab,Balikpapan,0
TXN0000830,CUST10137,2026-04-10 09:34:00,topup,29512,credit_card,Partner_Bank,DEVa60147c3,Pekanbaru,0
TXN0006078,CUST10976,2026-04-10 09:40:00,topup,26744,e-wallet_gopay,Partner_Bank,DEV18927ebd,Pekanbaru,0
TXN0002697,CUST10449,2026-04-10 09:57:00,topup,36538,e-wallet_dana,Retail_Outlet,DEVcba88a28,Yogyakarta,0
TXN0000241,CUST10041,2026-04-10 10:11:00,topup,38417,virtual_account,Retail_Outlet,DEV34ec5264,Balikpapan,0
TXN0003144,CUST10520,2026-04-10 10:12:00,topup,17699,e-wallet_ovo,Retail_Outlet,DEV3b482d28,Malang,0
TXN0000416,CUST10069,2026-04-10 10:20:00,topup,17229,retail_counter,Web_Portal,DEV1ee93260,Bandung,0
TXN0000209,CUST10035,2026-04-10 10:26:00,topup,50018,e-wallet_gopay,Web_Portal,DEV0c9e5550,Semarang,0
TXN0005086,CUST10826,2026-04-10 10:29:00,topup,37691,e-wallet_ovo,Partner_Bank,DEV79477aa8,Pekanbaru,0
TXN0002669,CUST10445,2026-04-10 10:36:00,topup,34760,e-wallet_gopay,Retail_Outlet,DEVa358c4d3,Jakarta,0
TXN0005026,CUST10815,2026-04-10 10:42:00,topup,23574,e-wallet_dana,USSD,DEVf5946de4,Bandung,0
TXN0000740,CUST10124,2026-04-10 10:46:00,topup,22560,e-wallet_gopay,USSD,DEV08560684,Makassar,0
TXN0007302,CUST11179,2026-04-10 11:25:00,topup,32581,e-wallet_dana,USSD,DEV64dd4384,Palembang,0
TXN0005699,CUST10918,2026-04-10 11:39:00,topup,38883,e-wallet_gopay,MyApp,DEV2dd10250,Yogyakarta,0
TXN0004142,CUST10673,2026-04-10 11:58:00,topup,5000,credit_card,Partner_Bank,DEV00684d9c,Surabaya,0
TXN0001093,CUST10178,2026-04-10 11:59:00,topup,30780,credit_card,MyApp,DEV17584f23,Pekanbaru,0
TXN0005589,CUST10899,2026-04-10 12:15:00,topup,9409,virtual_account,Web_Portal,DEVe5865a54,Palembang,0
TXN0007032,CUST11135,2026-04-10 12:33:00,topup,5000,bank_transfer,Retail_Outlet,DEV7f37c8f7,Medan,0
TXN0002704,CUST10450,2026-04-10 12:53:00,topup,10916,e-wallet_dana,USSD,DEV3bbdf80c,Denpasar,0
TXN0001812,CUST10310,2026-04-10 13:06:00,topup,21652,bank_transfer,Retail_Outlet,DEVe7d90c1b,Denpasar,0
TXN0000487,CUST10080,2026-04-10 13:08:00,topup,5000,credit_card,MyApp,DEVb52a9e6b,Pekanbaru,0
TXN0005859,CUST10940,2026-04-10 13:13:00,topup,62372,retail_counter,Retail_Outlet,DEV8c6ef4cd,Jakarta,0
TXN0004092,CUST10665,2026-04-10 13:22:00,topup,5000,virtual_account,Partner_Bank,DEVa190aa44,Surabaya,0
TXN0007410,CUST11197,2026-04-10 13:24:00,topup,51699,virtual_account,Partner_Bank,DEV89797b17,Surabaya,0
TXN0004658,CUST10757,2026-04-10 13:31:00,topup,5000,retail_counter,USSD,DEVdd0d3739,Yogyakarta,0
TXN0000223,CUST10038,2026-04-10 13:34:00,topup,8934,retail_counter,MyApp,DEVb5a6571c,Yogyakarta,0
TXN0007297,CUST11179,2026-04-10 13:37:00,topup,15260,e-wallet_dana,Partner_Bank,DEV67e69ffe,Palembang,0
TXN0004202,CUST10682,2026-04-10 13:39:00,topup,5000,e-wallet_dana,USSD,DEVcb317618,Palembang,0
TXN0005386,CUST10867,2026-04-10 13:52:00,topup,38543,credit_card,Web_Portal,DEV75863743,Surabaya,0
TXN0000083,CUST10013,2026-04-10 14:34:00,topup,9441,virtual_account,Partner_Bank,DEVcf03f0c8,Medan,0
TXN0003406,CUST10563,2026-04-10 14:40:00,topup,14991,credit_card,USSD,DEV8390bd94,Pekanbaru,0
TXN0004248,CUST10688,2026-04-10 14:57:00,topup,17325,retail_counter,Web_Portal,DEV8852787c,Yogyakarta,0
TXN0005782,CUST10931,2026-04-10 15:08:00,topup,46354,credit_card,Web_Portal,DEV6370e0f7,Denpasar,0
TXN0003651,CUST10600,2026-04-10 15:12:00,topup,42091,credit_card,USSD,DEVee662c46,Jakarta,0
TXN0000519,CUST10085,2026-04-10 15:15:00,topup,25128,retail_counter,Partner_Bank,DEV2d90e4ee,Jakarta,0
TXN0007420,CUST11198,2026-04-10 15:19:00,topup,5000,virtual_account,MyApp,DEVcab0d331,Jakarta,0
TXN0002623,CUST10438,2026-04-10 15:21:00,topup,5000,bank_transfer,Retail_Outlet,DEVe2fb8d66,Bandung,0
TXN0007244,CUST11171,2026-04-10 15:38:00,topup,49418,virtual_account,MyApp,DEV9bd0e94e,Denpasar,0
TXN0006075,CUST10975,2026-04-10 15:48:00,topup,44979,e-wallet_gopay,Partner_Bank,DEV3cd68ac3,Denpasar,0
TXN0003839,CUST10628,2026-04-10 15:50:00,topup,18745,e-wallet_ovo,USSD,DEV742f790e,Jakarta,0
TXN0002350,CUST10393,2026-04-10 15:57:00,topup,5000,e-wallet_gopay,USSD,DEVb176e71f,Malang,0
TXN0004349,CUST10706,2026-04-10 15:59:00,topup,8010,bank_transfer,Retail_Outlet,DEV4d81bc5e,Jakarta,0
TXN0000368,CUST10060,2026-04-10 16:03:00,topup,31584,bank_transfer,Web_Portal,DEV7b90942f,Denpasar,0
TXN0005659,CUST10912,2026-04-10 16:08:00,topup,42343,e-wallet_dana,Partner_Bank,DEV74d90398,Bandung,0
TXN0001236,CUST10203,2026-04-10 16:12:00,topup,5000,virtual_account,Web_Portal,DEV972d5d57,Makassar,0
TXN0000318,CUST10053,2026-04-10 16:47:00,topup,36798,e-wallet_ovo,MyApp,DEVcfdfc6f9,Makassar,0
TXN0003161,CUST10522,2026-04-10 16:48:00,topup,5000,bank_transfer,USSD,DEV2b729d66,Surabaya,0
TXN0006658,CUST11073,2026-04-10 16:55:00,topup,43759,bank_transfer,Partner_Bank,DEVb05ab6bf,Yogyakarta,0
TXN0002649,CUST10441,2026-04-10 16:57:00,topup,45630,e-wallet_ovo,Partner_Bank,DEVaa528f85,Palembang,0
TXN0001246,CUST10206,2026-04-10 16:59:00,topup,29931,virtual_account,Web_Portal,DEV534bfa86,Malang,0
TXN0001258,CUST10208,2026-04-10 17:47:00,topup,37524,e-wallet_dana,Partner_Bank,DEVe09ef2a3,Balikpapan,0
TXN0005414,CUST10872,2026-04-10 17:53:00,topup,39778,virtual_account,Retail_Outlet,DEV8aad970f,Jakarta,0
TXN0000150,CUST10024,2026-04-10 18:08:00,topup,6861,e-wallet_ovo,Retail_Outlet,DEV6e6b34b9,Surabaya,0
TXN0006995,CUST11128,2026-04-10 18:10:00,topup,32332,e-wallet_dana,MyApp,DEV5ef993c3,Denpasar,0
TXN0003957,CUST10646,2026-04-10 18:30:00,topup,43459,retail_counter,Retail_Outlet,DEV209595a4,Malang,0
TXN0001524,CUST10262,2026-04-10 18:31:00,topup,5000,e-wallet_ovo,USSD,DEV620956a8,Jakarta,0
TXN0004518,CUST10731,2026-04-10 19:20:00,topup,49953,bank_transfer,MyApp,DEVb8f73fad,Jakarta,0
TXN0006088,CUST10977,2026-04-10 19:22:00,topup,8477,e-wallet_gopay,USSD,DEVc4811514,Malang,0
TXN0002485,CUST10414,2026-04-10 19:31:00,topup,54612,retail_counter,USSD,DEV11162039,Makassar,0
TXN0007100,CUST11149,2026-04-10 19:45:00,topup,15195,bank_transfer,USSD,DEVccda08bf,Medan,0
TXN0003568,CUST10587,2026-04-10 19:53:00,topup,16143,e-wallet_ovo,Partner_Bank,DEVe879c9a6,Balikpapan,0
TXN0001751,CUST10300,2026-04-10 20:53:00,topup,5000,e-wallet_dana,Web_Portal,DEV2803feb5,Palembang,0
TXN0000820,CUST10135,2026-04-10 20:57:00,topup,16740,bank_transfer,MyApp,DEVc4100108,Bandung,0
TXN0002001,CUST10338,2026-04-10 20:59:00,topup,26722,retail_counter,Partner_Bank,DEVb95e44e3,Jakarta,0
TXN0003528,CUST10581,2026-04-10 21:02:00,topup,28022,e-wallet_gopay,Partner_Bank,DEV203d54c9,Makassar,0
TXN0001885,CUST10322,2026-04-10 21:10:00,topup,30323,e-wallet_ovo,Retail_Outlet,DEV16c72b1a,Makassar,0
TXN0003015,CUST10500,2026-04-10 21:13:00,topup,9522,credit_card,Retail_Outlet,DEV2e2f2127,Denpasar,0
TXN0003028,CUST10502,2026-04-10 21:39:00,topup,32472,virtual_account,Partner_Bank,DEV9981d28f,Balikpapan,0
TXN0002049,CUST10345,2026-04-10 21:40:00,topup,21145,e-wallet_gopay,Partner_Bank,DEV77ed78d9,Pekanbaru,0
TXN0000120,CUST10020,2026-04-10 22:23:00,topup,27324,e-wallet_gopay,Web_Portal,DEV4b657bcc,Surabaya,0
TXN0005043,CUST10818,2026-04-10 22:34:00,topup,20761,credit_card,Partner_Bank,DEVe7c5d314,Medan,0
TXN0000415,CUST10069,2026-04-10 22:41:00,topup,25185,virtual_account,USSD,DEV41191aa7,Bandung,0
TXN0003268,CUST10540,2026-04-11 06:13:00,topup,25945,retail_counter,MyApp,DEV2ba009ec,Palembang,0
TXN0001440,CUST10245,2026-04-11 06:15:00,topup,24586,virtual_account,Partner_Bank,DEV28628b4e,Bandung,0
TXN0004158,CUST10676,2026-04-11 06:26:00,topup,26544,e-wallet_ovo,Partner_Bank,DEVa76090e7,Medan,0
TXN0003134,CUST10518,2026-04-11 06:49:00,topup,24821,e-wallet_gopay,USSD,DEV50814407,Balikpapan,0
TXN0006327,CUST11016,2026-04-11 07:18:00,topup,16581,e-wallet_gopay,Partner_Bank,DEVef3dc5a8,Semarang,0
TXN0000854,CUST10141,2026-04-11 07:47:00,topup,39067,e-wallet_dana,USSD,DEV180dc855,Semarang,0
TXN0003172,CUST10523,2026-04-11 08:03:00,topup,17700,credit_card,USSD,DEV8331d711,Yogyakarta,0
TXN0000234,CUST10039,2026-04-11 08:44:00,topup,27059,e-wallet_ovo,Web_Portal,DEV797e3984,Denpasar,0
TXN0000037,CUST10004,2026-04-11 08:50:00,topup,5000,credit_card,MyApp,DEV1b0c62eb,Medan,0
TXN0000886,CUST10145,2026-04-11 09:29:00,topup,15963,virtual_account,Partner_Bank,DEV290c4414,Denpasar,0
TXN0005890,CUST10944,2026-04-11 09:35:00,topup,5000,retail_counter,USSD,DEV4cb22b3d,Pekanbaru,0
TXN0003334,CUST10550,2026-04-11 09:38:00,topup,5000,retail_counter,MyApp,DEV5a58abba,Balikpapan,0
TXN0006984,CUST11127,2026-04-11 10:01:00,topup,29079,virtual_account,USSD,DEV31d46873,Makassar,0
TXN0000893,CUST10146,2026-04-11 10:11:00,topup,60359,bank_transfer,Retail_Outlet,DEV10372a5c,Semarang,0
TXN0002294,CUST10385,2026-04-11 10:15:00,topup,10271,retail_counter,Web_Portal,DEV39c2c1a2,Denpasar,0
TXN0001368,CUST10233,2026-04-11 10:18:00,topup,9082,e-wallet_dana,Retail_Outlet,DEVaae6787e,Bandung,0
TXN0005863,CUST10940,2026-04-11 10:41:00,topup,33917,credit_card,Web_Portal,DEV1eca80e9,Jakarta,0
TXN0004781,CUST10775,2026-04-11 10:44:00,topup,12844,e-wallet_gopay,Web_Portal,DEV0aa5aaf2,Surabaya,0
TXN0001534,CUST10264,2026-04-11 10:46:00,topup,5000,credit_card,MyApp,DEV80e9b300,Pekanbaru,0
TXN0000385,CUST10063,2026-04-11 11:00:00,topup,5000,bank_transfer,MyApp,DEVe45e2ad0,Jakarta,0
TXN0005754,CUST10927,2026-04-11 11:05:00,topup,5000,e-wallet_gopay,MyApp,DEV0c906c01,Medan,0
TXN0005407,CUST10871,2026-04-11 11:08:00,topup,22846,e-wallet_ovo,USSD,DEV48c08d33,Surabaya,0
TXN0001109,CUST10180,2026-04-11 11:08:00,topup,20734,bank_transfer,Web_Portal,DEV9ba4d5a6,Medan,0
TXN0001650,CUST10283,2026-04-11 11:15:00,topup,18204,virtual_account,MyApp,DEV5a0461c9,Semarang,0
TXN0000731,CUST10122,2026-04-11 11:17:00,topup,46664,credit_card,MyApp,DEVdb6a34ea,Yogyakarta,0
TXN0001017,CUST10168,2026-04-11 11:21:00,topup,12160,e-wallet_dana,Retail_Outlet,DEV7d6c3d2a,Denpasar,0
TXN0004020,CUST10655,2026-04-11 11:26:00,topup,25649,retail_counter,Partner_Bank,DEV6c905f13,Semarang,0
TXN0006311,CUST11014,2026-04-11 11:30:00,topup,90205,e-wallet_dana,USSD,DEVfe95c8c9,Makassar,0
TXN0007621,CUST10933,2026-04-11 12:00:00,promo_bundle_redeem,0,promo_credit,MyApp,DEV4588d5c7,Bandung,1
TXN0002480,CUST10413,2026-04-11 12:14:00,topup,24710,e-wallet_ovo,Retail_Outlet,DEVa8b97820,Yogyakarta,0
TXN0003738,CUST10613,2026-04-11 13:10:00,topup,31781,e-wallet_dana,MyApp,DEV513cd464,Makassar,0
TXN0006910,CUST11116,2026-04-11 13:11:00,topup,46189,retail_counter,MyApp,DEVa44c26d4,Surabaya,0
TXN0001858,CUST10318,2026-04-11 13:15:00,topup,5000,e-wallet_dana,USSD,DEV462741ec,Denpasar,0
TXN0006814,CUST11098,2026-04-11 13:20:00,topup,5000,e-wallet_gopay,MyApp,DEV07789dae,Palembang,0
TXN0000638,CUST10106,2026-04-11 13:23:00,topup,12240,credit_card,Partner_Bank,DEVe6cfcbd8,Malang,0
TXN0002975,CUST10494,2026-04-11 13:28:00,topup,27741,bank_transfer,MyApp,DEV8373edf3,Pekanbaru,0
TXN0004671,CUST10760,2026-04-11 13:39:00,topup,5000,e-wallet_gopay,Retail_Outlet,DEV28c2783d,Jakarta,0
TXN0001429,CUST10243,2026-04-11 13:39:00,topup,30350,bank_transfer,Partner_Bank,DEVbce8e033,Denpasar,0
TXN0005097,CUST10827,2026-04-11 13:49:00,topup,5000,e-wallet_ovo,MyApp,DEV60421eb5,Pekanbaru,0
TXN0002892,CUST10482,2026-04-11 14:40:00,topup,8523,virtual_account,Web_Portal,DEV6924e248,Pekanbaru,0
TXN0005734,CUST10924,2026-04-11 14:53:00,topup,5000,e-wallet_dana,USSD,DEVc2f72b1f,Palembang,0
TXN0001430,CUST10244,2026-04-11 14:58:00,topup,27358,e-wallet_dana,Partner_Bank,DEV1eece891,Medan,0
TXN0005825,CUST10936,2026-04-11 15:53:00,topup,20665,retail_counter,Retail_Outlet,DEV7c641c58,Semarang,0
TXN0002532,CUST10422,2026-04-11 15:54:00,topup,29910,credit_card,Retail_Outlet,DEVa8702d97,Denpasar,0
TXN0007155,CUST11157,2026-04-11 15:57:00,topup,28906,credit_card,Retail_Outlet,DEV080bf99f,Yogyakarta,0
TXN0007073,CUST11144,2026-04-11 16:02:00,topup,39795,e-wallet_gopay,Web_Portal,DEV8e2a4c5a,Semarang,0
TXN0001580,CUST10273,2026-04-11 16:05:00,topup,12345,credit_card,Partner_Bank,DEVf85bc2d3,Palembang,0
TXN0005995,CUST10963,2026-04-11 16:07:00,topup,33332,e-wallet_ovo,USSD,DEVc1a8a33b,Palembang,0
TXN0000896,CUST10146,2026-04-11 16:07:00,topup,21903,e-wallet_dana,USSD,DEV277529a2,Semarang,0
TXN0000233,CUST10039,2026-04-11 16:10:00,topup,5000,virtual_account,Partner_Bank,DEV7233d5af,Denpasar,0
TXN0000135,CUST10023,2026-04-11 16:10:00,topup,20645,e-wallet_ovo,Partner_Bank,DEVb86d066b,Semarang,0
TXN0006367,CUST11021,2026-04-11 16:31:00,topup,5000,e-wallet_dana,Partner_Bank,DEVc50ef346,Medan,0
TXN0000952,CUST10156,2026-04-11 16:36:00,topup,5000,credit_card,Web_Portal,DEVe6267164,Surabaya,0
TXN0002597,CUST10433,2026-04-11 16:40:00,topup,23517,retail_counter,USSD,DEV6a7330b3,Semarang,0
TXN0007038,CUST11136,2026-04-11 16:47:00,topup,27816,e-wallet_ovo,MyApp,DEVd3c8acca,Medan,0
TXN0002166,CUST10364,2026-04-11 16:53:00,topup,5919,e-wallet_dana,Retail_Outlet,DEVefd37a6d,Denpasar,0
TXN0006550,CUST11054,2026-04-11 17:03:00,topup,33883,virtual_account,Web_Portal,DEVca7d60a1,Medan,0
TXN0003326,CUST10549,2026-04-11 17:20:00,topup,17873,credit_card,USSD,DEVb7a745e2,Yogyakarta,0
TXN0006875,CUST11110,2026-04-11 17:59:00,topup,5000,credit_card,Retail_Outlet,DEVbb20fea4,Medan,0
TXN0002219,CUST10372,2026-04-11 18:25:00,topup,46059,e-wallet_ovo,MyApp,DEV19fc8579,Semarang,0
TXN0004963,CUST10806,2026-04-11 18:38:00,topup,13769,virtual_account,Partner_Bank,DEVb354f19d,Jakarta,0
TXN0005826,CUST10936,2026-04-11 18:43:00,topup,7951,credit_card,Retail_Outlet,DEVf2d1e6c1,Semarang,0
TXN0004046,CUST10658,2026-04-11 18:50:00,topup,17779,e-wallet_gopay,MyApp,DEVbcc9c2e6,Surabaya,0
TXN0002818,CUST10470,2026-04-11 18:52:00,topup,21531,e-wallet_dana,USSD,DEVc9ac376c,Pekanbaru,0
TXN0002906,CUST10484,2026-04-11 19:15:00,topup,5000,e-wallet_gopay,USSD,DEVfba13732,Surabaya,0
TXN0003199,CUST10527,2026-04-11 19:26:00,topup,19353,e-wallet_dana,Web_Portal,DEVc234af07,Surabaya,0
TXN0004655,CUST10757,2026-04-11 19:46:00,topup,18532,e-wallet_dana,Partner_Bank,DEV53133ea1,Yogyakarta,0
TXN0007404,CUST11195,2026-04-11 19:50:00,topup,5000,e-wallet_dana,MyApp,DEVae957e1c,Semarang,0
TXN0001422,CUST10242,2026-04-11 20:00:00,topup,5000,e-wallet_dana,Partner_Bank,DEVe797f3ae,Palembang,0
TXN0001379,CUST10235,2026-04-11 20:04:00,topup,24896,e-wallet_gopay,Retail_Outlet,DEV424d9430,Denpasar,0
TXN0006873,CUST11110,2026-04-11 20:16:00,topup,32696,e-wallet_dana,USSD,DEVfc16f82a,Medan,0
TXN0003911,CUST10638,2026-04-11 20:17:00,topup,5000,retail_counter,Partner_Bank,DEV4878917a,Yogyakarta,0
TXN0007067,CUST11142,2026-04-11 20:41:00,topup,32209,e-wallet_gopay,MyApp,DEVd4796110,Denpasar,0
TXN0002588,CUST10431,2026-04-11 20:45:00,topup,35601,e-wallet_ovo,Retail_Outlet,DEV4cdbf99e,Medan,0
TXN0002089,CUST10353,2026-04-11 20:48:00,topup,20593,e-wallet_gopay,Retail_Outlet,DEVb717548d,Medan,0
TXN0003458,CUST10571,2026-04-11 21:19:00,topup,47828,e-wallet_dana,Retail_Outlet,DEV19991b39,Denpasar,0
TXN0003542,CUST10583,2026-04-11 21:23:00,topup,24442,e-wallet_dana,Retail_Outlet,DEVb819b15d,Balikpapan,0
TXN0006362,CUST11021,2026-04-11 21:35:00,topup,8101,credit_card,USSD,DEVcc7e66de,Medan,0
TXN0005626,CUST10906,2026-04-11 21:43:00,topup,5000,virtual_account,Retail_Outlet,DEVbab8ad70,Semarang,0
TXN0003174,CUST10524,2026-04-11 22:36:00,topup,5000,retail_counter,Web_Portal,DEV69c718ee,Malang,0
TXN0005120,CUST10831,2026-04-11 22:39:00,topup,30454,retail_counter,Retail_Outlet,DEV23d13c7f,Yogyakarta,0
TXN0002562,CUST10428,2026-04-11 22:43:00,topup,39589,retail_counter,Partner_Bank,DEV3aa06694,Jakarta,0
TXN0003822,CUST10626,2026-04-11 22:46:00,topup,10730,bank_transfer,Retail_Outlet,DEVbb21d347,Semarang,0
TXN0004140,CUST10673,2026-04-11 22:59:00,topup,5000,e-wallet_gopay,USSD,DEV2d9be542,Surabaya,0
TXN0001607,CUST10277,2026-04-12 06:05:00,topup,30491,credit_card,USSD,DEV7147f758,Malang,0
TXN0000317,CUST10053,2026-04-12 06:24:00,topup,8398,e-wallet_ovo,Web_Portal,DEV2a35ce30,Makassar,0
TXN0004359,CUST10707,2026-04-12 06:35:00,topup,53636,e-wallet_ovo,USSD,DEVb850b440,Malang,0
TXN0005538,CUST10890,2026-04-12 06:36:00,topup,41123,e-wallet_ovo,USSD,DEV3242f61c,Makassar,0
TXN0004444,CUST10720,2026-04-12 06:42:00,topup,5000,e-wallet_ovo,Web_Portal,DEV28815cd9,Pekanbaru,0
TXN0000545,CUST10090,2026-04-12 06:49:00,topup,28309,e-wallet_ovo,Partner_Bank,DEVe7d73d1d,Surabaya,0
TXN0005482,CUST10883,2026-04-12 06:58:00,topup,5000,retail_counter,MyApp,DEVc87d01c2,Palembang,0
TXN0003757,CUST10616,2026-04-12 07:05:00,topup,5000,e-wallet_gopay,Partner_Bank,DEV5027b309,Palembang,0
TXN0002711,CUST10451,2026-04-12 07:09:00,topup,5000,bank_transfer,MyApp,DEV970e287a,Denpasar,0
TXN0007235,CUST11169,2026-04-12 07:14:00,topup,5000,e-wallet_dana,Web_Portal,DEVe1772a38,Malang,0
TXN0004254,CUST10689,2026-04-12 07:20:00,topup,5000,virtual_account,Web_Portal,DEVa7fc1bad,Medan,0
TXN0004844,CUST10787,2026-04-12 07:23:00,topup,39578,e-wallet_dana,Partner_Bank,DEV3366da87,Pekanbaru,0
TXN0001064,CUST10174,2026-04-12 07:35:00,topup,8356,bank_transfer,MyApp,DEV9df79a27,Jakarta,0
TXN0002546,CUST10425,2026-04-12 07:46:00,topup,5000,virtual_account,Partner_Bank,DEVe97f995d,Balikpapan,0
TXN0003212,CUST10530,2026-04-12 07:46:00,topup,16486,e-wallet_gopay,USSD,DEV92004957,Balikpapan,0
TXN0005158,CUST10835,2026-04-12 07:58:00,topup,48894,e-wallet_gopay,USSD,DEVeede901c,Bandung,0
TXN0001703,CUST10291,2026-04-12 08:00:00,topup,23265,e-wallet_dana,MyApp,DEV74fa65ce,Yogyakarta,0
TXN0000101,CUST10016,2026-04-12 08:10:00,topup,5000,e-wallet_ovo,Retail_Outlet,DEV9a069295,Malang,0
TXN0006154,CUST10989,2026-04-12 08:16:00,topup,5000,retail_counter,Partner_Bank,DEV5bd537b1,Jakarta,0
TXN0003219,CUST10531,2026-04-12 08:18:00,topup,5000,credit_card,Web_Portal,DEVe58118d1,Semarang,0
TXN0000807,CUST10134,2026-04-12 08:45:00,topup,48508,virtual_account,USSD,DEVf2cffcae,Denpasar,0
TXN0004223,CUST10685,2026-04-12 08:50:00,topup,5000,e-wallet_gopay,USSD,DEV2b85ffb7,Surabaya,0
TXN0003005,CUST10499,2026-04-12 09:28:00,topup,29657,credit_card,Partner_Bank,DEVa05095fa,Pekanbaru,0
TXN0006851,CUST11107,2026-04-12 09:36:00,topup,9549,virtual_account,MyApp,DEVa37ae656,Malang,0
TXN0000851,CUST10140,2026-04-12 09:36:00,topup,16503,e-wallet_dana,MyApp,DEV62821d61,Balikpapan,0
TXN0000284,CUST10047,2026-04-12 09:45:00,topup,5000,retail_counter,Web_Portal,DEV1e26ed31,Semarang,0
TXN0006600,CUST11063,2026-04-12 09:53:00,topup,22154,e-wallet_ovo,Web_Portal,DEV5dc228d3,Bandung,0
TXN0004285,CUST10694,2026-04-12 10:02:00,topup,49919,bank_transfer,USSD,DEV9b62d6d2,Palembang,0
TXN0001980,CUST10335,2026-04-12 10:14:00,topup,5000,bank_transfer,Retail_Outlet,DEV2fb50401,Makassar,0
TXN0003968,CUST10647,2026-04-12 10:59:00,topup,27057,virtual_account,Web_Portal,DEV9055e085,Jakarta,0
TXN0004921,CUST10800,2026-04-12 11:26:00,topup,47813,bank_transfer,Web_Portal,DEVa0ca381c,Medan,0
TXN0001544,CUST10265,2026-04-12 11:51:00,topup,27888,bank_transfer,Partner_Bank,DEV6403c4bc,Malang,0
TXN0006041,CUST10971,2026-04-12 11:59:00,topup,21609,credit_card,USSD,DEVf5f30d6e,Balikpapan,0
TXN0004073,CUST10662,2026-04-12 12:15:00,topup,36159,bank_transfer,Partner_Bank,DEV497dd968,Balikpapan,0
TXN0003220,CUST10531,2026-04-12 12:15:00,topup,34237,e-wallet_gopay,Retail_Outlet,DEV7fdbabc1,Semarang,0
TXN0004466,CUST10723,2026-04-12 12:28:00,topup,38209,retail_counter,Retail_Outlet,DEV888e58e7,Surabaya,0
TXN0002078,CUST10351,2026-04-12 12:43:00,topup,12937,virtual_account,USSD,DEV2ac38bd3,Bandung,0
TXN0005448,CUST10878,2026-04-12 13:21:00,topup,14584,e-wallet_dana,Web_Portal,DEV59259acd,Makassar,0
TXN0005920,CUST10949,2026-04-12 13:25:00,topup,10858,credit_card,MyApp,DEV89fd911f,Malang,0
TXN0002578,CUST10429,2026-04-12 13:26:00,topup,5000,credit_card,Partner_Bank,DEV4d980202,Denpasar,0
TXN0007021,CUST11133,2026-04-12 13:30:00,topup,16883,e-wallet_gopay,MyApp,DEV7a3f4573,Yogyakarta,0
TXN0006911,CUST11116,2026-04-12 13:55:00,topup,41925,bank_transfer,USSD,DEVe90c961c,Surabaya,0
TXN0005473,CUST10881,2026-04-12 14:00:00,topup,14474,e-wallet_ovo,MyApp,DEV5e723c24,Balikpapan,0
TXN0006403,CUST11027,2026-04-12 14:39:00,topup,5000,credit_card,Partner_Bank,DEV3556071b,Pekanbaru,0
TXN0000996,CUST10164,2026-04-12 15:09:00,topup,39626,e-wallet_dana,USSD,DEVbd717da3,Makassar,0
TXN0002379,CUST10398,2026-04-12 15:38:00,topup,46735,e-wallet_gopay,MyApp,DEVdabc47ce,Makassar,0
TXN0002077,CUST10350,2026-04-12 15:55:00,topup,8285,e-wallet_ovo,MyApp,DEV8ffe38c9,Yogyakarta,0
TXN0007057,CUST11141,2026-04-12 15:57:00,topup,17225,e-wallet_dana,USSD,DEVfb26699f,Semarang,0
TXN0001957,CUST10331,2026-04-12 16:00:00,topup,47836,e-wallet_ovo,Web_Portal,DEVa87319fe,Pekanbaru,0
TXN0001689,CUST10290,2026-04-12 16:03:00,topup,52149,credit_card,MyApp,DEV2bf95861,Malang,0
TXN0000464,CUST10077,2026-04-12 16:18:00,topup,5000,bank_transfer,MyApp,DEVb1644235,Semarang,0
TXN0005776,CUST10930,2026-04-12 16:36:00,topup,16825,credit_card,MyApp,DEVaeb4eb8e,Jakarta,0
TXN0001436,CUST10245,2026-04-12 16:47:00,topup,12262,retail_counter,Partner_Bank,DEV5eb38ef5,Bandung,0
TXN0002900,CUST10484,2026-04-12 16:53:00,topup,21616,bank_transfer,Retail_Outlet,DEV017cc74e,Surabaya,0
TXN0000463,CUST10077,2026-04-12 17:13:00,topup,45277,bank_transfer,Retail_Outlet,DEVcbfd4a31,Semarang,0
TXN0003774,CUST10618,2026-04-12 17:21:00,topup,5000,virtual_account,Partner_Bank,DEV5097ce46,Malang,0
TXN0005686,CUST10917,2026-04-12 17:25:00,topup,29170,credit_card,USSD,DEV3edf665f,Surabaya,0
TXN0005850,CUST10939,2026-04-12 17:43:00,topup,25513,e-wallet_gopay,Web_Portal,DEV0bb9c606,Semarang,0
TXN0000246,CUST10042,2026-04-12 17:46:00,topup,13520,retail_counter,Retail_Outlet,DEV3948fe22,Yogyakarta,0
TXN0004837,CUST10786,2026-04-12 17:58:00,topup,51576,e-wallet_dana,Web_Portal,DEVbd76bb2f,Yogyakarta,0
TXN0000732,CUST10122,2026-04-12 17:58:00,topup,45898,virtual_account,Partner_Bank,DEVd91738f8,Yogyakarta,0
TXN0000427,CUST10070,2026-04-12 17:59:00,topup,5000,e-wallet_ovo,USSD,DEVc7f4f4f9,Surabaya,0
TXN0003924,CUST10639,2026-04-12 18:00:00,topup,24153,retail_counter,Partner_Bank,DEV6cd6cedf,Pekanbaru,0
TXN0001114,CUST10181,2026-04-12 18:21:00,topup,5000,e-wallet_dana,USSD,DEVa0ee404f,Makassar,0
TXN0003191,CUST10526,2026-04-12 18:24:00,topup,12037,e-wallet_gopay,Retail_Outlet,DEV1d447f41,Denpasar,0
TXN0000353,CUST10058,2026-04-12 18:36:00,topup,26914,bank_transfer,Retail_Outlet,DEVad409244,Palembang,0
TXN0006978,CUST11126,2026-04-12 18:43:00,topup,14656,retail_counter,Retail_Outlet,DEV0067eaa6,Surabaya,0
TXN0004305,CUST10697,2026-04-12 19:41:00,topup,5101,e-wallet_ovo,USSD,DEV23d86a4f,Medan,0
TXN0001125,CUST10185,2026-04-12 19:52:00,topup,5000,e-wallet_ovo,Web_Portal,DEV5c3552b3,Balikpapan,0
TXN0005264,CUST10849,2026-04-12 20:51:00,topup,39754,e-wallet_ovo,Retail_Outlet,DEVfa1d8ded,Palembang,0
TXN0004665,CUST10759,2026-04-12 21:16:00,topup,13656,retail_counter,MyApp,DEVea072198,Malang,0
TXN0001403,CUST10240,2026-04-12 21:28:00,topup,21441,credit_card,Web_Portal,DEV7c8b7f1e,Makassar,0
TXN0001276,CUST10211,2026-04-12 21:55:00,topup,5597,retail_counter,Web_Portal,DEV49d93a08,Surabaya,0
TXN0007138,CUST11155,2026-04-12 22:01:00,topup,38292,e-wallet_dana,MyApp,DEVcc464bb8,Yogyakarta,0
TXN0006895,CUST11113,2026-04-12 22:07:00,topup,36489,e-wallet_ovo,MyApp,DEV3ac1b782,Bandung,0
TXN0001591,CUST10275,2026-04-12 22:09:00,topup,10658,e-wallet_ovo,USSD,DEV5b7e24ca,Palembang,0
TXN0004379,CUST10711,2026-04-12 22:10:00,topup,41333,retail_counter,MyApp,DEV4e2da257,Denpasar,0
TXN0004895,CUST10795,2026-04-12 22:22:00,topup,6111,credit_card,MyApp,DEVf3cecaaf,Malang,0
TXN0004892,CUST10795,2026-04-12 22:27:00,topup,24626,bank_transfer,Retail_Outlet,DEVa0624c48,Malang,0
TXN0000510,CUST10083,2026-04-12 22:52:00,topup,20056,virtual_account,Web_Portal,DEVa07eafb1,Bandung,0
TXN0001589,CUST10274,2026-04-13 07:35:00,topup,8258,e-wallet_ovo,Retail_Outlet,DEV1deb979d,Denpasar,0
TXN0002420,CUST10403,2026-04-13 07:54:00,topup,10081,e-wallet_gopay,MyApp,DEV58bce5e4,Balikpapan,0
TXN0005047,CUST10819,2026-04-13 08:20:00,topup,5000,credit_card,Web_Portal,DEV7f5085e7,Yogyakarta,0
TXN0002894,CUST10482,2026-04-13 08:30:00,topup,23284,credit_card,Retail_Outlet,DEV4008d4da,Pekanbaru,0
TXN0000195,CUST10032,2026-04-13 08:32:00,topup,27202,retail_counter,USSD,DEV032a461a,Yogyakarta,0
TXN0006692,CUST11078,2026-04-13 08:50:00,topup,21129,e-wallet_ovo,Retail_Outlet,DEV8a02711e,Pekanbaru,0
TXN0002499,CUST10415,2026-04-13 08:50:00,topup,64038,bank_transfer,MyApp,DEV761b7e11,Yogyakarta,0
TXN0007622,CUST10933,2026-04-13 09:00:00,promo_bundle_redeem,0,promo_credit,MyApp,DEVaba78b51,Bandung,1
TXN0007422,CUST11198,2026-04-13 09:30:00,topup,21821,virtual_account,Web_Portal,DEVce5e137f,Jakarta,0
TXN0003061,CUST10508,2026-04-13 09:41:00,topup,5000,virtual_account,Retail_Outlet,DEV2586dcd1,Medan,0
TXN0000627,CUST10104,2026-04-13 10:13:00,topup,40409,bank_transfer,Retail_Outlet,DEV7b4e9ecd,Palembang,0
TXN0001103,CUST10180,2026-04-13 10:46:00,topup,25929,credit_card,MyApp,DEVbaebe15d,Medan,0
TXN0000947,CUST10155,2026-04-13 11:04:00,topup,5000,e-wallet_dana,Partner_Bank,DEV3ff69f41,Makassar,0
TXN0001279,CUST10211,2026-04-13 11:32:00,topup,43508,credit_card,USSD,DEVe288109d,Surabaya,0
TXN0003017,CUST10500,2026-04-13 11:38:00,topup,15731,bank_transfer,Retail_Outlet,DEVd147a0bf,Denpasar,0
TXN0002902,CUST10484,2026-04-13 11:48:00,topup,16392,bank_transfer,MyApp,DEV48ef30ff,Surabaya,0
TXN0007200,CUST11163,2026-04-13 12:04:00,topup,16611,credit_card,Partner_Bank,DEV40d6c0ac,Bandung,0
TXN0003418,CUST10565,2026-04-13 12:28:00,topup,20512,virtual_account,Web_Portal,DEV75fa0ebe,Bandung,0
TXN0001152,CUST10189,2026-04-13 13:10:00,topup,47430,e-wallet_gopay,MyApp,DEV115db44f,Pekanbaru,0
TXN0005580,CUST10897,2026-04-13 13:34:00,topup,47771,e-wallet_gopay,MyApp,DEV7c8c9267,Yogyakarta,0
TXN0000909,CUST10149,2026-04-13 13:41:00,topup,39548,e-wallet_dana,Partner_Bank,DEV77d2b94f,Yogyakarta,0
TXN0004501,CUST10728,2026-04-13 13:53:00,topup,19336,retail_counter,Web_Portal,DEV84c469b1,Palembang,0
TXN0000692,CUST10115,2026-04-13 14:05:00,topup,27328,bank_transfer,Retail_Outlet,DEV46a3cc71,Bandung,0
TXN0002460,CUST10410,2026-04-13 14:34:00,topup,39967,retail_counter,Web_Portal,DEV6b1d20b9,Jakarta,0
TXN0001424,CUST10243,2026-04-13 14:50:00,topup,17011,e-wallet_ovo,Web_Portal,DEVd5d9a385,Denpasar,0
TXN0005392,CUST10869,2026-04-13 14:50:00,topup,6681,e-wallet_ovo,USSD,DEVef4bd7a8,Semarang,0
TXN0002483,CUST10414,2026-04-13 15:02:00,topup,36938,virtual_account,Partner_Bank,DEV286e3f0a,Makassar,0
TXN0001900,CUST10324,2026-04-13 15:14:00,topup,13251,bank_transfer,Partner_Bank,DEV2e2cb850,Yogyakarta,0
TXN0006009,CUST10965,2026-04-13 15:20:00,topup,30134,e-wallet_ovo,Web_Portal,DEV7846e9c5,Palembang,0
TXN0006117,CUST10982,2026-04-13 15:35:00,topup,39014,bank_transfer,USSD,DEVc7d012b0,Yogyakarta,0
TXN0007028,CUST11134,2026-04-13 15:36:00,topup,30692,e-wallet_ovo,Web_Portal,DEVd55c41b2,Balikpapan,0
TXN0001663,CUST10285,2026-04-13 15:54:00,topup,31563,credit_card,Web_Portal,DEV23966b83,Surabaya,0
TXN0007346,CUST11187,2026-04-13 15:55:00,topup,24891,credit_card,Retail_Outlet,DEV7fd7559e,Medan,0
TXN0002010,CUST10339,2026-04-13 16:12:00,topup,5000,retail_counter,Partner_Bank,DEV67b41520,Pekanbaru,0
TXN0006422,CUST11031,2026-04-13 16:18:00,topup,11838,credit_card,Partner_Bank,DEV1b19b829,Surabaya,0
TXN0007009,CUST11130,2026-04-13 16:31:00,topup,21395,e-wallet_ovo,MyApp,DEVc8b1ef8c,Pekanbaru,0
TXN0003547,CUST10584,2026-04-13 17:10:00,topup,40636,bank_transfer,Partner_Bank,DEV1a85fd69,Yogyakarta,0
TXN0000596,CUST10099,2026-04-13 17:28:00,topup,21221,e-wallet_gopay,USSD,DEVe1ad640c,Balikpapan,0
TXN0004414,CUST10716,2026-04-13 17:31:00,topup,25546,credit_card,Partner_Bank,DEV89b3889d,Pekanbaru,0
TXN0005072,CUST10824,2026-04-13 17:46:00,topup,36407,bank_transfer,Partner_Bank,DEVe6e005dd,Palembang,0
TXN0007052,CUST11140,2026-04-13 18:03:00,topup,33182,e-wallet_dana,Partner_Bank,DEVf1668e89,Surabaya,0
TXN0001457,CUST10247,2026-04-13 18:18:00,topup,11514,e-wallet_ovo,Web_Portal,DEVa05ff5e6,Bandung,0
TXN0000682,CUST10114,2026-04-13 18:21:00,topup,5000,virtual_account,MyApp,DEV49560c36,Yogyakarta,0
TXN0000129,CUST10022,2026-04-13 18:48:00,topup,34292,e-wallet_gopay,Retail_Outlet,DEV51cbf9e5,Makassar,0
TXN0007272,CUST11175,2026-04-13 18:59:00,topup,6608,e-wallet_dana,USSD,DEVe604d38c,Medan,0
TXN0001001,CUST10165,2026-04-13 19:09:00,topup,31818,credit_card,USSD,DEVe7f2418a,Semarang,0
TXN0004459,CUST10722,2026-04-13 19:18:00,topup,15212,virtual_account,Retail_Outlet,DEV9599b267,Bandung,0
TXN0002220,CUST10373,2026-04-13 19:20:00,topup,5000,e-wallet_dana,Retail_Outlet,DEVa6cc0a57,Medan,0
TXN0000685,CUST10115,2026-04-13 19:20:00,topup,48705,credit_card,MyApp,DEV02bdeabe,Bandung,0
TXN0000518,CUST10085,2026-04-13 19:51:00,topup,5000,e-wallet_dana,Partner_Bank,DEV09b2eae6,Jakarta,0
TXN0007329,CUST11185,2026-04-13 20:24:00,topup,25991,e-wallet_dana,MyApp,DEVa873abc8,Medan,0
TXN0000292,CUST10048,2026-04-13 20:32:00,topup,17726,virtual_account,Web_Portal,DEVe4917f7d,Balikpapan,0
TXN0004690,CUST10763,2026-04-13 20:43:00,topup,20484,bank_transfer,USSD,DEVe008e8ed,Jakarta,0
TXN0000900,CUST10147,2026-04-13 20:45:00,topup,6904,e-wallet_ovo,USSD,DEV2dbb45bd,Semarang,0
TXN0001659,CUST10285,2026-04-13 20:48:00,topup,40272,credit_card,Partner_Bank,DEVcd75e6de,Surabaya,0
TXN0000235,CUST10039,2026-04-13 20:50:00,topup,19830,retail_counter,Retail_Outlet,DEV5820b3f2,Denpasar,0
TXN0003432,CUST10566,2026-04-13 21:09:00,topup,22277,e-wallet_gopay,Retail_Outlet,DEVe5228d31,Pekanbaru,0
TXN0003101,CUST10513,2026-04-13 21:25:00,topup,11243,e-wallet_dana,MyApp,DEV71a84189,Balikpapan,0
TXN0000048,CUST10006,2026-04-13 21:38:00,topup,40547,e-wallet_ovo,Retail_Outlet,DEVd1f16485,Makassar,0
TXN0007303,CUST11180,2026-04-13 22:05:00,topup,24447,e-wallet_dana,Retail_Outlet,DEV92010309,Semarang,0
TXN0000707,CUST10118,2026-04-13 22:37:00,topup,25848,e-wallet_dana,Retail_Outlet,DEV71594914,Palembang,0
TXN0005586,CUST10898,2026-04-13 22:48:00,topup,50193,e-wallet_dana,USSD,DEVda6b391d,Pekanbaru,0
TXN0005156,CUST10835,2026-04-13 22:51:00,topup,50808,e-wallet_gopay,USSD,DEV346003a3,Bandung,0
TXN0000999,CUST10164,2026-04-13 22:54:00,topup,23593,retail_counter,MyApp,DEVfe07832a,Makassar,0
TXN0003058,CUST10508,2026-04-13 22:56:00,topup,5000,virtual_account,USSD,DEVe830257d,Medan,0
TXN0001677,CUST10288,2026-04-14 06:11:00,topup,20042,virtual_account,Retail_Outlet,DEV4d38a8d0,Malang,0
TXN0006135,CUST10985,2026-04-14 06:12:00,topup,22516,bank_transfer,Partner_Bank,DEVb31e120d,Surabaya,0
TXN0004533,CUST10733,2026-04-14 06:16:00,topup,11118,e-wallet_dana,Web_Portal,DEVa8c1fb64,Malang,0
TXN0003232,CUST10533,2026-04-14 06:26:00,topup,5000,e-wallet_gopay,Web_Portal,DEV5d21a235,Makassar,0
TXN0000772,CUST10129,2026-04-14 06:41:00,topup,6888,credit_card,Retail_Outlet,DEV9b0707e5,Bandung,0
TXN0001508,CUST10257,2026-04-14 07:02:00,topup,45048,e-wallet_ovo,Retail_Outlet,DEVab45eaf0,Surabaya,0
TXN0005806,CUST10934,2026-04-14 07:08:00,topup,15915,bank_transfer,Partner_Bank,DEVdb95e988,Denpasar,0
TXN0005169,CUST10836,2026-04-14 07:26:00,topup,8324,e-wallet_dana,MyApp,DEV53cdc93f,Pekanbaru,0
TXN0003488,CUST10574,2026-04-14 07:30:00,topup,5000,retail_counter,Web_Portal,DEVae50f96e,Denpasar,0
TXN0000884,CUST10145,2026-04-14 07:31:00,topup,5000,credit_card,Retail_Outlet,DEV77e8b762,Denpasar,0
TXN0004237,CUST10687,2026-04-14 07:32:00,topup,14449,e-wallet_ovo,MyApp,DEVf2e5cecf,Palembang,0
TXN0005208,CUST10841,2026-04-14 07:47:00,topup,5000,e-wallet_gopay,Web_Portal,DEV6f72bca4,Balikpapan,0
TXN0003907,CUST10637,2026-04-14 08:07:00,topup,6268,e-wallet_dana,USSD,DEV3fab0c74,Jakarta,0
TXN0001426,CUST10243,2026-04-14 08:11:00,topup,42863,credit_card,USSD,DEV98507072,Denpasar,0
TXN0005643,CUST10909,2026-04-14 08:48:00,topup,19902,e-wallet_ovo,MyApp,DEV8345d6d3,Palembang,0
TXN0000208,CUST10035,2026-04-14 08:48:00,topup,16063,e-wallet_ovo,USSD,DEVe1035e1c,Semarang,0
TXN0005996,CUST10964,2026-04-14 08:52:00,topup,24662,bank_transfer,Partner_Bank,DEVb8e55770,Bandung,0
TXN0005353,CUST10863,2026-04-14 09:18:00,topup,32385,virtual_account,USSD,DEV4702fe75,Malang,0
TXN0007051,CUST11140,2026-04-14 09:19:00,topup,36887,retail_counter,Partner_Bank,DEV10df8c94,Surabaya,0
TXN0001543,CUST10265,2026-04-14 09:20:00,topup,29932,retail_counter,Partner_Bank,DEVe24c724b,Malang,0
TXN0000950,CUST10155,2026-04-14 09:32:00,topup,29004,bank_transfer,USSD,DEV13c37b5d,Makassar,0
TXN0005723,CUST10923,2026-04-14 09:57:00,topup,25570,e-wallet_ovo,Retail_Outlet,DEV527c9dea,Denpasar,0
TXN0004101,CUST10667,2026-04-14 10:04:00,topup,34332,virtual_account,Retail_Outlet,DEV8bf9a66d,Surabaya,0
TXN0006493,CUST11043,2026-04-14 10:12:00,topup,34536,retail_counter,USSD,DEVaf003b94,Semarang,0
TXN0000025,CUST10003,2026-04-14 10:35:00,topup,44625,e-wallet_ovo,USSD,DEV69be173a,Palembang,0
TXN0005326,CUST10859,2026-04-14 10:39:00,topup,8292,bank_transfer,USSD,DEV51ccaa40,Denpasar,0
TXN0003323,CUST10548,2026-04-14 10:45:00,topup,15778,retail_counter,Retail_Outlet,DEV6fa1c232,Medan,0
TXN0002978,CUST10494,2026-04-14 10:47:00,topup,28413,bank_transfer,Web_Portal,DEV9b72a9fe,Pekanbaru,0
TXN0001846,CUST10316,2026-04-14 11:22:00,topup,30523,credit_card,Web_Portal,DEV40c37cbc,Pekanbaru,0
TXN0003860,CUST10632,2026-04-14 11:23:00,topup,9991,retail_counter,Retail_Outlet,DEV7f297630,Malang,0
TXN0007088,CUST11147,2026-04-14 11:43:00,topup,20937,virtual_account,MyApp,DEVe1b3b9d1,Malang,0
TXN0003688,CUST10606,2026-04-14 11:53:00,topup,23270,bank_transfer,MyApp,DEV092e9fab,Makassar,0
TXN0005971,CUST10959,2026-04-14 12:06:00,topup,23037,retail_counter,Partner_Bank,DEV681f9515,Medan,0
TXN0001522,CUST10261,2026-04-14 12:34:00,topup,43245,virtual_account,Web_Portal,DEV83c5c510,Palembang,0
TXN0004659,CUST10757,2026-04-14 12:48:00,topup,37137,virtual_account,Web_Portal,DEVbd9ed3fc,Yogyakarta,0
TXN0002917,CUST10486,2026-04-14 13:16:00,topup,5000,e-wallet_ovo,Web_Portal,DEV98daae8c,Bandung,0
TXN0007319,CUST11183,2026-04-14 13:32:00,topup,33382,e-wallet_dana,Web_Portal,DEVf0dac80a,Denpasar,0
TXN0007229,CUST11168,2026-04-14 13:33:00,topup,39202,e-wallet_ovo,Web_Portal,DEV92a6584c,Jakarta,0
TXN0001254,CUST10208,2026-04-14 13:41:00,topup,55352,retail_counter,MyApp,DEVcf51a203,Balikpapan,0
TXN0000453,CUST10075,2026-04-14 13:55:00,topup,5000,retail_counter,MyApp,DEV0d95aaf5,Surabaya,0
TXN0004535,CUST10734,2026-04-14 14:02:00,topup,38847,virtual_account,Partner_Bank,DEV9d719800,Medan,0
TXN0001471,CUST10249,2026-04-14 14:40:00,topup,17319,e-wallet_dana,Retail_Outlet,DEVbf4113cb,Semarang,0
TXN0001221,CUST10201,2026-04-14 14:44:00,topup,55819,e-wallet_dana,USSD,DEV4f75d45a,Semarang,0
TXN0004576,CUST10741,2026-04-14 14:58:00,topup,7846,credit_card,MyApp,DEV887cedb9,Bandung,0
TXN0005194,CUST10839,2026-04-14 16:15:00,topup,45715,credit_card,Web_Portal,DEVb3efbaa9,Jakarta,0
TXN0006527,CUST11049,2026-04-14 16:24:00,topup,11543,retail_counter,USSD,DEV1ac0dff3,Surabaya,0
TXN0002525,CUST10421,2026-04-14 16:27:00,topup,5000,bank_transfer,Retail_Outlet,DEV529b20e0,Medan,0
TXN0007322,CUST11184,2026-04-14 16:38:00,topup,5000,credit_card,Partner_Bank,DEV836392b7,Makassar,0
TXN0005251,CUST10848,2026-04-14 16:42:00,topup,31994,virtual_account,Partner_Bank,DEVc17c2577,Palembang,0
TXN0003346,CUST10552,2026-04-14 16:55:00,topup,41242,bank_transfer,Partner_Bank,DEVb780606a,Semarang,0
TXN0006596,CUST11063,2026-04-14 17:11:00,topup,42753,bank_transfer,Retail_Outlet,DEV46b3138a,Bandung,0
TXN0000276,CUST10046,2026-04-14 17:15:00,topup,18993,retail_counter,Partner_Bank,DEV7885187d,Medan,0
TXN0003316,CUST10546,2026-04-14 17:20:00,topup,17906,e-wallet_dana,Retail_Outlet,DEV5d697934,Yogyakarta,0
TXN0004477,CUST10724,2026-04-14 17:24:00,topup,6342,e-wallet_gopay,USSD,DEVdaac1277,Semarang,0
TXN0001345,CUST10227,2026-04-14 17:41:00,topup,18673,e-wallet_ovo,MyApp,DEVcd649aff,Balikpapan,0
TXN0003926,CUST10640,2026-04-14 17:42:00,topup,11776,e-wallet_ovo,USSD,DEV198493ce,Palembang,0
TXN0002487,CUST10414,2026-04-14 18:00:00,topup,18439,e-wallet_dana,Partner_Bank,DEV69498671,Makassar,0
TXN0003950,CUST10644,2026-04-14 18:01:00,topup,22124,virtual_account,Retail_Outlet,DEV358fb73f,Yogyakarta,0
TXN0004128,CUST10670,2026-04-14 18:02:00,topup,31887,e-wallet_ovo,USSD,DEV1993edfe,Pekanbaru,0
TXN0006084,CUST10977,2026-04-14 18:57:00,topup,15240,virtual_account,USSD,DEVd173bd6d,Malang,0
TXN0005816,CUST10935,2026-04-14 19:18:00,topup,33095,retail_counter,USSD,DEV47820b9c,Jakarta,0
TXN0006962,CUST11124,2026-04-14 19:22:00,topup,32280,e-wallet_ovo,Web_Portal,DEVad20c3fa,Denpasar,0
TXN0007254,CUST11173,2026-04-14 19:25:00,topup,14790,e-wallet_dana,Web_Portal,DEVfab8cd39,Balikpapan,0
TXN0007246,CUST11171,2026-04-14 19:25:00,topup,55147,e-wallet_dana,Partner_Bank,DEV2c20fb0e,Denpasar,0
TXN0003019,CUST10500,2026-04-14 19:38:00,topup,29228,e-wallet_dana,Partner_Bank,DEV6d283989,Denpasar,0
TXN0002124,CUST10359,2026-04-14 19:53:00,topup,14328,e-wallet_ovo,Retail_Outlet,DEV8a39068b,Semarang,0
TXN0005082,CUST10825,2026-04-14 20:19:00,topup,7382,e-wallet_gopay,USSD,DEVba52dbf2,Bandung,0
TXN0004286,CUST10694,2026-04-14 20:21:00,topup,32246,e-wallet_dana,USSD,DEVb6fac9b9,Palembang,0
TXN0000383,CUST10063,2026-04-14 20:34:00,topup,16894,e-wallet_gopay,Web_Portal,DEVa9e8f0d8,Jakarta,0
TXN0003702,CUST10609,2026-04-14 20:36:00,topup,5000,retail_counter,Web_Portal,DEVd4022243,Yogyakarta,0
TXN0000186,CUST10031,2026-04-14 20:45:00,topup,5000,e-wallet_ovo,USSD,DEV363e6ef4,Bandung,0
TXN0003036,CUST10503,2026-04-14 20:51:00,topup,33725,e-wallet_dana,MyApp,DEV447809c0,Balikpapan,0
TXN0003011,CUST10500,2026-04-14 21:07:00,topup,20821,e-wallet_gopay,Retail_Outlet,DEV25f93ab9,Denpasar,0
TXN0006532,CUST11051,2026-04-14 21:15:00,topup,51799,e-wallet_gopay,Web_Portal,DEV3fa916f9,Makassar,0
TXN0004059,CUST10660,2026-04-14 21:35:00,topup,31165,credit_card,Retail_Outlet,DEV4fa87a65,Bandung,0
TXN0005294,CUST10854,2026-04-14 21:45:00,topup,5284,virtual_account,Retail_Outlet,DEV63265564,Surabaya,0
TXN0004105,CUST10667,2026-04-14 21:46:00,topup,22448,retail_counter,Retail_Outlet,DEV3e5bd4af,Surabaya,0
TXN0003408,CUST10563,2026-04-14 21:50:00,topup,26243,credit_card,Partner_Bank,DEVa7c10adb,Pekanbaru,0
TXN0005757,CUST10927,2026-04-14 22:01:00,topup,9932,virtual_account,USSD,DEVb67af865,Medan,0
TXN0004351,CUST10706,2026-04-14 22:15:00,topup,12549,e-wallet_gopay,Partner_Bank,DEV7a2f2c57,Jakarta,0
TXN0002335,CUST10391,2026-04-14 22:25:00,topup,13888,retail_counter,USSD,DEV4a832ab5,Yogyakarta,0
TXN0006168,CUST10990,2026-04-14 22:42:00,topup,15024,virtual_account,Partner_Bank,DEV824fdf53,Yogyakarta,0
TXN0000105,CUST10017,2026-04-14 22:49:00,topup,16501,virtual_account,Web_Portal,DEVcd6bb03b,Bandung,0
TXN0004929,CUST10801,2026-04-15 06:00:00,topup,32304,e-wallet_dana,Web_Portal,DEV50c49c2b,Makassar,0
TXN0001280,CUST10212,2026-04-15 06:03:00,topup,5000,e-wallet_ovo,Web_Portal,DEVf997f697,Yogyakarta,0
TXN0005042,CUST10818,2026-04-15 06:06:00,topup,49871,virtual_account,Partner_Bank,DEV6f339c5e,Medan,0
TXN0004943,CUST10804,2026-04-15 06:09:00,topup,23217,credit_card,MyApp,DEV960f96d9,Yogyakarta,0
TXN0003481,CUST10573,2026-04-15 06:19:00,topup,19943,retail_counter,Retail_Outlet,DEV46b821c7,Surabaya,0
TXN0002935,CUST10489,2026-04-15 06:22:00,topup,16286,e-wallet_ovo,Partner_Bank,DEV38c6430f,Denpasar,0
TXN0005243,CUST10847,2026-04-15 06:40:00,topup,13466,e-wallet_ovo,MyApp,DEVbff49e06,Pekanbaru,0
TXN0000151,CUST10024,2026-04-15 06:41:00,topup,45221,e-wallet_ovo,MyApp,DEV9b792afa,Surabaya,0
TXN0005091,CUST10826,2026-04-15 06:57:00,topup,13474,e-wallet_gopay,MyApp,DEVe21a47b9,Pekanbaru,0
TXN0002476,CUST10413,2026-04-15 07:06:00,topup,18162,bank_transfer,MyApp,DEV641e7f8c,Yogyakarta,0
TXN0000591,CUST10098,2026-04-15 07:35:00,topup,5000,e-wallet_gopay,MyApp,DEV0a58f43c,Malang,0
TXN0003866,CUST10633,2026-04-15 07:56:00,topup,35729,bank_transfer,Partner_Bank,DEVb01f90e7,Pekanbaru,0
TXN0006726,CUST11085,2026-04-15 08:04:00,topup,16447,e-wallet_dana,USSD,DEV82fecfdc,Bandung,0
TXN0006459,CUST11037,2026-04-15 08:22:00,topup,5000,e-wallet_gopay,USSD,DEV24d4dba9,Balikpapan,0
TXN0002970,CUST10493,2026-04-15 08:39:00,topup,5000,e-wallet_dana,Retail_Outlet,DEV462e9af3,Bandung,0
TXN0000017,CUST10002,2026-04-15 08:42:00,topup,22100,bank_transfer,Retail_Outlet,DEV0274ce40,Makassar,0
TXN0005137,CUST10833,2026-04-15 09:01:00,topup,6697,retail_counter,Web_Portal,DEV6334db06,Semarang,0
TXN0002540,CUST10424,2026-04-15 09:22:00,topup,38385,virtual_account,USSD,DEVa180f402,Palembang,0
TXN0000555,CUST10091,2026-04-15 09:24:00,topup,5000,bank_transfer,MyApp,DEV5b6d6b7c,Makassar,0
TXN0005603,CUST10901,2026-04-15 09:29:00,topup,46770,credit_card,MyApp,DEV4a9b0dc7,Surabaya,0
TXN0005075,CUST10824,2026-04-15 09:41:00,topup,42011,e-wallet_dana,USSD,DEV9c00cb52,Palembang,0
TXN0006737,CUST11085,2026-04-15 09:43:00,topup,44790,e-wallet_ovo,Web_Portal,DEV6f97aebd,Bandung,0
TXN0006925,CUST11118,2026-04-15 09:54:00,topup,34926,retail_counter,Web_Portal,DEV3b8879a2,Makassar,0
TXN0004229,CUST10685,2026-04-15 10:01:00,topup,27595,virtual_account,USSD,DEVc03832d0,Surabaya,0
TXN0002885,CUST10480,2026-04-15 10:15:00,topup,23038,credit_card,Retail_Outlet,DEVd92d9519,Makassar,0
TXN0000314,CUST10051,2026-04-15 10:27:00,topup,35125,virtual_account,MyApp,DEV6f04af36,Makassar,0
TXN0005502,CUST10885,2026-04-15 10:28:00,topup,5000,e-wallet_dana,Partner_Bank,DEV372f9fb6,Semarang,0
TXN0000296,CUST10048,2026-04-15 10:53:00,topup,15759,retail_counter,Partner_Bank,DEV503be788,Balikpapan,0
TXN0006584,CUST11060,2026-04-15 10:55:00,topup,30092,e-wallet_dana,USSD,DEV5ef28433,Jakarta,0
TXN0003981,CUST10648,2026-04-15 11:06:00,topup,16376,retail_counter,Partner_Bank,DEV183f36db,Semarang,0
TXN0003715,CUST10611,2026-04-15 11:13:00,topup,18424,retail_counter,USSD,DEVe85fda55,Pekanbaru,0
TXN0005293,CUST10854,2026-04-15 11:28:00,topup,5000,credit_card,USSD,DEV7b6deeca,Surabaya,0
TXN0002999,CUST10498,2026-04-15 11:30:00,topup,47140,e-wallet_gopay,Web_Portal,DEVbb0084fa,Balikpapan,0
TXN0005594,CUST10899,2026-04-15 11:39:00,topup,16166,e-wallet_dana,Partner_Bank,DEVadc1e2f7,Palembang,0
TXN0005172,CUST10836,2026-04-15 12:07:00,topup,6268,e-wallet_ovo,Retail_Outlet,DEV490c3442,Pekanbaru,0
TXN0002694,CUST10448,2026-04-15 12:09:00,topup,56626,e-wallet_dana,Partner_Bank,DEVf395c213,Palembang,0
TXN0003927,CUST10640,2026-04-15 12:12:00,topup,19401,bank_transfer,Partner_Bank,DEV9381ebb3,Palembang,0
TXN0006256,CUST11006,2026-04-15 12:17:00,topup,5000,bank_transfer,MyApp,DEVdc2f952c,Bandung,0
TXN0002359,CUST10394,2026-04-15 12:26:00,topup,35017,bank_transfer,Web_Portal,DEV5c230306,Palembang,0
TXN0001875,CUST10320,2026-04-15 12:29:00,topup,32710,e-wallet_ovo,Web_Portal,DEV690a7b80,Pekanbaru,0
TXN0007398,CUST11194,2026-04-15 12:54:00,topup,25816,virtual_account,USSD,DEVdea43dfd,Denpasar,0
TXN0004499,CUST10728,2026-04-15 12:58:00,topup,5000,bank_transfer,Retail_Outlet,DEV0b9d55cd,Palembang,0
TXN0002533,CUST10422,2026-04-15 13:00:00,topup,24588,virtual_account,Web_Portal,DEV9fb886b2,Denpasar,0
TXN0001658,CUST10284,2026-04-15 13:06:00,topup,5000,virtual_account,Web_Portal,DEVb6697d0a,Denpasar,0
TXN0001795,CUST10307,2026-04-15 13:21:00,topup,43025,e-wallet_dana,Retail_Outlet,DEVd2eba277,Jakarta,0
TXN0000677,CUST10113,2026-04-15 13:22:00,topup,25464,credit_card,Partner_Bank,DEV78bf46fa,Palembang,0
TXN0004245,CUST10688,2026-04-15 13:46:00,topup,21287,e-wallet_ovo,USSD,DEVa159bef3,Yogyakarta,0
TXN0005077,CUST10825,2026-04-15 15:00:00,topup,16344,virtual_account,MyApp,DEVe3fb8c1d,Bandung,0
TXN0002259,CUST10380,2026-04-15 15:04:00,topup,23278,retail_counter,Web_Portal,DEVfbda05ae,Medan,0
TXN0000161,CUST10026,2026-04-15 15:09:00,topup,5000,e-wallet_dana,Retail_Outlet,DEV7af6cd41,Bandung,0
TXN0003666,CUST10602,2026-04-15 15:28:00,topup,5000,e-wallet_ovo,USSD,DEVdf8db157,Jakarta,0
TXN0002589,CUST10431,2026-04-15 16:21:00,topup,23321,e-wallet_ovo,Web_Portal,DEV8d87b7be,Medan,0
TXN0001358,CUST10231,2026-04-15 16:58:00,topup,66761,e-wallet_dana,Partner_Bank,DEV3781d306,Surabaya,0
TXN0001491,CUST10254,2026-04-15 17:12:00,topup,5000,retail_counter,Web_Portal,DEVdcb913b4,Balikpapan,0
TXN0004623,CUST10751,2026-04-15 17:36:00,topup,5000,retail_counter,USSD,DEV1aedbcfd,Bandung,0
TXN0003382,CUST10559,2026-04-15 17:37:00,topup,17406,virtual_account,USSD,DEV0143d636,Denpasar,0
TXN0006804,CUST11097,2026-04-15 17:41:00,topup,50598,retail_counter,Web_Portal,DEV0c0575ab,Yogyakarta,0
TXN0007623,CUST10933,2026-04-15 18:00:00,promo_bundle_redeem,0,promo_credit,MyApp,DEV603fea1d,Bandung,1
TXN0007553,CUST10476,2026-04-15 18:00:00,promo_bundle_redeem,0,promo_credit,MyApp,DEV26994648,Bandung,1
TXN0001542,CUST10265,2026-04-15 18:02:00,topup,18480,e-wallet_ovo,MyApp,DEVe214d458,Malang,0
TXN0004006,CUST10653,2026-04-15 18:11:00,topup,11124,credit_card,MyApp,DEV4d747649,Denpasar,0
TXN0003026,CUST10502,2026-04-15 18:14:00,topup,5112,virtual_account,USSD,DEV21d67c73,Balikpapan,0
TXN0003209,CUST10529,2026-04-15 18:29:00,topup,28304,e-wallet_dana,Partner_Bank,DEV7b4bcaf8,Semarang,0
TXN0002347,CUST10393,2026-04-15 19:04:00,topup,11772,bank_transfer,MyApp,DEV1ad74fd4,Malang,0
TXN0001671,CUST10287,2026-04-15 19:06:00,topup,5000,bank_transfer,MyApp,DEVc355853e,Medan,0
TXN0005454,CUST10879,2026-04-15 19:08:00,topup,5000,e-wallet_dana,Web_Portal,DEV0c485217,Semarang,0
TXN0002966,CUST10493,2026-04-15 19:15:00,topup,5000,e-wallet_dana,Partner_Bank,DEVa13ecf15,Bandung,0
TXN0001952,CUST10331,2026-04-15 19:30:00,topup,30920,retail_counter,MyApp,DEV5fa18468,Pekanbaru,0
TXN0003825,CUST10626,2026-04-15 19:38:00,topup,5000,e-wallet_ovo,Web_Portal,DEV2a6445d3,Semarang,0
TXN0005339,CUST10860,2026-04-15 20:23:00,topup,5000,bank_transfer,Partner_Bank,DEVc09b61e4,Pekanbaru,0
TXN0002927,CUST10488,2026-04-15 20:38:00,topup,5000,e-wallet_ovo,Web_Portal,DEV304c9c7b,Malang,0
TXN0005415,CUST10872,2026-04-15 20:41:00,topup,34264,credit_card,Web_Portal,DEV290fb2bd,Jakarta,0
TXN0000460,CUST10076,2026-04-15 21:38:00,topup,5000,bank_transfer,USSD,DEVacef45c4,Bandung,0
TXN0001154,CUST10189,2026-04-15 21:48:00,topup,5000,e-wallet_gopay,Web_Portal,DEV1d2467e2,Pekanbaru,0
TXN0003414,CUST10564,2026-04-15 22:06:00,topup,5000,virtual_account,Partner_Bank,DEVafaf20ec,Medan,0
TXN0005439,CUST10876,2026-04-15 22:16:00,topup,5807,credit_card,MyApp,DEVb705e692,Jakarta,0
TXN0002674,CUST10445,2026-04-15 22:18:00,topup,44358,credit_card,MyApp,DEVbd3c83c3,Jakarta,0
TXN0006032,CUST10970,2026-04-15 22:47:00,topup,48200,credit_card,Web_Portal,DEV3db87d15,Semarang,0
TXN0002169,CUST10364,2026-04-16 06:00:00,topup,35156,credit_card,Web_Portal,DEV8c2b678e,Denpasar,0
TXN0005304,CUST10856,2026-04-16 06:22:00,topup,32839,e-wallet_gopay,USSD,DEVcb59b151,Surabaya,0
TXN0002844,CUST10474,2026-04-16 06:24:00,topup,37905,e-wallet_ovo,MyApp,DEVc70c15e3,Balikpapan,0
TXN0006240,CUST11003,2026-04-16 06:28:00,topup,41984,e-wallet_gopay,Retail_Outlet,DEVd46a537b,Palembang,0
TXN0005547,CUST10891,2026-04-16 06:39:00,topup,26061,virtual_account,USSD,DEVba2c43ec,Malang,0
TXN0001525,CUST10262,2026-04-16 06:51:00,topup,5000,virtual_account,Retail_Outlet,DEV0a76bd91,Jakarta,0
TXN0004753,CUST10771,2026-04-16 06:52:00,topup,17346,bank_transfer,Retail_Outlet,DEV8e9ff74a,Surabaya,0
TXN0003460,CUST10571,2026-04-16 06:56:00,topup,34393,e-wallet_ovo,MyApp,DEV59ccc94a,Denpasar,0
TXN0005957,CUST10957,2026-04-16 07:54:00,topup,15321,e-wallet_ovo,Retail_Outlet,DEV780826ff,Bandung,0
TXN0005656,CUST10911,2026-04-16 07:58:00,topup,44906,e-wallet_gopay,MyApp,DEVbb3494d1,Denpasar,0
TXN0000191,CUST10031,2026-04-16 08:51:00,topup,7412,e-wallet_dana,Partner_Bank,DEVba236c22,Bandung,0
TXN0005017,CUST10814,2026-04-16 09:11:00,topup,5000,retail_counter,USSD,DEV480d0cf3,Balikpapan,0
TXN0007382,CUST11192,2026-04-16 09:29:00,topup,15868,credit_card,Partner_Bank,DEV1ab01dc1,Yogyakarta,0
TXN0001439,CUST10245,2026-04-16 09:36:00,topup,39466,e-wallet_ovo,Partner_Bank,DEVa1d78199,Bandung,0
TXN0001483,CUST10252,2026-04-16 09:48:00,topup,24255,bank_transfer,Retail_Outlet,DEV47d5ac92,Balikpapan,0
TXN0004820,CUST10781,2026-04-16 10:21:00,topup,5000,e-wallet_dana,Partner_Bank,DEV66e6c48a,Palembang,0
TXN0001068,CUST10174,2026-04-16 10:25:00,topup,5000,e-wallet_gopay,Retail_Outlet,DEVb85f164b,Jakarta,0
TXN0005873,CUST10941,2026-04-16 10:30:00,topup,42976,e-wallet_dana,Web_Portal,DEVd12b32e6,Surabaya,0
TXN0007287,CUST11177,2026-04-16 10:32:00,topup,15519,e-wallet_ovo,Web_Portal,DEV0a76e404,Yogyakarta,0
TXN0006790,CUST11095,2026-04-16 10:42:00,topup,20409,virtual_account,MyApp,DEVe39f95a1,Jakarta,0
TXN0004778,CUST10775,2026-04-16 10:55:00,topup,17434,credit_card,Partner_Bank,DEV10c238ba,Surabaya,0
TXN0004627,CUST10752,2026-04-16 11:10:00,topup,5000,e-wallet_ovo,USSD,DEV4051dbda,Semarang,0
TXN0005211,CUST10842,2026-04-16 11:18:00,topup,18098,bank_transfer,MyApp,DEV5d316263,Pekanbaru,0
TXN0005081,CUST10825,2026-04-16 11:52:00,topup,5000,credit_card,MyApp,DEVe6829d8f,Bandung,0
TXN0006177,CUST10992,2026-04-16 11:54:00,topup,24976,bank_transfer,Partner_Bank,DEVab16b1fd,Yogyakarta,0
TXN0002493,CUST10415,2026-04-16 12:16:00,topup,30592,retail_counter,Retail_Outlet,DEVa38cc35f,Yogyakarta,0
TXN0001675,CUST10287,2026-04-16 12:31:00,topup,48880,e-wallet_dana,USSD,DEV97da64cb,Medan,0
TXN0002143,CUST10361,2026-04-16 13:12:00,topup,44305,e-wallet_dana,Partner_Bank,DEV6cfa28cf,Palembang,0
TXN0000248,CUST10042,2026-04-16 13:26:00,topup,20151,e-wallet_ovo,Retail_Outlet,DEVb599277f,Yogyakarta,0
TXN0005087,CUST10826,2026-04-16 13:42:00,topup,10976,bank_transfer,Web_Portal,DEV00c818ba,Pekanbaru,0
TXN0005344,CUST10861,2026-04-16 13:59:00,topup,20888,e-wallet_gopay,MyApp,DEVe8527018,Semarang,0
TXN0000617,CUST10102,2026-04-16 14:02:00,topup,17750,e-wallet_gopay,Retail_Outlet,DEV3e612d66,Medan,0
TXN0004288,CUST10694,2026-04-16 14:22:00,topup,5000,retail_counter,Retail_Outlet,DEVcfc91b52,Palembang,0
TXN0003272,CUST10541,2026-04-16 14:29:00,topup,41710,virtual_account,Partner_Bank,DEVee93a4d0,Surabaya,0
TXN0000189,CUST10031,2026-04-16 14:41:00,topup,61601,retail_counter,Web_Portal,DEVd2938e6e,Bandung,0
TXN0000657,CUST10110,2026-04-16 14:57:00,topup,5000,virtual_account,MyApp,DEV6001f54d,Jakarta,0
TXN0001704,CUST10291,2026-04-16 14:58:00,topup,5000,bank_transfer,Web_Portal,DEVafe2487f,Yogyakarta,0
TXN0003126,CUST10517,2026-04-16 15:02:00,topup,5000,virtual_account,USSD,DEV300ffa68,Surabaya,0
TXN0001025,CUST10168,2026-04-16 15:03:00,topup,5000,credit_card,Retail_Outlet,DEV39bfc9b6,Denpasar,0
TXN0006705,CUST11081,2026-04-16 15:20:00,topup,41560,bank_transfer,Retail_Outlet,DEV941eddf9,Medan,0
TXN0005090,CUST10826,2026-04-16 16:12:00,topup,15171,virtual_account,USSD,DEV7c152622,Pekanbaru,0
TXN0004489,CUST10727,2026-04-16 16:33:00,topup,26349,retail_counter,USSD,DEVf1e4c27a,Pekanbaru,0
TXN0005409,CUST10871,2026-04-16 16:36:00,topup,5000,virtual_account,MyApp,DEVc07126f3,Surabaya,0
TXN0005963,CUST10958,2026-04-16 16:38:00,topup,34712,virtual_account,Web_Portal,DEV2663afff,Denpasar,0
TXN0003900,CUST10637,2026-04-16 16:53:00,topup,41189,e-wallet_ovo,Retail_Outlet,DEVc4196c8a,Jakarta,0
TXN0007157,CUST11157,2026-04-16 17:02:00,topup,8125,virtual_account,Partner_Bank,DEVf8e8e938,Yogyakarta,0
TXN0004771,CUST10774,2026-04-16 17:10:00,topup,40382,e-wallet_ovo,MyApp,DEVaedb3046,Medan,0
TXN0004776,CUST10775,2026-04-16 17:17:00,topup,5000,virtual_account,MyApp,DEVd4eee313,Surabaya,0
TXN0002513,CUST10419,2026-04-16 17:18:00,topup,54796,e-wallet_gopay,MyApp,DEV1a50a93c,Pekanbaru,0
TXN0006613,CUST11066,2026-04-16 17:22:00,topup,5000,e-wallet_gopay,MyApp,DEV5953b5d4,Jakarta,0
TXN0001718,CUST10294,2026-04-16 17:24:00,topup,75383,virtual_account,Retail_Outlet,DEV677f7c73,Surabaya,0
TXN0002637,CUST10439,2026-04-16 17:37:00,topup,10648,e-wallet_ovo,MyApp,DEV1c3892e8,Malang,0
TXN0001386,CUST10237,2026-04-16 17:37:00,topup,7029,e-wallet_dana,Partner_Bank,DEV00f2baa4,Pekanbaru,0
TXN0000577,CUST10096,2026-04-16 17:39:00,topup,25894,e-wallet_ovo,Web_Portal,DEV09624ec9,Palembang,0
TXN0006445,CUST11036,2026-04-16 17:46:00,topup,11094,credit_card,MyApp,DEVb7e1cb21,Palembang,0
TXN0005994,CUST10963,2026-04-16 17:59:00,topup,20623,e-wallet_dana,Partner_Bank,DEV054d35aa,Palembang,0
TXN0001651,CUST10284,2026-04-16 18:03:00,topup,31939,e-wallet_dana,Partner_Bank,DEV230f1e69,Denpasar,0
TXN0003041,CUST10504,2026-04-16 18:14:00,topup,34262,retail_counter,Partner_Bank,DEV3a0761d9,Balikpapan,0
TXN0004559,CUST10738,2026-04-16 18:23:00,topup,5051,bank_transfer,USSD,DEV18b47298,Jakarta,0
TXN0001049,CUST10172,2026-04-16 19:01:00,topup,22392,retail_counter,Retail_Outlet,DEV06b4ed27,Palembang,0
TXN0006926,CUST11118,2026-04-16 19:08:00,topup,15770,virtual_account,Partner_Bank,DEVdca21033,Makassar,0
TXN0003644,CUST10598,2026-04-16 19:08:00,topup,46146,virtual_account,MyApp,DEVbd4211d1,Bandung,0
TXN0002827,CUST10471,2026-04-16 20:06:00,topup,55009,virtual_account,Web_Portal,DEVf3a80aa0,Yogyakarta,0
TXN0005019,CUST10814,2026-04-16 20:14:00,topup,27369,retail_counter,USSD,DEVe716eb38,Balikpapan,0
TXN0001481,CUST10251,2026-04-16 20:17:00,topup,44539,e-wallet_ovo,MyApp,DEV450ab36d,Makassar,0
TXN0000827,CUST10137,2026-04-16 20:31:00,topup,27279,bank_transfer,Retail_Outlet,DEVa0152b5b,Pekanbaru,0
TXN0001817,CUST10311,2026-04-16 20:51:00,topup,43790,virtual_account,USSD,DEVc840789b,Surabaya,0
TXN0002751,CUST10458,2026-04-16 21:06:00,topup,5000,bank_transfer,Retail_Outlet,DEV1a1940e4,Makassar,0
TXN0005523,CUST10889,2026-04-16 21:10:00,topup,21090,retail_counter,Retail_Outlet,DEV8fc45e9e,Semarang,0
TXN0004551,CUST10737,2026-04-16 21:18:00,topup,25016,credit_card,Web_Portal,DEVf88505f9,Yogyakarta,0
TXN0003823,CUST10626,2026-04-16 21:24:00,topup,5000,e-wallet_gopay,USSD,DEV473bccd4,Semarang,0
TXN0000817,CUST10135,2026-04-16 21:33:00,topup,20595,credit_card,Web_Portal,DEV49694032,Bandung,0
TXN0003055,CUST10507,2026-04-16 21:42:00,topup,16727,e-wallet_ovo,Retail_Outlet,DEV49793220,Malang,0
TXN0006097,CUST10979,2026-04-16 21:48:00,topup,37356,e-wallet_gopay,Retail_Outlet,DEV3dfa45fa,Medan,0
TXN0002742,CUST10457,2026-04-16 22:18:00,topup,10074,e-wallet_ovo,Retail_Outlet,DEV18e9ef77,Makassar,0
TXN0006184,CUST10993,2026-04-16 22:20:00,topup,42370,e-wallet_dana,Partner_Bank,DEV7400c7a1,Bandung,0
TXN0000472,CUST10078,2026-04-16 22:30:00,topup,41102,retail_counter,MyApp,DEV5e244824,Denpasar,0
TXN0000948,CUST10155,2026-04-16 22:36:00,topup,11844,bank_transfer,MyApp,DEV4ce09ecb,Makassar,0
TXN0005334,CUST10860,2026-04-16 22:37:00,topup,5112,virtual_account,Retail_Outlet,DEV7a49c96a,Pekanbaru,0
TXN0000096,CUST10015,2026-04-16 22:49:00,topup,25954,virtual_account,Partner_Bank,DEV91519998,Balikpapan,0
TXN0001066,CUST10174,2026-04-16 22:51:00,topup,37137,e-wallet_ovo,USSD,DEV6d744a0b,Jakarta,0
TXN0000459,CUST10076,2026-04-16 22:52:00,topup,22431,retail_counter,MyApp,DEV73dd3bc6,Bandung,0
TXN0002602,CUST10434,2026-04-17 06:19:00,topup,28866,e-wallet_gopay,Web_Portal,DEVeea00af9,Yogyakarta,0
TXN0002000,CUST10337,2026-04-17 06:24:00,topup,5000,bank_transfer,Web_Portal,DEVb4522738,Yogyakarta,0
TXN0000671,CUST10112,2026-04-17 06:32:00,topup,18668,retail_counter,USSD,DEVf301bb6c,Semarang,0
TXN0006867,CUST11109,2026-04-17 06:52:00,topup,34492,bank_transfer,USSD,DEVf1cf851b,Balikpapan,0
TXN0000838,CUST10138,2026-04-17 06:54:00,topup,18518,retail_counter,USSD,DEV4838a888,Yogyakarta,0
TXN0003562,CUST10586,2026-04-17 07:07:00,topup,35227,virtual_account,Partner_Bank,DEVccc34f70,Yogyakarta,0
TXN0006348,CUST11019,2026-04-17 07:09:00,topup,5000,e-wallet_dana,Retail_Outlet,DEVe4d479e7,Semarang,0
TXN0004185,CUST10680,2026-04-17 07:14:00,topup,9404,virtual_account,USSD,DEVe489149f,Pekanbaru,0
TXN0006118,CUST10982,2026-04-17 07:32:00,topup,21047,e-wallet_dana,MyApp,DEV8d7da747,Yogyakarta,0
TXN0000906,CUST10148,2026-04-17 07:56:00,topup,5000,e-wallet_ovo,Web_Portal,DEVb7c4b3ee,Yogyakarta,0
TXN0001215,CUST10200,2026-04-17 08:05:00,topup,43714,e-wallet_gopay,MyApp,DEV5513b74f,Pekanbaru,0
TXN0004134,CUST10671,2026-04-17 08:13:00,topup,5000,retail_counter,MyApp,DEV665ec4dd,Medan,0
TXN0005129,CUST10832,2026-04-17 08:15:00,topup,20364,retail_counter,MyApp,DEV28b82fa1,Semarang,0
TXN0001553,CUST10267,2026-04-17 08:27:00,topup,35258,e-wallet_dana,MyApp,DEV3066478c,Surabaya,0
TXN0005177,CUST10837,2026-04-17 08:31:00,topup,5000,bank_transfer,MyApp,DEVee1eedbf,Pekanbaru,0
TXN0002759,CUST10460,2026-04-17 08:37:00,topup,15247,e-wallet_gopay,Retail_Outlet,DEVb8f91075,Pekanbaru,0
TXN0000977,CUST10160,2026-04-17 08:43:00,topup,30602,e-wallet_gopay,USSD,DEV8fa8ae34,Jakarta,0
TXN0003820,CUST10626,2026-04-17 08:49:00,topup,5000,retail_counter,Partner_Bank,DEVf41978cd,Semarang,0
TXN0004986,CUST10809,2026-04-17 09:06:00,topup,39353,retail_counter,Retail_Outlet,DEV165effd1,Palembang,0
TXN0002198,CUST10370,2026-04-17 09:10:00,topup,13850,credit_card,Partner_Bank,DEV57076494,Malang,0
TXN0004998,CUST10811,2026-04-17 09:31:00,topup,5000,credit_card,Web_Portal,DEVb78bf29d,Bandung,0
TXN0004638,CUST10754,2026-04-17 09:37:00,topup,14353,virtual_account,USSD,DEV184c4178,Semarang,0
TXN0000746,CUST10125,2026-04-17 09:42:00,topup,29576,retail_counter,USSD,DEV5c91f845,Makassar,0
TXN0001158,CUST10190,2026-04-17 10:02:00,topup,29149,e-wallet_ovo,MyApp,DEVec1a86d3,Balikpapan,0
TXN0001828,CUST10313,2026-04-17 10:05:00,topup,18749,retail_counter,Partner_Bank,DEV171a8b65,Makassar,0
TXN0003405,CUST10563,2026-04-17 10:12:00,topup,8082,virtual_account,USSD,DEVd06200e3,Pekanbaru,0
TXN0001074,CUST10175,2026-04-17 10:13:00,topup,28097,e-wallet_ovo,USSD,DEV3ee79d31,Malang,0
TXN0005020,CUST10814,2026-04-17 10:37:00,topup,8636,e-wallet_ovo,MyApp,DEVc172494f,Balikpapan,0
TXN0002364,CUST10395,2026-04-17 10:43:00,topup,28300,credit_card,USSD,DEV2d1368f3,Bandung,0
TXN0000056,CUST10007,2026-04-17 10:46:00,topup,36547,e-wallet_gopay,Retail_Outlet,DEVf004e897,Medan,0
TXN0007624,CUST10933,2026-04-17 11:00:00,promo_bundle_redeem,0,promo_credit,MyApp,DEV97477da7,Bandung,1
TXN0000556,CUST10092,2026-04-17 11:02:00,topup,5000,e-wallet_gopay,Partner_Bank,DEV3c0a584e,Denpasar,0
TXN0001371,CUST10233,2026-04-17 11:05:00,topup,29657,virtual_account,MyApp,DEV637aa999,Bandung,0
TXN0001531,CUST10263,2026-04-17 11:23:00,topup,9441,e-wallet_ovo,MyApp,DEVdf02774d,Balikpapan,0
TXN0002071,CUST10349,2026-04-17 12:03:00,topup,54204,e-wallet_ovo,Partner_Bank,DEV9ab2b735,Palembang,0
TXN0004562,CUST10739,2026-04-17 12:05:00,topup,44102,credit_card,USSD,DEV068187e9,Semarang,0
TXN0004668,CUST10759,2026-04-17 12:12:00,topup,14050,retail_counter,Partner_Bank,DEV33c00b7d,Malang,0
TXN0004812,CUST10781,2026-04-17 12:32:00,topup,13569,bank_transfer,USSD,DEV7eca5b2d,Palembang,0
TXN0003708,CUST10611,2026-04-17 13:02:00,topup,5950,e-wallet_ovo,USSD,DEV8da4afbe,Pekanbaru,0
TXN0000962,CUST10157,2026-04-17 13:08:00,topup,11322,credit_card,USSD,DEVa1d770ea,Semarang,0
TXN0001993,CUST10337,2026-04-17 13:27:00,topup,5000,e-wallet_gopay,Web_Portal,DEV69bba3c4,Yogyakarta,0
TXN0001062,CUST10174,2026-04-17 13:27:00,topup,9698,bank_transfer,MyApp,DEV345e2eaf,Jakarta,0
TXN0001606,CUST10277,2026-04-17 13:33:00,topup,29483,e-wallet_ovo,Web_Portal,DEVbdd4c1f2,Malang,0
TXN0003274,CUST10541,2026-04-17 13:37:00,topup,35018,e-wallet_dana,MyApp,DEVba65983d,Surabaya,0
TXN0005889,CUST10944,2026-04-17 13:50:00,topup,16325,e-wallet_dana,Web_Portal,DEVa08ba0ef,Pekanbaru,0
TXN0005493,CUST10884,2026-04-17 14:11:00,topup,40379,bank_transfer,MyApp,DEVd66ec576,Semarang,0
TXN0003084,CUST10511,2026-04-17 14:41:00,topup,61577,credit_card,USSD,DEV23ac64e5,Semarang,0
TXN0006260,CUST11006,2026-04-17 14:57:00,topup,17690,virtual_account,Web_Portal,DEV596bf99f,Bandung,0
TXN0007554,CUST10476,2026-04-17 15:00:00,promo_bundle_redeem,0,promo_credit,MyApp,DEVd08ef8b5,Bandung,1
TXN0003897,CUST10636,2026-04-17 15:06:00,topup,44312,e-wallet_gopay,Retail_Outlet,DEVf34574ae,Bandung,0
TXN0005777,CUST10930,2026-04-17 15:09:00,topup,5000,bank_transfer,Partner_Bank,DEV686cd27d,Jakarta,0
TXN0006317,CUST11014,2026-04-17 15:23:00,topup,49182,virtual_account,MyApp,DEV404f04e4,Makassar,0
TXN0006862,CUST11108,2026-04-17 15:27:00,topup,7607,retail_counter,Retail_Outlet,DEV20bf262b,Medan,0
TXN0004427,CUST10718,2026-04-17 16:00:00,topup,25607,bank_transfer,Web_Portal,DEV5c798b20,Denpasar,0
TXN0005539,CUST10890,2026-04-17 16:05:00,topup,32509,credit_card,Retail_Outlet,DEV46983234,Makassar,0
TXN0000434,CUST10071,2026-04-17 16:33:00,topup,12329,retail_counter,USSD,DEV65daced0,Palembang,0
TXN0006931,CUST11119,2026-04-17 16:36:00,topup,43404,credit_card,Partner_Bank,DEV73146dae,Balikpapan,0
TXN0002444,CUST10408,2026-04-17 16:47:00,topup,72174,e-wallet_ovo,USSD,DEVe9eba9fe,Balikpapan,0
TXN0005285,CUST10852,2026-04-17 17:03:00,topup,19589,credit_card,USSD,DEV90a71d24,Palembang,0
TXN0006943,CUST11121,2026-04-17 17:24:00,topup,9779,credit_card,USSD,DEV008a7385,Makassar,0
TXN0000839,CUST10139,2026-04-17 17:31:00,topup,25857,virtual_account,MyApp,DEV703c1286,Makassar,0
TXN0001996,CUST10337,2026-04-17 17:37:00,topup,5000,e-wallet_dana,Partner_Bank,DEVc4c608eb,Yogyakarta,0
TXN0001827,CUST10313,2026-04-17 17:44:00,topup,41168,credit_card,Retail_Outlet,DEV867772d3,Makassar,0
TXN0000496,CUST10081,2026-04-17 17:54:00,topup,8358,retail_counter,USSD,DEVa6388854,Surabaya,0
TXN0002167,CUST10364,2026-04-17 18:03:00,topup,5000,bank_transfer,Retail_Outlet,DEV48924bd6,Denpasar,0
TXN0000925,CUST10151,2026-04-17 18:11:00,topup,41198,e-wallet_dana,MyApp,DEV8cca8963,Malang,0
TXN0002355,CUST10394,2026-04-17 18:18:00,topup,9299,credit_card,USSD,DEV01b8c14a,Palembang,0
TXN0004772,CUST10774,2026-04-17 18:24:00,topup,10760,e-wallet_ovo,USSD,DEV2ad9c360,Medan,0
TXN0006701,CUST11080,2026-04-17 18:25:00,topup,21378,virtual_account,USSD,DEVd1303a7a,Malang,0
TXN0001905,CUST10324,2026-04-17 18:48:00,topup,21455,e-wallet_ovo,Web_Portal,DEV7808a004,Yogyakarta,0
TXN0002686,CUST10447,2026-04-17 18:52:00,topup,41777,e-wallet_dana,Partner_Bank,DEVf47e3ca0,Semarang,0
TXN0004589,CUST10744,2026-04-17 19:13:00,topup,21668,virtual_account,Retail_Outlet,DEV132ab649,Yogyakarta,0
TXN0007311,CUST11182,2026-04-17 19:21:00,topup,25352,bank_transfer,USSD,DEV58029d89,Medan,0
TXN0006142,CUST10985,2026-04-17 19:26:00,topup,33549,retail_counter,Retail_Outlet,DEV386bf5fc,Surabaya,0
TXN0003499,CUST10575,2026-04-17 19:50:00,topup,27616,retail_counter,Web_Portal,DEV8f8d4107,Surabaya,0
TXN0000822,CUST10136,2026-04-17 19:56:00,topup,15694,credit_card,Retail_Outlet,DEV8c57a277,Surabaya,0
TXN0003934,CUST10641,2026-04-17 20:06:00,topup,6048,credit_card,Retail_Outlet,DEVb6eea1cf,Malang,0
TXN0004152,CUST10675,2026-04-17 20:59:00,topup,24524,virtual_account,Web_Portal,DEV1b3f0866,Denpasar,0
TXN0001441,CUST10245,2026-04-17 21:19:00,topup,40686,e-wallet_ovo,Retail_Outlet,DEV14aa3ca3,Bandung,0
TXN0002172,CUST10364,2026-04-17 21:28:00,topup,32812,bank_transfer,Web_Portal,DEV567b9583,Denpasar,0
TXN0005485,CUST10883,2026-04-17 21:30:00,topup,5000,credit_card,USSD,DEV9b23854f,Palembang,0
TXN0002743,CUST10457,2026-04-17 21:41:00,topup,5000,retail_counter,Web_Portal,DEVca9128fb,Makassar,0
TXN0000972,CUST10159,2026-04-17 22:05:00,topup,5000,bank_transfer,Retail_Outlet,DEV8c53b74c,Malang,0
TXN0000310,CUST10050,2026-04-17 22:34:00,topup,5000,bank_transfer,MyApp,DEV80daa8ca,Palembang,0
TXN0006951,CUST11122,2026-04-17 22:40:00,topup,17868,credit_card,USSD,DEV30794bd3,Jakarta,0
TXN0003930,CUST10641,2026-04-17 22:40:00,topup,18476,retail_counter,Partner_Bank,DEV48cff1da,Malang,0
TXN0002559,CUST10427,2026-04-17 22:48:00,topup,48186,e-wallet_gopay,Retail_Outlet,DEVc976ec61,Surabaya,0
TXN0006363,CUST11021,2026-04-18 06:02:00,topup,39445,retail_counter,MyApp,DEV513be62e,Medan,0
TXN0001264,CUST10209,2026-04-18 06:02:00,topup,24248,virtual_account,Web_Portal,DEVd8feb8de,Palembang,0
TXN0004855,CUST10789,2026-04-18 06:34:00,topup,5000,e-wallet_ovo,Retail_Outlet,DEV27180985,Denpasar,0
TXN0001244,CUST10206,2026-04-18 06:41:00,topup,5000,e-wallet_dana,Partner_Bank,DEVb63fa809,Malang,0
TXN0000348,CUST10057,2026-04-18 06:53:00,topup,40596,virtual_account,Retail_Outlet,DEVe79f9f3d,Malang,0
TXN0003265,CUST10539,2026-04-18 06:56:00,topup,7893,e-wallet_gopay,MyApp,DEV06b81c8a,Yogyakarta,0
TXN0005209,CUST10842,2026-04-18 06:59:00,topup,47669,e-wallet_dana,MyApp,DEV7d10257c,Pekanbaru,0
TXN0002650,CUST10441,2026-04-18 07:06:00,topup,12933,e-wallet_gopay,Retail_Outlet,DEV0ab74b5d,Palembang,0
TXN0003902,CUST10637,2026-04-18 07:20:00,topup,5000,retail_counter,Partner_Bank,DEV8914bc96,Jakarta,0
TXN0005195,CUST10840,2026-04-18 07:23:00,topup,5000,e-wallet_dana,Retail_Outlet,DEVbb3f4297,Pekanbaru,0
TXN0004510,CUST10730,2026-04-18 07:36:00,topup,21903,virtual_account,Retail_Outlet,DEVc95bc917,Bandung,0
TXN0005374,CUST10866,2026-04-18 07:53:00,topup,39177,virtual_account,USSD,DEV9cf116dc,Medan,0
TXN0006643,CUST11071,2026-04-18 07:55:00,topup,31189,e-wallet_gopay,Partner_Bank,DEV09b3abbf,Yogyakarta,0
TXN0005494,CUST10884,2026-04-18 08:22:00,topup,5000,e-wallet_gopay,MyApp,DEV405db449,Semarang,0
TXN0004200,CUST10682,2026-04-18 08:28:00,topup,5000,e-wallet_gopay,Retail_Outlet,DEV92262ecf,Palembang,0
TXN0006994,CUST11127,2026-04-18 08:29:00,topup,24485,retail_counter,USSD,DEV9d470a35,Makassar,0
TXN0001708,CUST10292,2026-04-18 08:57:00,topup,52428,bank_transfer,Web_Portal,DEVcd6c78dd,Jakarta,0
TXN0003329,CUST10549,2026-04-18 08:58:00,topup,6527,e-wallet_ovo,Web_Portal,DEV34b16488,Yogyakarta,0
TXN0005149,CUST10834,2026-04-18 09:04:00,topup,57604,e-wallet_ovo,Web_Portal,DEV5fd229bc,Pekanbaru,0
TXN0003236,CUST10534,2026-04-18 09:25:00,topup,10974,retail_counter,USSD,DEV5a0ae917,Semarang,0
TXN0004916,CUST10799,2026-04-18 09:25:00,topup,43009,retail_counter,Partner_Bank,DEVcd03a402,Surabaya,0
TXN0007221,CUST11167,2026-04-18 09:38:00,topup,33559,retail_counter,Web_Portal,DEV1d522106,Balikpapan,0
TXN0006103,CUST10980,2026-04-18 09:54:00,topup,5000,bank_transfer,Web_Portal,DEV0bce8eeb,Makassar,0
TXN0002684,CUST10446,2026-04-18 10:01:00,topup,26697,virtual_account,MyApp,DEVff0dd3c2,Denpasar,0
TXN0003821,CUST10626,2026-04-18 10:01:00,topup,21339,bank_transfer,USSD,DEVf1eef895,Semarang,0
TXN0002636,CUST10439,2026-04-18 10:12:00,topup,23429,credit_card,Web_Portal,DEV7c89617d,Malang,0
TXN0004874,CUST10791,2026-04-18 10:15:00,topup,27099,credit_card,USSD,DEVc31dfb91,Malang,0
TXN0003881,CUST10635,2026-04-18 10:15:00,topup,5000,e-wallet_dana,MyApp,DEVe1d5fcea,Bandung,0
TXN0002798,CUST10467,2026-04-18 10:43:00,topup,16989,credit_card,Web_Portal,DEV7d8da92b,Balikpapan,0
TXN0005999,CUST10964,2026-04-18 10:48:00,topup,5000,e-wallet_gopay,USSD,DEV76435b4e,Bandung,0
TXN0003831,CUST10627,2026-04-18 10:56:00,topup,34762,credit_card,Web_Portal,DEV8d5a9549,Makassar,0
TXN0000701,CUST10117,2026-04-18 11:03:00,topup,5000,virtual_account,Web_Portal,DEV0130d66b,Pekanbaru,0
TXN0003451,CUST10569,2026-04-18 11:07:00,topup,5000,bank_transfer,Partner_Bank,DEV027deb45,Pekanbaru,0
TXN0006565,CUST11057,2026-04-18 11:19:00,topup,14821,e-wallet_dana,Retail_Outlet,DEV1f8452fb,Yogyakarta,0
TXN0003355,CUST10553,2026-04-18 11:22:00,topup,24885,e-wallet_dana,Web_Portal,DEVd03a9ed2,Malang,0
TXN0007190,CUST11162,2026-04-18 11:40:00,topup,5819,e-wallet_dana,MyApp,DEVa0b3543a,Semarang,0
TXN0005258,CUST10848,2026-04-18 12:22:00,topup,5000,retail_counter,Retail_Outlet,DEVf1e34d6c,Palembang,0
TXN0002203,CUST10370,2026-04-18 12:52:00,topup,5000,retail_counter,Partner_Bank,DEVc4af9dc9,Malang,0
TXN0000499,CUST10081,2026-04-18 12:53:00,topup,40238,e-wallet_gopay,USSD,DEV3e6b74fd,Surabaya,0
TXN0002541,CUST10424,2026-04-18 13:09:00,topup,5000,retail_counter,USSD,DEVecaf8800,Palembang,0
TXN0006310,CUST11013,2026-04-18 13:26:00,topup,27856,retail_counter,USSD,DEVe50c27d4,Yogyakarta,0
TXN0002159,CUST10363,2026-04-18 13:43:00,topup,8887,e-wallet_ovo,MyApp,DEV1e6773d7,Medan,0
TXN0000227,CUST10038,2026-04-18 13:44:00,topup,17404,credit_card,MyApp,DEV0ec0ad4b,Yogyakarta,0
TXN0005712,CUST10921,2026-04-18 14:25:00,topup,14594,e-wallet_dana,USSD,DEV7a8b737a,Bandung,0
TXN0000590,CUST10098,2026-04-18 14:29:00,topup,24510,bank_transfer,MyApp,DEVbb64a525,Malang,0
TXN0006964,CUST11124,2026-04-18 14:31:00,topup,18497,e-wallet_gopay,Web_Portal,DEVfe9d21c3,Denpasar,0
TXN0006107,CUST10981,2026-04-18 14:47:00,topup,17893,retail_counter,MyApp,DEV9b0dfaab,Pekanbaru,0
TXN0002846,CUST10474,2026-04-18 14:50:00,topup,5000,e-wallet_ovo,Web_Portal,DEV705faecd,Balikpapan,0
TXN0003515,CUST10577,2026-04-18 15:05:00,topup,34151,e-wallet_ovo,Partner_Bank,DEVc84bbdf5,Pekanbaru,0
TXN0005434,CUST10876,2026-04-18 15:26:00,topup,21905,virtual_account,Web_Portal,DEV3499a783,Jakarta,0
TXN0000040,CUST10005,2026-04-18 15:53:00,topup,20364,e-wallet_dana,Retail_Outlet,DEV73b0d676,Yogyakarta,0
TXN0002502,CUST10417,2026-04-18 15:57:00,topup,19119,bank_transfer,MyApp,DEV4775d7ab,Pekanbaru,0
TXN0001377,CUST10235,2026-04-18 16:06:00,topup,24571,bank_transfer,MyApp,DEV6e66a273,Denpasar,0
TXN0005098,CUST10827,2026-04-18 16:15:00,topup,14641,virtual_account,Retail_Outlet,DEVda4a9d0b,Pekanbaru,0
TXN0001188,CUST10196,2026-04-18 16:25:00,topup,5000,retail_counter,MyApp,DEV84222f58,Yogyakarta,0
TXN0002254,CUST10380,2026-04-18 16:33:00,topup,55817,e-wallet_dana,Partner_Bank,DEVe47f9c7e,Medan,0
TXN0002362,CUST10395,2026-04-18 16:47:00,topup,10175,bank_transfer,USSD,DEV2c9de90a,Bandung,0
TXN0006794,CUST11096,2026-04-18 17:00:00,topup,28246,virtual_account,USSD,DEVc0b15ca3,Denpasar,0
TXN0002580,CUST10429,2026-04-18 17:14:00,topup,25920,credit_card,MyApp,DEVdcc7eb51,Denpasar,0
TXN0001493,CUST10254,2026-04-18 17:16:00,topup,30807,virtual_account,USSD,DEV03b68657,Balikpapan,0
TXN0005110,CUST10829,2026-04-18 17:17:00,topup,9842,e-wallet_ovo,Web_Portal,DEV5397ff39,Pekanbaru,0
TXN0003243,CUST10535,2026-04-18 17:31:00,topup,42968,e-wallet_ovo,USSD,DEVa254da12,Malang,0
TXN0003683,CUST10605,2026-04-18 17:33:00,topup,5000,virtual_account,Retail_Outlet,DEV7c781b98,Medan,0
TXN0002184,CUST10367,2026-04-18 17:36:00,topup,27263,e-wallet_gopay,Web_Portal,DEVa14ed649,Balikpapan,0
TXN0000444,CUST10073,2026-04-18 17:52:00,topup,30805,virtual_account,Partner_Bank,DEVf9a55cf2,Semarang,0
TXN0003691,CUST10606,2026-04-18 17:52:00,topup,5000,e-wallet_dana,Retail_Outlet,DEVd61968aa,Makassar,0
TXN0002095,CUST10354,2026-04-18 18:04:00,topup,5000,credit_card,Partner_Bank,DEV8422c0cf,Malang,0
TXN0003149,CUST10521,2026-04-18 18:15:00,topup,5000,bank_transfer,Web_Portal,DEVc4c557d8,Balikpapan,0
TXN0003556,CUST10585,2026-04-18 18:31:00,topup,22118,e-wallet_gopay,Retail_Outlet,DEVbe9e01a9,Malang,0
TXN0006318,CUST11014,2026-04-18 18:42:00,topup,16109,virtual_account,Partner_Bank,DEV64a70279,Makassar,0
TXN0002757,CUST10460,2026-04-18 18:43:00,topup,25923,credit_card,Retail_Outlet,DEV83f38f4e,Pekanbaru,0
TXN0000374,CUST10062,2026-04-18 18:48:00,topup,5000,virtual_account,Web_Portal,DEVe3395b1a,Yogyakarta,0
TXN0001840,CUST10315,2026-04-18 18:50:00,topup,5000,e-wallet_ovo,MyApp,DEV2518ec09,Palembang,0
TXN0002638,CUST10440,2026-04-18 18:52:00,topup,39218,credit_card,Partner_Bank,DEV366b3575,Pekanbaru,0
TXN0001890,CUST10322,2026-04-18 19:35:00,topup,10564,retail_counter,MyApp,DEV9136d4ad,Makassar,0
TXN0006012,CUST10966,2026-04-18 19:41:00,topup,7920,virtual_account,Partner_Bank,DEV87c5577f,Surabaya,0
TXN0001449,CUST10246,2026-04-18 20:05:00,topup,14634,e-wallet_ovo,Retail_Outlet,DEV98a547b2,Bandung,0
TXN0000278,CUST10046,2026-04-18 20:39:00,topup,15088,virtual_account,MyApp,DEVe9a1c6d5,Medan,0
TXN0002276,CUST10383,2026-04-18 20:46:00,topup,33081,e-wallet_ovo,USSD,DEV209f4ff2,Surabaya,0
TXN0002897,CUST10484,2026-04-18 21:11:00,topup,5058,retail_counter,MyApp,DEV44fcc054,Surabaya,0
TXN0000479,CUST10079,2026-04-18 21:45:00,topup,18931,e-wallet_dana,Partner_Bank,DEV43a534d2,Pekanbaru,0
TXN0000123,CUST10020,2026-04-18 22:38:00,topup,5000,retail_counter,MyApp,DEVc55523ed,Surabaya,0
TXN0006042,CUST10971,2026-04-18 22:48:00,topup,23839,credit_card,MyApp,DEVc766dd63,Balikpapan,0
TXN0005922,CUST10949,2026-04-18 22:57:00,topup,5000,e-wallet_ovo,USSD,DEV82278cac,Malang,0
TXN0007321,CUST11184,2026-04-19 06:06:00,topup,17287,bank_transfer,Retail_Outlet,DEV19f620a2,Makassar,0
TXN0002414,CUST10402,2026-04-19 06:06:00,topup,29252,virtual_account,Web_Portal,DEVbec62bbe,Bandung,0
TXN0000409,CUST10068,2026-04-19 06:23:00,topup,36200,virtual_account,MyApp,DEV008ffab9,Semarang,0
TXN0003607,CUST10592,2026-04-19 06:36:00,topup,26743,e-wallet_gopay,MyApp,DEV16054b9e,Malang,0
TXN0003886,CUST10635,2026-04-19 06:55:00,topup,5000,retail_counter,MyApp,DEV8ff01845,Bandung,0
TXN0001816,CUST10311,2026-04-19 06:56:00,topup,18096,retail_counter,Web_Portal,DEV0acfbd89,Surabaya,0
TXN0001117,CUST10183,2026-04-19 07:10:00,topup,24592,e-wallet_gopay,Partner_Bank,DEV253741e4,Surabaya,0
TXN0003417,CUST10564,2026-04-19 07:13:00,topup,5000,retail_counter,Partner_Bank,DEV1c36036f,Medan,0
TXN0000912,CUST10149,2026-04-19 07:23:00,topup,16440,bank_transfer,MyApp,DEVcb53f0be,Yogyakarta,0
TXN0004018,CUST10654,2026-04-19 07:25:00,topup,19702,e-wallet_ovo,USSD,DEVddbb3fa4,Medan,0
TXN0004204,CUST10682,2026-04-19 07:29:00,topup,18113,credit_card,Partner_Bank,DEV3717f44b,Palembang,0
TXN0007105,CUST11149,2026-04-19 07:39:00,topup,17965,e-wallet_ovo,USSD,DEVd0f95340,Medan,0
TXN0000068,CUST10010,2026-04-19 07:56:00,topup,38563,e-wallet_ovo,USSD,DEV722dce13,Yogyakarta,0
TXN0005614,CUST10903,2026-04-19 07:56:00,topup,43051,e-wallet_ovo,MyApp,DEV6b000e3b,Pekanbaru,0
TXN0007555,CUST10476,2026-04-19 08:00:00,promo_bundle_redeem,0,promo_credit,MyApp,DEV9daeceaa,Bandung,1
TXN0005693,CUST10918,2026-04-19 08:04:00,topup,5000,e-wallet_gopay,Web_Portal,DEVff75659e,Yogyakarta,0
TXN0002930,CUST10488,2026-04-19 08:47:00,topup,9303,e-wallet_gopay,Partner_Bank,DEV461bcbc3,Malang,0
TXN0007597,CUST10741,2026-04-19 09:00:00,promo_bundle_redeem,0,promo_credit,MyApp,DEVd5471932,Bandung,1
TXN0004010,CUST10653,2026-04-19 09:00:00,topup,34505,virtual_account,Retail_Outlet,DEV51251262,Denpasar,0
TXN0007330,CUST11185,2026-04-19 09:51:00,topup,8470,e-wallet_gopay,MyApp,DEV61592130,Medan,0
TXN0002416,CUST10403,2026-04-19 10:08:00,topup,30647,virtual_account,USSD,DEV9aa1f98b,Balikpapan,0
TXN0006750,CUST11088,2026-04-19 10:14:00,topup,5000,virtual_account,MyApp,DEV685a9a7c,Surabaya,0
TXN0005142,CUST10834,2026-04-19 10:15:00,topup,10153,e-wallet_dana,USSD,DEV0937a982,Pekanbaru,0
TXN0001632,CUST10281,2026-04-19 10:15:00,topup,11241,e-wallet_dana,Retail_Outlet,DEV7b011fdd,Yogyakarta,0
TXN0005175,CUST10836,2026-04-19 10:43:00,topup,8937,e-wallet_ovo,Partner_Bank,DEVda495408,Pekanbaru,0
TXN0000009,CUST10001,2026-04-19 10:48:00,topup,12334,e-wallet_ovo,MyApp,DEVc8d57717,Yogyakarta,0
TXN0001506,CUST10257,2026-04-19 11:18:00,topup,5000,e-wallet_gopay,Retail_Outlet,DEV5bc07988,Surabaya,0
TXN0006437,CUST11034,2026-04-19 11:38:00,topup,5000,e-wallet_ovo,USSD,DEV4400592c,Surabaya,0
TXN0005511,CUST10887,2026-04-19 11:44:00,topup,5000,virtual_account,MyApp,DEVf5a98c9a,Balikpapan,0
TXN0003721,CUST10612,2026-04-19 11:51:00,topup,19368,e-wallet_dana,Partner_Bank,DEVa72d0bf4,Pekanbaru,0
TXN0002616,CUST10437,2026-04-19 11:53:00,topup,17465,e-wallet_dana,Web_Portal,DEV1de20f2d,Jakarta,0
TXN0005605,CUST10901,2026-04-19 11:57:00,topup,12274,e-wallet_gopay,Retail_Outlet,DEV237c56bb,Surabaya,0
TXN0001075,CUST10175,2026-04-19 11:58:00,topup,9136,credit_card,Partner_Bank,DEVfbdc532e,Malang,0
TXN0002232,CUST10374,2026-04-19 12:12:00,topup,34996,retail_counter,Web_Portal,DEVae1455f4,Palembang,0
TXN0002747,CUST10458,2026-04-19 12:18:00,topup,5000,credit_card,Retail_Outlet,DEV7b814ce1,Makassar,0
TXN0002671,CUST10445,2026-04-19 12:18:00,topup,6931,bank_transfer,Web_Portal,DEVdf996726,Jakarta,0
TXN0004505,CUST10729,2026-04-19 12:45:00,topup,9869,e-wallet_ovo,Partner_Bank,DEV9e181620,Bandung,0
TXN0004791,CUST10777,2026-04-19 12:48:00,topup,39838,retail_counter,USSD,DEV4aff5eee,Surabaya,0
TXN0007625,CUST10933,2026-04-19 13:00:00,promo_bundle_redeem,0,promo_credit,MyApp,DEV7f2487bc,Bandung,1
TXN0004188,CUST10680,2026-04-19 13:15:00,topup,22261,e-wallet_dana,Web_Portal,DEVeea90156,Pekanbaru,0
TXN0006481,CUST11040,2026-04-19 13:32:00,topup,8186,e-wallet_dana,Partner_Bank,DEV236603b4,Semarang,0
TXN0004280,CUST10693,2026-04-19 13:34:00,topup,22260,e-wallet_gopay,MyApp,DEVae991937,Palembang,0
TXN0001530,CUST10263,2026-04-19 13:48:00,topup,17401,e-wallet_dana,Retail_Outlet,DEVbcc4f087,Balikpapan,0
TXN0003829,CUST10627,2026-04-19 13:50:00,topup,7723,retail_counter,MyApp,DEV1b2aa4e4,Makassar,0
TXN0000520,CUST10085,2026-04-19 13:57:00,topup,27621,e-wallet_ovo,Retail_Outlet,DEV12087e20,Jakarta,0
TXN0000831,CUST10138,2026-04-19 14:05:00,topup,20329,retail_counter,Partner_Bank,DEV44d18524,Yogyakarta,0
TXN0002586,CUST10430,2026-04-19 14:11:00,topup,30076,e-wallet_ovo,Retail_Outlet,DEVc30dcc74,Denpasar,0
TXN0005228,CUST10845,2026-04-19 14:25:00,topup,49695,virtual_account,Partner_Bank,DEV994a77f9,Semarang,0
TXN0004925,CUST10800,2026-04-19 14:29:00,topup,12198,e-wallet_dana,Retail_Outlet,DEV1706c3cd,Medan,0
TXN0001502,CUST10256,2026-04-19 14:34:00,topup,59728,bank_transfer,MyApp,DEVb257e257,Pekanbaru,0
TXN0001384,CUST10236,2026-04-19 15:28:00,topup,5000,virtual_account,Partner_Bank,DEV63f6bf77,Jakarta,0
TXN0006653,CUST11072,2026-04-19 15:55:00,topup,31849,bank_transfer,Partner_Bank,DEV260027aa,Palembang,0
TXN0002875,CUST10479,2026-04-19 16:17:00,topup,37159,credit_card,Retail_Outlet,DEV2ba4d656,Denpasar,0
TXN0005452,CUST10878,2026-04-19 16:43:00,topup,23433,bank_transfer,MyApp,DEV87eb754a,Makassar,0
TXN0000888,CUST10145,2026-04-19 16:51:00,topup,29882,e-wallet_dana,Web_Portal,DEV8aa6b006,Denpasar,0
TXN0003248,CUST10536,2026-04-19 17:05:00,topup,9228,e-wallet_dana,Retail_Outlet,DEV1a8a76f3,Palembang,0
TXN0001162,CUST10190,2026-04-19 17:06:00,topup,5000,e-wallet_ovo,MyApp,DEVe55b93ad,Balikpapan,0
TXN0000337,CUST10055,2026-04-19 17:37:00,topup,41142,bank_transfer,Partner_Bank,DEV7f6bd3c6,Semarang,0
TXN0000551,CUST10091,2026-04-19 18:03:00,topup,5000,credit_card,USSD,DEV8c8181b4,Makassar,0
TXN0003447,CUST10569,2026-04-19 18:29:00,topup,5000,e-wallet_gopay,Web_Portal,DEVf6558f35,Pekanbaru,0
TXN0006999,CUST11128,2026-04-19 18:35:00,topup,36953,credit_card,Web_Portal,DEV3c9b7cd1,Denpasar,0
TXN0000351,CUST10057,2026-04-19 18:37:00,topup,19135,virtual_account,Retail_Outlet,DEVd02c75f9,Malang,0
TXN0000350,CUST10057,2026-04-19 19:21:00,topup,29048,e-wallet_gopay,Partner_Bank,DEV439db29d,Malang,0
TXN0001320,CUST10220,2026-04-19 19:27:00,topup,32522,retail_counter,Retail_Outlet,DEVa8be6c80,Yogyakarta,0
TXN0002404,CUST10401,2026-04-19 19:52:00,topup,25826,retail_counter,USSD,DEV5e15433b,Yogyakarta,0
TXN0005030,CUST10816,2026-04-19 20:10:00,topup,41750,e-wallet_gopay,Partner_Bank,DEV7d34d5ec,Denpasar,0
TXN0004417,CUST10716,2026-04-19 20:12:00,topup,21705,credit_card,Partner_Bank,DEVfa286316,Pekanbaru,0
TXN0003594,CUST10590,2026-04-19 20:15:00,topup,39027,e-wallet_gopay,MyApp,DEVba68e69f,Makassar,0
TXN0001730,CUST10296,2026-04-19 21:04:00,topup,5000,virtual_account,USSD,DEV7f85c4e7,Jakarta,0
TXN0006502,CUST11045,2026-04-19 21:12:00,topup,5000,bank_transfer,Web_Portal,DEV14fe9960,Malang,0
TXN0006615,CUST11066,2026-04-19 21:21:00,topup,5000,e-wallet_gopay,Retail_Outlet,DEVb41287fb,Jakarta,0
TXN0006305,CUST11012,2026-04-19 21:32:00,topup,25332,retail_counter,Retail_Outlet,DEVa4afade6,Medan,0
TXN0003403,CUST10562,2026-04-19 22:55:00,topup,37876,virtual_account,Partner_Bank,DEV77d8b428,Jakarta,0
TXN0001583,CUST10273,2026-04-20 06:12:00,topup,5000,credit_card,Retail_Outlet,DEVf83811c5,Palembang,0
TXN0001242,CUST10205,2026-04-20 06:26:00,topup,30421,e-wallet_gopay,Web_Portal,DEVb1b2b5f8,Medan,0
TXN0002293,CUST10385,2026-04-20 06:43:00,topup,5000,bank_transfer,Web_Portal,DEVcec3a6f4,Denpasar,0
TXN0003158,CUST10521,2026-04-20 06:55:00,topup,5000,bank_transfer,Web_Portal,DEV4f3e2a2c,Balikpapan,0
TXN0001087,CUST10177,2026-04-20 06:56:00,topup,19537,credit_card,MyApp,DEV52ce55e3,Denpasar,0
TXN0003977,CUST10648,2026-04-20 07:02:00,topup,27392,bank_transfer,MyApp,DEV2de1bda4,Semarang,0
TXN0004383,CUST10711,2026-04-20 07:11:00,topup,47771,bank_transfer,USSD,DEV31209ff4,Denpasar,0
TXN0002256,CUST10380,2026-04-20 07:14:00,topup,35862,e-wallet_gopay,Partner_Bank,DEVf8d78cbc,Medan,0
TXN0004147,CUST10674,2026-04-20 07:15:00,topup,5000,e-wallet_gopay,USSD,DEV2e0c5488,Pekanbaru,0
TXN0004919,CUST10799,2026-04-20 07:18:00,topup,50675,e-wallet_ovo,MyApp,DEV7c976337,Surabaya,0
TXN0000776,CUST10130,2026-04-20 07:19:00,topup,13350,e-wallet_dana,Web_Portal,DEVc655a597,Pekanbaru,0
TXN0000509,CUST10083,2026-04-20 07:20:00,topup,26188,e-wallet_ovo,Partner_Bank,DEVc5f833cf,Bandung,0
TXN0004991,CUST10810,2026-04-20 07:22:00,topup,54440,virtual_account,MyApp,DEVa189682b,Malang,0
TXN0003999,CUST10652,2026-04-20 07:36:00,topup,45150,bank_transfer,Retail_Outlet,DEV00af085d,Balikpapan,0
TXN0004209,CUST10683,2026-04-20 07:51:00,topup,17405,e-wallet_ovo,MyApp,DEV014b069c,Palembang,0
TXN0006228,CUST11001,2026-04-20 07:52:00,topup,19301,virtual_account,Web_Portal,DEV3473b11a,Surabaya,0
TXN0000263,CUST10044,2026-04-20 08:09:00,topup,41366,credit_card,Web_Portal,DEVdb7904e0,Makassar,0
TXN0006612,CUST11066,2026-04-20 08:13:00,topup,5000,retail_counter,Retail_Outlet,DEV0476444d,Jakarta,0
TXN0000611,CUST10102,2026-04-20 08:22:00,topup,27230,retail_counter,MyApp,DEV28489240,Medan,0
TXN0000988,CUST10163,2026-04-20 08:36:00,topup,33739,retail_counter,Web_Portal,DEV3bc5f97f,Surabaya,0
TXN0000205,CUST10033,2026-04-20 08:53:00,topup,13225,e-wallet_ovo,Web_Portal,DEV2c154804,Palembang,0
TXN0000552,CUST10091,2026-04-20 09:13:00,topup,40356,e-wallet_ovo,MyApp,DEV12b99a50,Makassar,0
TXN0007084,CUST11146,2026-04-20 09:23:00,topup,15016,e-wallet_ovo,Web_Portal,DEV275ac9d6,Makassar,0
TXN0000784,CUST10130,2026-04-20 09:41:00,topup,5000,credit_card,Partner_Bank,DEVa72bdddd,Pekanbaru,0
TXN0001300,CUST10216,2026-04-20 09:43:00,topup,41334,retail_counter,Partner_Bank,DEVab310bfe,Medan,0
TXN0004637,CUST10753,2026-04-20 09:55:00,topup,56232,e-wallet_ovo,Partner_Bank,DEVa48687d4,Denpasar,0
TXN0000054,CUST10007,2026-04-20 10:02:00,topup,27565,e-wallet_gopay,MyApp,DEV38e7e019,Medan,0
TXN0001625,CUST10280,2026-04-20 10:17:00,topup,23012,e-wallet_gopay,Partner_Bank,DEVa3fb6d0b,Palembang,0
TXN0007388,CUST11193,2026-04-20 10:38:00,topup,48139,virtual_account,Partner_Bank,DEVbada092a,Denpasar,0
TXN0004573,CUST10741,2026-04-20 10:46:00,topup,27931,credit_card,MyApp,DEVbe9dd48c,Bandung,0
TXN0001078,CUST10176,2026-04-20 11:11:00,topup,22508,credit_card,Retail_Outlet,DEV70869a45,Malang,0
TXN0006792,CUST11095,2026-04-20 11:13:00,topup,5000,e-wallet_ovo,MyApp,DEV6c27ca62,Jakarta,0
TXN0003492,CUST10574,2026-04-20 11:24:00,topup,12936,credit_card,Partner_Bank,DEV74300ccc,Denpasar,0
TXN0005536,CUST10890,2026-04-20 11:36:00,topup,26280,virtual_account,Web_Portal,DEVbb404bc8,Makassar,0
TXN0005546,CUST10891,2026-04-20 11:37:00,topup,50762,retail_counter,USSD,DEV29d4056e,Malang,0
TXN0006040,CUST10971,2026-04-20 11:46:00,topup,5000,retail_counter,Retail_Outlet,DEVfdcdd45c,Balikpapan,0
TXN0006714,CUST11083,2026-04-20 11:51:00,topup,20616,retail_counter,Web_Portal,DEVac97e067,Surabaya,0
TXN0003985,CUST10649,2026-04-20 11:55:00,topup,42908,e-wallet_ovo,Partner_Bank,DEV3150e60d,Surabaya,0
TXN0006077,CUST10976,2026-04-20 11:57:00,topup,14562,retail_counter,Retail_Outlet,DEVbe66de49,Pekanbaru,0
TXN0002217,CUST10372,2026-04-20 12:25:00,topup,30623,virtual_account,MyApp,DEVe9ea8b10,Semarang,0
TXN0006987,CUST11127,2026-04-20 12:36:00,topup,37445,e-wallet_dana,USSD,DEV9089bcfd,Makassar,0
TXN0004339,CUST10703,2026-04-20 12:40:00,topup,5000,e-wallet_ovo,Web_Portal,DEV1456a858,Palembang,0
TXN0003462,CUST10571,2026-04-20 13:12:00,topup,54346,e-wallet_gopay,Partner_Bank,DEV7570b0ac,Denpasar,0
TXN0003166,CUST10522,2026-04-20 13:47:00,topup,5000,e-wallet_dana,Retail_Outlet,DEVc35d8f64,Surabaya,0
TXN0002244,CUST10377,2026-04-20 14:07:00,topup,30939,e-wallet_ovo,Retail_Outlet,DEVa98afcb0,Semarang,0
TXN0001619,CUST10279,2026-04-20 14:15:00,topup,37838,e-wallet_dana,Partner_Bank,DEVd5108bc0,Jakarta,0
TXN0003336,CUST10550,2026-04-20 14:19:00,topup,20488,e-wallet_gopay,Retail_Outlet,DEVe3b2f985,Balikpapan,0
TXN0007224,CUST11167,2026-04-20 14:21:00,topup,30608,retail_counter,Web_Portal,DEV306542ee,Balikpapan,0
TXN0003722,CUST10612,2026-04-20 14:34:00,topup,15794,retail_counter,Web_Portal,DEV0328a80d,Pekanbaru,0
TXN0001104,CUST10180,2026-04-20 15:04:00,topup,18815,e-wallet_ovo,Partner_Bank,DEV49ed856e,Medan,0
TXN0006549,CUST11054,2026-04-20 15:07:00,topup,21174,e-wallet_gopay,Retail_Outlet,DEV5997fbb0,Medan,0
TXN0000563,CUST10093,2026-04-20 15:11:00,topup,58213,e-wallet_gopay,MyApp,DEVc921057c,Pekanbaru,0
TXN0006919,CUST11117,2026-04-20 15:35:00,topup,18769,credit_card,Partner_Bank,DEVe282338d,Yogyakarta,0
TXN0003624,CUST10596,2026-04-20 15:48:00,topup,5000,bank_transfer,Retail_Outlet,DEVd24289ea,Yogyakarta,0
TXN0004222,CUST10684,2026-04-20 16:19:00,topup,11448,bank_transfer,MyApp,DEV7fbccd75,Medan,0
TXN0007045,CUST11137,2026-04-20 16:30:00,topup,5000,e-wallet_dana,MyApp,DEV84471dfa,Balikpapan,0
TXN0004969,CUST10807,2026-04-20 16:36:00,topup,54389,e-wallet_ovo,Retail_Outlet,DEV02bbc915,Balikpapan,0
TXN0002839,CUST10473,2026-04-20 16:40:00,topup,11550,e-wallet_gopay,MyApp,DEV4251d2f0,Bandung,0
TXN0002388,CUST10399,2026-04-20 17:05:00,topup,62119,e-wallet_gopay,Retail_Outlet,DEV5fcfe711,Makassar,0
TXN0006196,CUST10995,2026-04-20 17:07:00,topup,15146,virtual_account,Partner_Bank,DEV04fb7e52,Balikpapan,0
TXN0003563,CUST10586,2026-04-20 17:08:00,topup,30278,e-wallet_ovo,USSD,DEVd0411dec,Yogyakarta,0
TXN0004061,CUST10661,2026-04-20 17:42:00,topup,29451,e-wallet_dana,Partner_Bank,DEVd60b04a9,Pekanbaru,0
TXN0004397,CUST10712,2026-04-20 17:44:00,topup,28640,bank_transfer,USSD,DEV23d2789d,Pekanbaru,0
TXN0003318,CUST10547,2026-04-20 18:02:00,topup,42815,retail_counter,Web_Portal,DEV155c8139,Semarang,0
TXN0005443,CUST10877,2026-04-20 18:06:00,topup,25148,e-wallet_dana,MyApp,DEV108fd94b,Denpasar,0
TXN0002067,CUST10349,2026-04-20 18:20:00,topup,19802,e-wallet_ovo,Partner_Bank,DEVfe60afde,Palembang,0
TXN0001312,CUST10219,2026-04-20 18:24:00,topup,12952,e-wallet_dana,Web_Portal,DEVa8049463,Makassar,0
TXN0005007,CUST10812,2026-04-20 18:51:00,topup,57656,bank_transfer,MyApp,DEV934fa5c8,Denpasar,0
TXN0004858,CUST10789,2026-04-20 19:19:00,topup,5000,e-wallet_dana,MyApp,DEV0e721365,Denpasar,0
TXN0006622,CUST11067,2026-04-20 19:30:00,topup,14654,e-wallet_ovo,Web_Portal,DEVd69cd777,Balikpapan,0
TXN0000031,CUST10004,2026-04-20 19:30:00,topup,11095,e-wallet_gopay,Retail_Outlet,DEV4aab47b2,Medan,0
TXN0006050,CUST10971,2026-04-20 19:30:00,topup,29036,e-wallet_ovo,Retail_Outlet,DEV5577526f,Balikpapan,0
TXN0000038,CUST10004,2026-04-20 19:31:00,topup,5000,e-wallet_gopay,USSD,DEV50647c59,Medan,0
TXN0001260,CUST10209,2026-04-20 19:34:00,topup,28488,bank_transfer,Partner_Bank,DEVeb22ec1d,Palembang,0
TXN0000013,CUST10002,2026-04-20 19:35:00,topup,18907,retail_counter,Retail_Outlet,DEV8beb4e78,Makassar,0
TXN0001277,CUST10211,2026-04-20 19:37:00,topup,37010,retail_counter,Partner_Bank,DEV2023fd4b,Surabaya,0
TXN0004770,CUST10774,2026-04-20 19:39:00,topup,30409,retail_counter,MyApp,DEVef5e4a66,Medan,0
TXN0001959,CUST10331,2026-04-20 19:40:00,topup,53224,e-wallet_dana,MyApp,DEV73fe7e1d,Pekanbaru,0
TXN0001937,CUST10329,2026-04-20 19:44:00,topup,15505,e-wallet_dana,USSD,DEVe52a33e6,Surabaya,0
TXN0002888,CUST10480,2026-04-20 19:53:00,topup,47778,credit_card,Web_Portal,DEV59875c7d,Makassar,0
TXN0006458,CUST11037,2026-04-20 19:58:00,topup,13964,e-wallet_ovo,Partner_Bank,DEV4d9e6b9f,Balikpapan,0
TXN0004514,CUST10730,2026-04-20 20:16:00,topup,35484,retail_counter,MyApp,DEV069ccc0a,Bandung,0
TXN0000752,CUST10126,2026-04-20 20:18:00,topup,33066,virtual_account,Partner_Bank,DEV668d3c8b,Malang,0
TXN0003746,CUST10615,2026-04-20 20:20:00,topup,19018,credit_card,Web_Portal,DEV343c1752,Surabaya,0
TXN0001044,CUST10171,2026-04-20 20:59:00,topup,5000,retail_counter,MyApp,DEVf90fb6e4,Bandung,0
TXN0006194,CUST10995,2026-04-20 20:59:00,topup,50124,e-wallet_ovo,Retail_Outlet,DEVc351c359,Balikpapan,0
TXN0004824,CUST10783,2026-04-20 21:09:00,topup,25306,credit_card,Web_Portal,DEVe6ef3a0b,Balikpapan,0
TXN0001208,CUST10199,2026-04-20 21:40:00,topup,28391,e-wallet_ovo,Retail_Outlet,DEV8a6342ca,Balikpapan,0
TXN0007301,CUST11179,2026-04-20 22:10:00,topup,14407,e-wallet_gopay,MyApp,DEV0a6368f2,Palembang,0
TXN0003882,CUST10635,2026-04-20 22:14:00,topup,15748,e-wallet_gopay,USSD,DEVdd2fb568,Bandung,0
TXN0003491,CUST10574,2026-04-20 22:36:00,topup,5000,virtual_account,Web_Portal,DEV108ab4de,Denpasar,0
TXN0003704,CUST10610,2026-04-20 22:39:00,topup,19087,bank_transfer,USSD,DEV07001750,Bandung,0
TXN0000957,CUST10157,2026-04-20 22:58:00,topup,5000,retail_counter,Web_Portal,DEV559a8f54,Semarang,0
TXN0005585,CUST10898,2026-04-21 06:04:00,topup,49350,bank_transfer,USSD,DEV99155bef,Pekanbaru,0
TXN0000583,CUST10096,2026-04-21 06:14:00,topup,30592,credit_card,Retail_Outlet,DEV172e8c68,Palembang,0
TXN0004597,CUST10746,2026-04-21 06:16:00,topup,19932,bank_transfer,Web_Portal,DEV6b44312a,Semarang,0
TXN0007424,CUST11199,2026-04-21 06:26:00,topup,29440,virtual_account,Web_Portal,DEV08fb27dc,Makassar,0
TXN0000715,CUST10120,2026-04-21 06:52:00,topup,13339,virtual_account,Retail_Outlet,DEV6994bf84,Jakarta,0
TXN0002185,CUST10368,2026-04-21 06:53:00,topup,28867,e-wallet_gopay,USSD,DEV4f10aae3,Medan,0
TXN0005476,CUST10882,2026-04-21 07:09:00,topup,18649,e-wallet_dana,Partner_Bank,DEV2bfaba2d,Makassar,0
TXN0002064,CUST10348,2026-04-21 07:15:00,topup,21949,retail_counter,Retail_Outlet,DEVce8b76a2,Balikpapan,0
TXN0003626,CUST10596,2026-04-21 07:15:00,topup,17362,e-wallet_ovo,Retail_Outlet,DEV5b9facde,Yogyakarta,0
TXN0006283,CUST11008,2026-04-21 07:29:00,topup,12946,virtual_account,Retail_Outlet,DEV9b08725e,Surabaya,0
TXN0005306,CUST10856,2026-04-21 07:30:00,topup,19331,virtual_account,Retail_Outlet,DEV5e48245a,Surabaya,0
TXN0003583,CUST10588,2026-04-21 07:48:00,topup,63467,virtual_account,USSD,DEV81c974a0,Jakarta,0
TXN0007598,CUST10741,2026-04-21 08:00:00,promo_bundle_redeem,0,promo_credit,MyApp,DEVb8d8e96c,Bandung,1
TXN0000239,CUST10040,2026-04-21 08:34:00,topup,21649,virtual_account,USSD,DEVc7a2f280,Yogyakarta,0
TXN0000378,CUST10062,2026-04-21 08:49:00,topup,5000,virtual_account,Retail_Outlet,DEVb9493906,Yogyakarta,0
TXN0007029,CUST11134,2026-04-21 08:52:00,topup,21884,virtual_account,Partner_Bank,DEV6f63def8,Balikpapan,0
TXN0002932,CUST10489,2026-04-21 09:37:00,topup,24748,retail_counter,USSD,DEV331bd602,Denpasar,0
TXN0001411,CUST10241,2026-04-21 09:45:00,topup,5000,e-wallet_gopay,Partner_Bank,DEV56db638a,Semarang,0
TXN0001599,CUST10275,2026-04-21 09:49:00,topup,9255,retail_counter,USSD,DEV82f552c8,Palembang,0
TXN0001775,CUST10305,2026-04-21 09:52:00,topup,45356,bank_transfer,USSD,DEV2aa814da,Palembang,0
TXN0005464,CUST10880,2026-04-21 09:58:00,topup,19331,e-wallet_ovo,MyApp,DEVc8794a56,Pekanbaru,0
TXN0007556,CUST10476,2026-04-21 10:00:00,promo_bundle_redeem,0,promo_credit,MyApp,DEV9a77c01f,Bandung,1
TXN0003245,CUST10535,2026-04-21 10:01:00,topup,34502,e-wallet_gopay,Web_Portal,DEV1966d047,Malang,0
TXN0001201,CUST10198,2026-04-21 10:18:00,topup,14220,e-wallet_gopay,Retail_Outlet,DEV2851a8be,Malang,0
TXN0003706,CUST10610,2026-04-21 10:21:00,topup,24424,e-wallet_ovo,Web_Portal,DEVc8594dfb,Bandung,0
TXN0001245,CUST10206,2026-04-21 10:37:00,topup,5000,e-wallet_dana,MyApp,DEV1d444351,Malang,0
TXN0000833,CUST10138,2026-04-21 10:38:00,topup,10396,bank_transfer,Retail_Outlet,DEV1c405045,Yogyakarta,0
TXN0000420,CUST10069,2026-04-21 10:57:00,topup,42363,e-wallet_gopay,Retail_Outlet,DEVa21c0c06,Bandung,0
TXN0000726,CUST10121,2026-04-21 11:07:00,topup,5000,e-wallet_ovo,USSD,DEV3aad5840,Surabaya,0
TXN0004236,CUST10687,2026-04-21 12:07:00,topup,16780,virtual_account,Partner_Bank,DEV899fad03,Palembang,0
TXN0003861,CUST10632,2026-04-21 12:13:00,topup,42319,e-wallet_gopay,MyApp,DEVa2807710,Malang,0
TXN0001299,CUST10215,2026-04-21 12:57:00,topup,17967,e-wallet_ovo,Partner_Bank,DEVa1731ed8,Bandung,0
TXN0005099,CUST10827,2026-04-21 13:34:00,topup,5000,bank_transfer,Web_Portal,DEV34491318,Pekanbaru,0
TXN0004181,CUST10680,2026-04-21 13:43:00,topup,5000,retail_counter,Retail_Outlet,DEVbb5e14d6,Pekanbaru,0
TXN0000945,CUST10155,2026-04-21 13:45:00,topup,19765,virtual_account,Partner_Bank,DEV75dacbbe,Makassar,0
TXN0005821,CUST10936,2026-04-21 13:47:00,topup,5000,virtual_account,Retail_Outlet,DEV468ebdf8,Semarang,0
TXN0001850,CUST10317,2026-04-21 13:59:00,topup,5000,e-wallet_dana,MyApp,DEV71414f58,Yogyakarta,0
TXN0005673,CUST10914,2026-04-21 14:01:00,topup,39526,virtual_account,Partner_Bank,DEV137ba9ec,Palembang,0
TXN0003064,CUST10508,2026-04-21 14:15:00,topup,26677,virtual_account,Retail_Outlet,DEV1cf85164,Medan,0
TXN0001499,CUST10255,2026-04-21 14:23:00,topup,28358,virtual_account,USSD,DEVfdc419b2,Jakarta,0
TXN0005761,CUST10928,2026-04-21 14:41:00,topup,26283,e-wallet_ovo,Web_Portal,DEVee481499,Bandung,0
TXN0007343,CUST11187,2026-04-21 14:48:00,topup,5000,virtual_account,USSD,DEV445f1ad1,Medan,0
TXN0001768,CUST10304,2026-04-21 14:50:00,topup,31592,bank_transfer,Web_Portal,DEV6bd1f826,Surabaya,0
TXN0005653,CUST10910,2026-04-21 14:53:00,topup,12363,e-wallet_gopay,Web_Portal,DEV640445a1,Pekanbaru,0
TXN0005632,CUST10907,2026-04-21 15:26:00,topup,35479,bank_transfer,Web_Portal,DEVd0013b99,Bandung,0
TXN0004146,CUST10673,2026-04-21 15:28:00,topup,28188,e-wallet_gopay,Retail_Outlet,DEV17c50a7c,Surabaya,0
TXN0005229,CUST10845,2026-04-21 15:29:00,topup,21193,e-wallet_gopay,Retail_Outlet,DEVd4fecf58,Semarang,0
TXN0002441,CUST10408,2026-04-21 15:56:00,topup,55972,bank_transfer,Retail_Outlet,DEV083ed925,Balikpapan,0
TXN0000922,CUST10151,2026-04-21 16:20:00,topup,6836,e-wallet_gopay,USSD,DEV9399ad15,Malang,0
TXN0001239,CUST10204,2026-04-21 16:26:00,topup,35787,e-wallet_ovo,Retail_Outlet,DEV354f184e,Pekanbaru,0
TXN0007626,CUST10933,2026-04-21 17:00:00,promo_bundle_redeem,0,promo_credit,MyApp,DEV0f6924f3,Bandung,1
TXN0006242,CUST11003,2026-04-21 17:02:00,topup,35843,retail_counter,Web_Portal,DEVc2045288,Palembang,0
TXN0007187,CUST11162,2026-04-21 17:10:00,topup,5000,retail_counter,Retail_Outlet,DEV21483249,Semarang,0
TXN0001791,CUST10307,2026-04-21 17:12:00,topup,5000,e-wallet_ovo,USSD,DEVabeb5f49,Jakarta,0
TXN0006513,CUST11047,2026-04-21 17:18:00,topup,23987,bank_transfer,USSD,DEVde2bdf8c,Makassar,0
TXN0007130,CUST11154,2026-04-21 17:20:00,topup,33722,e-wallet_ovo,USSD,DEVe6af993c,Balikpapan,0
TXN0005823,CUST10936,2026-04-21 17:34:00,topup,5000,e-wallet_ovo,Partner_Bank,DEV3876fdaa,Semarang,0
TXN0002437,CUST10407,2026-04-21 17:50:00,topup,66001,e-wallet_ovo,Partner_Bank,DEV39b9c13a,Pekanbaru,0
TXN0000923,CUST10151,2026-04-21 17:53:00,topup,17896,e-wallet_gopay,MyApp,DEVb3da5808,Malang,0
TXN0006587,CUST11061,2026-04-21 17:59:00,topup,13668,bank_transfer,Partner_Bank,DEVf21dfe36,Yogyakarta,0
TXN0006722,CUST11084,2026-04-21 18:07:00,topup,9296,e-wallet_dana,Partner_Bank,DEVa3c05d75,Malang,0
TXN0006632,CUST11068,2026-04-21 18:26:00,topup,21243,retail_counter,Retail_Outlet,DEV7c53ccb0,Bandung,0
TXN0001404,CUST10240,2026-04-21 18:37:00,topup,24302,e-wallet_gopay,Retail_Outlet,DEV701fb3ea,Makassar,0
TXN0007239,CUST11170,2026-04-21 19:09:00,topup,16331,bank_transfer,USSD,DEVb575dd69,Jakarta,0
TXN0000091,CUST10014,2026-04-21 19:13:00,topup,43547,credit_card,USSD,DEVef69a980,Jakarta,0
TXN0002652,CUST10441,2026-04-21 19:25:00,topup,31322,e-wallet_dana,USSD,DEV852393d7,Palembang,0
TXN0000895,CUST10146,2026-04-21 19:48:00,topup,27847,virtual_account,MyApp,DEVaee7c7a5,Semarang,0
TXN0001136,CUST10187,2026-04-21 20:26:00,topup,6217,credit_card,USSD,DEV9ad2bb72,Balikpapan,0
TXN0003485,CUST10573,2026-04-21 21:03:00,topup,46743,bank_transfer,Partner_Bank,DEVcae2f489,Surabaya,0
TXN0007186,CUST11161,2026-04-21 21:37:00,topup,5000,e-wallet_gopay,Retail_Outlet,DEVfc411721,Surabaya,0
TXN0005497,CUST10884,2026-04-21 21:39:00,topup,20879,virtual_account,Partner_Bank,DEV12cb7604,Semarang,0
TXN0000029,CUST10003,2026-04-21 21:59:00,topup,29430,credit_card,MyApp,DEV97867b12,Palembang,0
TXN0002929,CUST10488,2026-04-21 22:07:00,topup,5000,virtual_account,Web_Portal,DEV1ed68b71,Malang,0
TXN0002503,CUST10417,2026-04-21 22:35:00,topup,5000,virtual_account,MyApp,DEVd6a7aa06,Pekanbaru,0
TXN0000102,CUST10016,2026-04-21 22:52:00,topup,8580,credit_card,Partner_Bank,DEV7a5d7c82,Malang,0
TXN0004019,CUST10654,2026-04-21 22:53:00,topup,20929,credit_card,MyApp,DEVc54f87ad,Medan,0
TXN0000652,CUST10108,2026-04-21 22:57:00,topup,42483,bank_transfer,Partner_Bank,DEVe8fb5a96,Semarang,0
TXN0006033,CUST10970,2026-04-21 22:58:00,topup,26197,credit_card,Web_Portal,DEVadc4b86d,Semarang,0
TXN0005783,CUST10931,2026-04-22 06:17:00,topup,38185,e-wallet_gopay,Partner_Bank,DEV4aeeccef,Denpasar,0
TXN0000890,CUST10146,2026-04-22 06:25:00,topup,26549,credit_card,Partner_Bank,DEVbbd0fe6c,Semarang,0
TXN0005429,CUST10875,2026-04-22 06:27:00,topup,39597,e-wallet_gopay,Partner_Bank,DEVc3dab31b,Makassar,0
TXN0007375,CUST11191,2026-04-22 06:31:00,topup,30910,credit_card,Partner_Bank,DEV8b61d80d,Surabaya,0
TXN0003283,CUST10542,2026-04-22 06:48:00,topup,27323,virtual_account,MyApp,DEVc520d50f,Palembang,0
TXN0003570,CUST10587,2026-04-22 06:57:00,topup,29024,virtual_account,Web_Portal,DEV75566ff1,Balikpapan,0
TXN0005917,CUST10948,2026-04-22 06:58:00,topup,52898,credit_card,MyApp,DEV7ab4d358,Malang,0
TXN0001289,CUST10213,2026-04-22 07:03:00,topup,7483,bank_transfer,Web_Portal,DEVb64e26cf,Medan,0
TXN0005625,CUST10906,2026-04-22 07:39:00,topup,5000,retail_counter,Retail_Outlet,DEVab13b31a,Semarang,0
TXN0005073,CUST10824,2026-04-22 07:45:00,topup,35376,e-wallet_dana,USSD,DEVc8169e32,Palembang,0
TXN0001753,CUST10300,2026-04-22 07:49:00,topup,5000,e-wallet_dana,USSD,DEV60b759a9,Palembang,0
TXN0001561,CUST10268,2026-04-22 08:10:00,topup,22786,e-wallet_ovo,Web_Portal,DEV4e7674e9,Denpasar,0
TXN0003773,CUST10618,2026-04-22 08:17:00,topup,5000,e-wallet_dana,Retail_Outlet,DEVfa3bc921,Malang,0
TXN0005696,CUST10918,2026-04-22 08:40:00,topup,11617,retail_counter,Partner_Bank,DEVefe5f873,Yogyakarta,0
TXN0004519,CUST10731,2026-04-22 09:07:00,topup,46025,retail_counter,Web_Portal,DEV19a12723,Jakarta,0
TXN0005609,CUST10902,2026-04-22 09:24:00,topup,48261,credit_card,MyApp,DEV48a05e4f,Makassar,0
TXN0003848,CUST10629,2026-04-22 09:26:00,topup,5000,e-wallet_ovo,Web_Portal,DEV7416386b,Bandung,0
TXN0004435,CUST10718,2026-04-22 10:06:00,topup,20961,e-wallet_dana,Retail_Outlet,DEVcc5015cf,Denpasar,0
TXN0001148,CUST10189,2026-04-22 10:14:00,topup,28093,e-wallet_gopay,Partner_Bank,DEV6a25542e,Pekanbaru,0
TXN0003003,CUST10498,2026-04-22 10:32:00,topup,16838,e-wallet_ovo,Retail_Outlet,DEVb8fc7513,Balikpapan,0
TXN0001032,CUST10169,2026-04-22 10:59:00,topup,5000,e-wallet_gopay,MyApp,DEV72fcc072,Jakarta,0
TXN0006099,CUST10979,2026-04-22 11:18:00,topup,6182,virtual_account,Partner_Bank,DEV728ac5fd,Medan,0
TXN0001621,CUST10279,2026-04-22 11:20:00,topup,43264,virtual_account,MyApp,DEV4d4f6814,Jakarta,0
TXN0006699,CUST11080,2026-04-22 11:51:00,topup,38769,bank_transfer,MyApp,DEVab00fba9,Malang,0
TXN0005132,CUST10832,2026-04-22 11:57:00,topup,45156,e-wallet_dana,Partner_Bank,DEV06339f7f,Semarang,0
TXN0002311,CUST10388,2026-04-22 12:06:00,topup,5000,e-wallet_dana,Retail_Outlet,DEVcd693dab,Bandung,0
TXN0006820,CUST11100,2026-04-22 12:08:00,topup,16780,virtual_account,USSD,DEV6789278d,Malang,0
TXN0005671,CUST10914,2026-04-22 12:13:00,topup,33738,credit_card,Retail_Outlet,DEVd24e4a96,Palembang,0
TXN0004448,CUST10720,2026-04-22 12:18:00,topup,5000,retail_counter,Web_Portal,DEVaf178dbb,Pekanbaru,0
TXN0005094,CUST10827,2026-04-22 13:18:00,topup,5000,e-wallet_ovo,Partner_Bank,DEV4badb973,Pekanbaru,0
TXN0004277,CUST10692,2026-04-22 13:27:00,topup,7343,bank_transfer,Partner_Bank,DEVdf40fe04,Jakarta,0
TXN0004956,CUST10805,2026-04-22 13:55:00,topup,20833,e-wallet_ovo,Partner_Bank,DEVfbcb4db6,Makassar,0
TXN0003864,CUST10632,2026-04-22 14:40:00,topup,31417,retail_counter,USSD,DEV7d9def75,Malang,0
TXN0006531,CUST11051,2026-04-22 15:05:00,topup,33711,e-wallet_ovo,Web_Portal,DEV8776b75f,Makassar,0
TXN0003271,CUST10541,2026-04-22 15:19:00,topup,36427,e-wallet_gopay,Partner_Bank,DEV64b078a7,Surabaya,0
TXN0001847,CUST10316,2026-04-22 15:28:00,topup,31809,e-wallet_ovo,Partner_Bank,DEVa3922a4e,Pekanbaru,0
TXN0000090,CUST10014,2026-04-22 15:42:00,topup,23305,e-wallet_dana,Web_Portal,DEVfb8fe8c4,Jakarta,0
TXN0002410,CUST10402,2026-04-22 15:47:00,topup,55328,e-wallet_gopay,MyApp,DEV46c3c90c,Bandung,0
TXN0005832,CUST10938,2026-04-22 15:55:00,topup,16956,e-wallet_ovo,Partner_Bank,DEV91312064,Yogyakarta,0
TXN0004214,CUST10683,2026-04-22 15:56:00,topup,28479,e-wallet_dana,MyApp,DEVb58194e0,Palembang,0
TXN0000391,CUST10064,2026-04-22 16:03:00,topup,35526,e-wallet_ovo,Web_Portal,DEV81c61eeb,Denpasar,0
TXN0002735,CUST10455,2026-04-22 16:08:00,topup,13027,virtual_account,Partner_Bank,DEVe9917f60,Makassar,0
TXN0000035,CUST10004,2026-04-22 16:10:00,topup,9421,retail_counter,Retail_Outlet,DEVf18cccdc,Medan,0
TXN0002518,CUST10420,2026-04-22 16:11:00,topup,18525,virtual_account,Web_Portal,DEV041b1878,Jakarta,0
TXN0001839,CUST10315,2026-04-22 16:44:00,topup,5000,bank_transfer,Web_Portal,DEV47198f5c,Palembang,0
TXN0007034,CUST11135,2026-04-22 16:54:00,topup,5000,e-wallet_gopay,Retail_Outlet,DEV0cbe735d,Medan,0
TXN0003521,CUST10579,2026-04-22 17:22:00,topup,57486,e-wallet_dana,USSD,DEVe99d6b91,Palembang,0
TXN0002594,CUST10432,2026-04-22 17:28:00,topup,39471,e-wallet_gopay,USSD,DEVea879f65,Surabaya,0
TXN0006060,CUST10974,2026-04-22 17:34:00,topup,20214,bank_transfer,USSD,DEV93350c77,Makassar,0
TXN0003846,CUST10629,2026-04-22 17:36:00,topup,33721,e-wallet_gopay,USSD,DEV38f1f1ab,Bandung,0
TXN0000546,CUST10090,2026-04-22 17:42:00,topup,42994,e-wallet_gopay,MyApp,DEV2477f047,Surabaya,0
TXN0002477,CUST10413,2026-04-22 17:50:00,topup,5000,virtual_account,Partner_Bank,DEVd98f5e83,Yogyakarta,0
TXN0001416,CUST10242,2026-04-22 17:52:00,topup,13035,virtual_account,Web_Portal,DEVbdb58d06,Palembang,0
TXN0000683,CUST10114,2026-04-22 17:58:00,topup,14689,e-wallet_dana,Retail_Outlet,DEV0eb5e5a7,Yogyakarta,0
TXN0000995,CUST10164,2026-04-22 18:08:00,topup,19745,bank_transfer,MyApp,DEV789fed96,Makassar,0
TXN0004698,CUST10764,2026-04-22 18:12:00,topup,30222,e-wallet_ovo,Web_Portal,DEVe6ffee2a,Yogyakarta,0
TXN0003208,CUST10529,2026-04-22 18:21:00,topup,18237,e-wallet_dana,Partner_Bank,DEV32d7cc22,Semarang,0
TXN0002689,CUST10447,2026-04-22 18:31:00,topup,5000,credit_card,MyApp,DEVb32d3c81,Semarang,0
TXN0002265,CUST10381,2026-04-22 19:01:00,topup,44331,credit_card,Retail_Outlet,DEVcef44098,Balikpapan,0
TXN0005080,CUST10825,2026-04-22 19:20:00,topup,5000,e-wallet_ovo,MyApp,DEV877bfb50,Bandung,0
TXN0001963,CUST10332,2026-04-22 19:35:00,topup,32953,e-wallet_ovo,Retail_Outlet,DEV486fac8f,Jakarta,0
TXN0005513,CUST10887,2026-04-22 20:25:00,topup,34126,credit_card,Partner_Bank,DEV19edcdbc,Balikpapan,0
TXN0002267,CUST10381,2026-04-22 20:26:00,topup,10088,virtual_account,Web_Portal,DEV096b7724,Balikpapan,0
TXN0001779,CUST10305,2026-04-22 20:55:00,topup,17648,e-wallet_ovo,Partner_Bank,DEV36cdf42f,Palembang,0
TXN0003309,CUST10546,2026-04-22 21:24:00,topup,28148,bank_transfer,Partner_Bank,DEV1e014975,Yogyakarta,0
TXN0000505,CUST10083,2026-04-22 21:25:00,topup,25728,retail_counter,MyApp,DEV823c7ef9,Bandung,0
TXN0005403,CUST10870,2026-04-22 21:32:00,topup,5000,e-wallet_dana,USSD,DEVbe36c36d,Jakarta,0
TXN0003392,CUST10561,2026-04-22 21:40:00,topup,5000,e-wallet_dana,Partner_Bank,DEVa30c1e0e,Pekanbaru,0
TXN0004340,CUST10704,2026-04-22 21:45:00,topup,20034,e-wallet_dana,Web_Portal,DEV725687c2,Pekanbaru,0
TXN0000361,CUST10059,2026-04-22 21:48:00,topup,58746,e-wallet_ovo,MyApp,DEV6676cc75,Semarang,0
TXN0000138,CUST10023,2026-04-22 22:15:00,topup,11759,bank_transfer,MyApp,DEVe1bbb8cd,Semarang,0
TXN0005985,CUST10961,2026-04-22 22:36:00,topup,13740,e-wallet_dana,MyApp,DEVe1656eaf,Surabaya,0
TXN0002552,CUST10426,2026-04-22 22:37:00,topup,38932,e-wallet_ovo,MyApp,DEV3e59034b,Palembang,0
TXN0000789,CUST10131,2026-04-23 06:01:00,topup,22151,e-wallet_gopay,Partner_Bank,DEV2ad55c0b,Makassar,0
TXN0001792,CUST10307,2026-04-23 06:10:00,topup,34594,e-wallet_ovo,Retail_Outlet,DEVe182701b,Jakarta,0
TXN0001637,CUST10281,2026-04-23 06:25:00,topup,5000,credit_card,Retail_Outlet,DEV94e74f26,Yogyakarta,0
TXN0001977,CUST10335,2026-04-23 06:47:00,topup,10204,credit_card,Retail_Outlet,DEV6359d5ce,Makassar,0
TXN0005063,CUST10822,2026-04-23 06:58:00,topup,21924,e-wallet_ovo,USSD,DEVb0427c62,Jakarta,0
TXN0004891,CUST10795,2026-04-23 07:03:00,topup,5000,e-wallet_dana,USSD,DEVfccc1a7d,Malang,0
TXN0004003,CUST10653,2026-04-23 07:03:00,topup,20003,e-wallet_ovo,Partner_Bank,DEV13e9e070,Denpasar,0
TXN0001737,CUST10297,2026-04-23 07:44:00,topup,43880,e-wallet_dana,Retail_Outlet,DEV813a3aa5,Bandung,0
TXN0002956,CUST10492,2026-04-23 07:49:00,topup,5000,retail_counter,USSD,DEVd141b9e4,Semarang,0
TXN0002238,CUST10376,2026-04-23 07:51:00,topup,43386,credit_card,Retail_Outlet,DEVb99e6f7b,Pekanbaru,0
TXN0007557,CUST10476,2026-04-23 08:00:00,promo_bundle_redeem,0,promo_credit,MyApp,DEV498e6ba4,Bandung,1
TXN0001272,CUST10210,2026-04-23 08:12:00,topup,35759,e-wallet_ovo,MyApp,DEV6f689d65,Medan,0
TXN0001895,CUST10323,2026-04-23 08:25:00,topup,26253,credit_card,Retail_Outlet,DEVd03bcbfc,Malang,0
TXN0001644,CUST10283,2026-04-23 08:33:00,topup,17486,retail_counter,Retail_Outlet,DEVa0c69223,Semarang,0
TXN0004932,CUST10802,2026-04-23 08:44:00,topup,5000,retail_counter,MyApp,DEVcd65e328,Semarang,0
TXN0002988,CUST10496,2026-04-23 09:23:00,topup,40238,e-wallet_ovo,Retail_Outlet,DEV471b0cc7,Surabaya,0
TXN0000095,CUST10015,2026-04-23 09:48:00,topup,5000,bank_transfer,Retail_Outlet,DEVb4157cea,Balikpapan,0
TXN0003039,CUST10504,2026-04-23 09:52:00,topup,5000,credit_card,USSD,DEVe2eed64b,Balikpapan,0
TXN0001419,CUST10242,2026-04-23 10:04:00,topup,23522,bank_transfer,Partner_Bank,DEVe83cdff9,Palembang,0
TXN0001257,CUST10208,2026-04-23 10:06:00,topup,17135,virtual_account,USSD,DEV7279101c,Balikpapan,0
TXN0001750,CUST10299,2026-04-23 10:30:00,topup,6617,e-wallet_gopay,MyApp,DEV78460474,Denpasar,0
TXN0006677,CUST11076,2026-04-23 10:36:00,topup,24525,bank_transfer,USSD,DEVfe389c35,Pekanbaru,0
TXN0006676,CUST11076,2026-04-23 10:38:00,topup,55153,virtual_account,USSD,DEV835108d8,Pekanbaru,0
TXN0003347,CUST10552,2026-04-23 10:46:00,topup,29411,e-wallet_gopay,Partner_Bank,DEV9145aa38,Semarang,0
TXN0006100,CUST10979,2026-04-23 11:00:00,topup,5000,virtual_account,USSD,DEV4c6694ab,Medan,0
TXN0001845,CUST10316,2026-04-23 11:55:00,topup,32420,e-wallet_dana,MyApp,DEVeade7b17,Pekanbaru,0
TXN0007599,CUST10741,2026-04-23 12:00:00,promo_bundle_redeem,0,promo_credit,MyApp,DEV3ea0dd43,Bandung,1
TXN0000319,CUST10053,2026-04-23 12:16:00,topup,57032,e-wallet_dana,Retail_Outlet,DEV396d1ffb,Makassar,0
TXN0002911,CUST10486,2026-04-23 12:17:00,topup,5247,virtual_account,USSD,DEVbdecb67a,Bandung,0
TXN0003210,CUST10529,2026-04-23 12:34:00,topup,21277,e-wallet_ovo,MyApp,DEVc8aae0c8,Semarang,0
TXN0003612,CUST10593,2026-04-23 13:07:00,topup,5434,bank_transfer,Partner_Bank,DEV5738db52,Yogyakarta,0
TXN0000589,CUST10098,2026-04-23 13:16:00,topup,12136,bank_transfer,MyApp,DEVdf482e7c,Malang,0
TXN0007082,CUST11146,2026-04-23 13:19:00,topup,20838,retail_counter,MyApp,DEVc5404be9,Makassar,0
TXN0004338,CUST10703,2026-04-23 13:20:00,topup,33201,credit_card,Retail_Outlet,DEVd8bb254c,Palembang,0
TXN0005484,CUST10883,2026-04-23 13:43:00,topup,12628,e-wallet_dana,USSD,DEVb6a35409,Palembang,0
TXN0003307,CUST10546,2026-04-23 14:09:00,topup,40663,e-wallet_ovo,Partner_Bank,DEVe754d4c3,Yogyakarta,0
TXN0001286,CUST10212,2026-04-23 14:15:00,topup,7156,retail_counter,USSD,DEV627ca9f7,Yogyakarta,0
TXN0006818,CUST11099,2026-04-23 14:25:00,topup,21041,retail_counter,Retail_Outlet,DEV6cd6b9e1,Malang,0
TXN0001336,CUST10226,2026-04-23 14:34:00,topup,15360,virtual_account,Retail_Outlet,DEV63dba8c8,Medan,0
TXN0002429,CUST10405,2026-04-23 14:37:00,topup,19165,retail_counter,Web_Portal,DEV5735773c,Malang,0
TXN0005701,CUST10919,2026-04-23 14:42:00,topup,8028,bank_transfer,Retail_Outlet,DEVd5cf18c2,Palembang,0
TXN0005611,CUST10902,2026-04-23 14:44:00,topup,30424,e-wallet_gopay,Partner_Bank,DEV79004406,Makassar,0
TXN0007310,CUST11182,2026-04-23 14:45:00,topup,24283,credit_card,USSD,DEVb79fa51d,Medan,0
TXN0006684,CUST11077,2026-04-23 14:48:00,topup,5000,bank_transfer,USSD,DEV121374ec,Jakarta,0
TXN0002339,CUST10392,2026-04-23 15:05:00,topup,5000,bank_transfer,Retail_Outlet,DEV0dfabe46,Makassar,0
TXN0005106,CUST10828,2026-04-23 15:53:00,topup,38501,credit_card,MyApp,DEV74b8b222,Palembang,0
TXN0003215,CUST10530,2026-04-23 15:58:00,topup,28204,e-wallet_ovo,MyApp,DEV9417e0f5,Balikpapan,0
TXN0000404,CUST10067,2026-04-23 16:26:00,topup,5000,e-wallet_gopay,Retail_Outlet,DEVd10bf4dc,Medan,0
TXN0000737,CUST10123,2026-04-23 17:28:00,topup,37141,virtual_account,MyApp,DEV65db6e43,Balikpapan,0
TXN0000466,CUST10077,2026-04-23 17:39:00,topup,29438,e-wallet_ovo,Web_Portal,DEVc9c1ad45,Semarang,0
TXN0007085,CUST11146,2026-04-23 17:39:00,topup,36238,bank_transfer,Partner_Bank,DEVa9fb1b54,Makassar,0
TXN0007627,CUST10933,2026-04-23 18:00:00,promo_bundle_redeem,0,promo_credit,MyApp,DEVcfab07f4,Bandung,1
TXN0003805,CUST10624,2026-04-23 18:03:00,topup,5000,e-wallet_gopay,MyApp,DEVa17e34b0,Surabaya,0
TXN0004298,CUST10696,2026-04-23 18:32:00,topup,27385,e-wallet_ovo,Web_Portal,DEV43b6c6ef,Surabaya,0
TXN0003093,CUST10512,2026-04-23 18:39:00,topup,25727,e-wallet_ovo,Partner_Bank,DEV7a114e56,Palembang,0
TXN0005788,CUST10932,2026-04-23 18:57:00,topup,6237,e-wallet_dana,Partner_Bank,DEV9af20d53,Semarang,0
TXN0004012,CUST10653,2026-04-23 19:02:00,topup,5000,virtual_account,MyApp,DEV2a869922,Denpasar,0
TXN0003124,CUST10517,2026-04-23 19:04:00,topup,51775,bank_transfer,Partner_Bank,DEV1b4142aa,Surabaya,0
TXN0000162,CUST10027,2026-04-23 19:49:00,topup,20833,e-wallet_gopay,Web_Portal,DEV34fadee1,Jakarta,0
TXN0001035,CUST10169,2026-04-23 19:56:00,topup,14955,retail_counter,Web_Portal,DEV235b275b,Jakarta,0
TXN0005373,CUST10866,2026-04-23 19:57:00,topup,78035,credit_card,Partner_Bank,DEVab707385,Medan,0
TXN0000529,CUST10086,2026-04-23 20:04:00,topup,5000,e-wallet_ovo,MyApp,DEVaf95be79,Pekanbaru,0
TXN0006213,CUST10998,2026-04-23 20:10:00,topup,23244,retail_counter,Partner_Bank,DEV1a062a0e,Makassar,0
TXN0000471,CUST10078,2026-04-23 20:24:00,topup,36649,retail_counter,Partner_Bank,DEVa23ff67d,Denpasar,0
TXN0000660,CUST10110,2026-04-23 21:18:00,topup,31263,credit_card,Partner_Bank,DEV95dad216,Jakarta,0
TXN0006022,CUST10968,2026-04-23 21:20:00,topup,5000,retail_counter,Web_Portal,DEV34634757,Palembang,0
TXN0005847,CUST10939,2026-04-23 21:22:00,topup,23247,e-wallet_dana,USSD,DEV9a00a4e2,Semarang,0
TXN0004661,CUST10758,2026-04-23 21:25:00,topup,36854,bank_transfer,Web_Portal,DEV7ff5475c,Malang,0
TXN0002985,CUST10496,2026-04-23 21:27:00,topup,17892,e-wallet_ovo,USSD,DEV1e7d8f7b,Surabaya,0
TXN0004731,CUST10769,2026-04-23 21:27:00,topup,28546,e-wallet_gopay,Web_Portal,DEV963d4606,Makassar,0
TXN0006787,CUST11094,2026-04-23 21:32:00,topup,5000,credit_card,Partner_Bank,DEV2e3a9584,Surabaya,0
TXN0006605,CUST11064,2026-04-23 21:42:00,topup,7801,bank_transfer,MyApp,DEV1a06cff0,Makassar,0
TXN0002732,CUST10455,2026-04-23 21:48:00,topup,43584,bank_transfer,Web_Portal,DEVec5412b4,Makassar,0
TXN0004319,CUST10700,2026-04-23 21:59:00,topup,12365,retail_counter,Retail_Outlet,DEVe666a9b4,Medan,0
TXN0000844,CUST10139,2026-04-23 22:10:00,topup,31814,retail_counter,Partner_Bank,DEV081fec82,Makassar,0
TXN0000369,CUST10061,2026-04-23 22:12:00,topup,5000,virtual_account,Partner_Bank,DEV702b7014,Surabaya,0
TXN0000958,CUST10157,2026-04-23 22:17:00,topup,5000,e-wallet_dana,Retail_Outlet,DEV6f2e92b9,Semarang,0
TXN0002162,CUST10363,2026-04-23 22:17:00,topup,8971,e-wallet_dana,USSD,DEV1e245a97,Medan,0
TXN0005702,CUST10919,2026-04-23 22:28:00,topup,5000,e-wallet_ovo,Retail_Outlet,DEV82c273a9,Palembang,0
TXN0003539,CUST10582,2026-04-23 22:31:00,topup,28771,e-wallet_dana,Retail_Outlet,DEVf79f8fa9,Malang,0
TXN0006400,CUST11027,2026-04-23 22:44:00,topup,13450,e-wallet_ovo,Partner_Bank,DEVa484be3e,Pekanbaru,0
TXN0006365,CUST11021,2026-04-23 22:52:00,topup,5000,bank_transfer,Web_Portal,DEV2651daa3,Medan,0
TXN0001935,CUST10329,2026-04-23 22:53:00,topup,24770,retail_counter,MyApp,DEV7862246c,Surabaya,0
TXN0001265,CUST10209,2026-04-23 22:58:00,topup,38572,bank_transfer,Web_Portal,DEV0ffa2366,Palembang,0
TXN0001849,CUST10317,2026-04-24 06:05:00,topup,6583,virtual_account,USSD,DEV88efe82b,Yogyakarta,0
TXN0002819,CUST10470,2026-04-24 06:29:00,topup,5000,e-wallet_dana,Partner_Bank,DEVf6c9dd38,Pekanbaru,0
TXN0004972,CUST10807,2026-04-24 06:30:00,topup,30846,retail_counter,Retail_Outlet,DEVb1fe69b8,Balikpapan,0
TXN0004850,CUST10788,2026-04-24 06:42:00,topup,23491,credit_card,USSD,DEVbd0443f0,Bandung,0
TXN0006948,CUST11121,2026-04-24 06:45:00,topup,26170,e-wallet_dana,MyApp,DEVeb67a72c,Makassar,0
TXN0001758,CUST10301,2026-04-24 06:57:00,topup,5000,e-wallet_ovo,Web_Portal,DEVc3e3c148,Palembang,0
TXN0004876,CUST10792,2026-04-24 07:14:00,topup,21144,bank_transfer,USSD,DEVd2f18f28,Denpasar,0
TXN0007269,CUST11175,2026-04-24 07:16:00,topup,52044,credit_card,MyApp,DEV5bf2e8db,Medan,0
TXN0003249,CUST10536,2026-04-24 07:21:00,topup,23336,credit_card,Partner_Bank,DEV9fb30a4d,Palembang,0
TXN0003304,CUST10545,2026-04-24 07:53:00,topup,21074,e-wallet_gopay,Web_Portal,DEV6b7f0864,Semarang,0
TXN0000397,CUST10065,2026-04-24 08:00:00,topup,34801,virtual_account,USSD,DEV048c8480,Bandung,0
TXN0007591,CUST11026,2026-04-24 08:00:00,promo_bundle_redeem,0,promo_credit,MyApp,DEVa19f304a,Makassar,1
TXN0002919,CUST10486,2026-04-24 08:07:00,topup,11376,credit_card,Retail_Outlet,DEV15263fef,Bandung,0
TXN0000938,CUST10153,2026-04-24 08:10:00,topup,5000,retail_counter,Partner_Bank,DEV2294fa0a,Pekanbaru,0
TXN0001648,CUST10283,2026-04-24 08:10:00,topup,37008,virtual_account,Retail_Outlet,DEV457e55cb,Semarang,0
TXN0005164,CUST10836,2026-04-24 08:18:00,topup,5000,retail_counter,Partner_Bank,DEVe3e492f3,Pekanbaru,0
TXN0002600,CUST10434,2026-04-24 08:28:00,topup,39144,e-wallet_ovo,MyApp,DEV123c6a29,Yogyakarta,0
TXN0005425,CUST10874,2026-04-24 08:31:00,topup,28040,e-wallet_dana,MyApp,DEVd8e77ca2,Palembang,0
TXN0006526,CUST11049,2026-04-24 08:49:00,topup,31059,e-wallet_ovo,Partner_Bank,DEV1dadd807,Surabaya,0
TXN0005314,CUST10858,2026-04-24 08:52:00,topup,34657,e-wallet_dana,MyApp,DEV161cd674,Pekanbaru,0
TXN0004651,CUST10756,2026-04-24 09:01:00,topup,9939,virtual_account,Web_Portal,DEV74e5418d,Bandung,0
TXN0003229,CUST10532,2026-04-24 09:09:00,topup,5000,bank_transfer,Partner_Bank,DEV3754c5ec,Bandung,0
TXN0002771,CUST10462,2026-04-24 09:18:00,topup,5000,retail_counter,Web_Portal,DEVfcc2ed18,Yogyakarta,0
TXN0001361,CUST10231,2026-04-24 09:38:00,topup,31192,e-wallet_gopay,Retail_Outlet,DEV603ecfef,Surabaya,0
TXN0000148,CUST10024,2026-04-24 09:42:00,topup,19049,e-wallet_ovo,USSD,DEV5683ede0,Surabaya,0
TXN0001022,CUST10168,2026-04-24 09:54:00,topup,30482,e-wallet_ovo,MyApp,DEV41f74651,Denpasar,0
TXN0002154,CUST10362,2026-04-24 10:20:00,topup,13278,e-wallet_ovo,USSD,DEV752caa97,Makassar,0
TXN0004272,CUST10691,2026-04-24 10:33:00,topup,35095,virtual_account,Retail_Outlet,DEV93ddbda1,Yogyakarta,0
TXN0004592,CUST10745,2026-04-24 10:40:00,topup,26344,e-wallet_dana,USSD,DEV111ac671,Bandung,0
TXN0002998,CUST10498,2026-04-24 10:49:00,topup,5000,credit_card,Partner_Bank,DEV02aa1c76,Balikpapan,0
TXN0000516,CUST10084,2026-04-24 11:09:00,topup,38825,retail_counter,Partner_Bank,DEV12767d13,Jakarta,0
TXN0001999,CUST10337,2026-04-24 11:26:00,topup,5000,retail_counter,Partner_Bank,DEV0b961346,Yogyakarta,0
TXN0002542,CUST10424,2026-04-24 11:35:00,topup,36212,e-wallet_ovo,Retail_Outlet,DEV2207cb65,Palembang,0
TXN0000847,CUST10140,2026-04-24 11:44:00,topup,51534,e-wallet_dana,Web_Portal,DEV8b0ea0b9,Balikpapan,0
TXN0004673,CUST10760,2026-04-24 12:26:00,topup,19778,e-wallet_dana,Web_Portal,DEV4f7ebc54,Jakarta,0
TXN0000294,CUST10048,2026-04-24 12:52:00,topup,31892,e-wallet_gopay,MyApp,DEV2e2bdc6c,Balikpapan,0
TXN0001171,CUST10192,2026-04-24 12:53:00,topup,5000,bank_transfer,USSD,DEV600fc79c,Balikpapan,0
TXN0003169,CUST10523,2026-04-24 12:55:00,topup,29053,credit_card,USSD,DEV5d0c8205,Yogyakarta,0
TXN0001533,CUST10263,2026-04-24 12:58:00,topup,43841,retail_counter,Retail_Outlet,DEV5209eaab,Balikpapan,0
TXN0000341,CUST10056,2026-04-24 13:18:00,topup,38017,virtual_account,USSD,DEV8c52d271,Bandung,0
TXN0002093,CUST10354,2026-04-24 13:20:00,topup,45033,credit_card,Partner_Bank,DEV6dc75587,Malang,0
TXN0000540,CUST10089,2026-04-24 13:40:00,topup,41566,retail_counter,Web_Portal,DEV243113fd,Medan,0
TXN0000411,CUST10068,2026-04-24 13:40:00,topup,44705,e-wallet_dana,Retail_Outlet,DEV8c357321,Semarang,0
TXN0006821,CUST11100,2026-04-24 13:54:00,topup,5000,e-wallet_ovo,MyApp,DEV217c82b1,Malang,0
TXN0001206,CUST10199,2026-04-24 14:03:00,topup,9647,bank_transfer,Retail_Outlet,DEV92f71993,Balikpapan,0
TXN0006372,CUST11022,2026-04-24 14:10:00,topup,23894,credit_card,USSD,DEV9ae5fbbc,Palembang,0
TXN0002655,CUST10442,2026-04-24 14:20:00,topup,29571,e-wallet_dana,USSD,DEV56282768,Denpasar,0
TXN0006861,CUST11108,2026-04-24 14:28:00,topup,12023,credit_card,Retail_Outlet,DEVf2af577d,Medan,0
TXN0001809,CUST10309,2026-04-24 14:41:00,topup,39897,e-wallet_gopay,Partner_Bank,DEV07179ef3,Bandung,0
TXN0005266,CUST10849,2026-04-24 14:45:00,topup,5000,credit_card,Web_Portal,DEV793daf5a,Palembang,0
TXN0001376,CUST10235,2026-04-24 15:10:00,topup,12305,credit_card,Retail_Outlet,DEV1bc2197e,Denpasar,0
TXN0003835,CUST10627,2026-04-24 16:11:00,topup,27947,retail_counter,Web_Portal,DEV7d058c07,Makassar,0
TXN0006793,CUST11096,2026-04-24 16:24:00,topup,31978,bank_transfer,Web_Portal,DEV3a21356c,Denpasar,0
TXN0004955,CUST10805,2026-04-24 16:45:00,topup,5000,credit_card,Partner_Bank,DEVc95d2093,Makassar,0
TXN0000449,CUST10074,2026-04-24 16:46:00,topup,40174,bank_transfer,USSD,DEVac9b389a,Yogyakarta,0
TXN0002584,CUST10430,2026-04-24 16:51:00,topup,5000,virtual_account,MyApp,DEV6ef54cee,Denpasar,0
TXN0002889,CUST10481,2026-04-24 17:07:00,topup,25259,credit_card,MyApp,DEV66edef30,Malang,0
TXN0003618,CUST10595,2026-04-24 17:11:00,topup,5000,retail_counter,Web_Portal,DEVcd35637c,Bandung,0
TXN0000897,CUST10147,2026-04-24 17:51:00,topup,7099,credit_card,Partner_Bank,DEV68e8f311,Semarang,0
TXN0005871,CUST10941,2026-04-24 17:52:00,topup,17398,retail_counter,MyApp,DEVa8449e0b,Surabaya,0
TXN0007611,CUST10273,2026-04-24 18:00:00,promo_bundle_redeem,0,promo_credit,MyApp,DEV922731e9,Palembang,1
TXN0005564,CUST10895,2026-04-24 18:24:00,topup,19287,retail_counter,USSD,DEV679b03d4,Medan,0
TXN0001020,CUST10168,2026-04-24 18:38:00,topup,5000,e-wallet_ovo,Retail_Outlet,DEVfef97d57,Denpasar,0
TXN0000271,CUST10046,2026-04-24 18:50:00,topup,21343,e-wallet_ovo,Retail_Outlet,DEVafb28b3d,Medan,0
TXN0006081,CUST10977,2026-04-24 18:57:00,topup,36424,e-wallet_gopay,Retail_Outlet,DEVdff4cc91,Malang,0
TXN0003498,CUST10574,2026-04-24 19:04:00,topup,16217,e-wallet_ovo,Partner_Bank,DEV8082a0ee,Denpasar,0
TXN0006299,CUST11011,2026-04-24 19:06:00,topup,20275,e-wallet_ovo,Partner_Bank,DEV8abefd88,Malang,0
TXN0003330,CUST10549,2026-04-24 19:16:00,topup,44167,e-wallet_ovo,Partner_Bank,DEV6ef7ffc3,Yogyakarta,0
TXN0002171,CUST10364,2026-04-24 19:40:00,topup,43540,credit_card,USSD,DEV4f489f45,Denpasar,0
TXN0005197,CUST10840,2026-04-24 20:05:00,topup,7491,credit_card,Partner_Bank,DEV07a76739,Pekanbaru,0
TXN0003424,CUST10566,2026-04-24 20:10:00,topup,17535,retail_counter,USSD,DEV70fbb28e,Pekanbaru,0
TXN0004777,CUST10775,2026-04-24 20:13:00,topup,12581,e-wallet_ovo,MyApp,DEVf1aab637,Surabaya,0
TXN0001722,CUST10295,2026-04-24 20:18:00,topup,50839,virtual_account,MyApp,DEVcd0d4d73,Pekanbaru,0
TXN0005613,CUST10903,2026-04-24 20:24:00,topup,57405,e-wallet_ovo,Retail_Outlet,DEVa74b151c,Pekanbaru,0
TXN0002202,CUST10370,2026-04-24 20:27:00,topup,26869,credit_card,USSD,DEV490ccf97,Malang,0
TXN0003909,CUST10638,2026-04-24 20:28:00,topup,18390,credit_card,Partner_Bank,DEV86cc556b,Yogyakarta,0
TXN0001185,CUST10195,2026-04-24 20:48:00,topup,27120,e-wallet_dana,USSD,DEVdfb68a5f,Yogyakarta,0
TXN0004015,CUST10654,2026-04-24 20:49:00,topup,18075,e-wallet_gopay,Retail_Outlet,DEVb1f20ebf,Medan,0
TXN0001240,CUST10204,2026-04-24 20:58:00,topup,5000,bank_transfer,Web_Portal,DEV6e5fbf71,Pekanbaru,0
TXN0006423,CUST11032,2026-04-24 21:00:00,topup,21642,e-wallet_gopay,USSD,DEVd61a4a69,Jakarta,0
TXN0005726,CUST10923,2026-04-24 21:10:00,topup,8326,retail_counter,Partner_Bank,DEV04621030,Denpasar,0
TXN0004761,CUST10773,2026-04-24 22:03:00,topup,12722,retail_counter,MyApp,DEVf9cc596e,Palembang,0
TXN0001727,CUST10296,2026-04-24 22:53:00,topup,30485,e-wallet_dana,MyApp,DEV7d457a09,Jakarta,0
TXN0003390,CUST10560,2026-04-25 06:04:00,topup,22616,e-wallet_dana,USSD,DEV25e36ccd,Denpasar,0
TXN0002269,CUST10382,2026-04-25 06:24:00,topup,5000,bank_transfer,USSD,DEV01d3a033,Balikpapan,0
TXN0005880,CUST10943,2026-04-25 06:26:00,topup,24506,e-wallet_ovo,Retail_Outlet,DEV18f67e0c,Malang,0
TXN0007123,CUST11153,2026-04-25 06:43:00,topup,58325,virtual_account,MyApp,DEV2d598b9d,Malang,0
TXN0006436,CUST11034,2026-04-25 06:50:00,topup,45231,credit_card,USSD,DEVf929eda0,Surabaya,0
TXN0003305,CUST10545,2026-04-25 07:05:00,topup,18311,virtual_account,Retail_Outlet,DEVa2307350,Semarang,0
TXN0004549,CUST10736,2026-04-25 07:06:00,topup,37106,bank_transfer,Retail_Outlet,DEV7b142917,Yogyakarta,0
TXN0005092,CUST10826,2026-04-25 07:33:00,topup,28326,e-wallet_dana,USSD,DEVcf8be8bd,Pekanbaru,0
TXN0000548,CUST10091,2026-04-25 07:39:00,topup,8231,virtual_account,USSD,DEV1d57e734,Makassar,0
TXN0002394,CUST10400,2026-04-25 07:44:00,topup,21123,retail_counter,Retail_Outlet,DEV350b0860,Semarang,0
TXN0002011,CUST10339,2026-04-25 08:09:00,topup,19894,e-wallet_ovo,Web_Portal,DEVbe86f5d0,Pekanbaru,0
TXN0005809,CUST10934,2026-04-25 08:13:00,topup,6372,e-wallet_dana,MyApp,DEV3e2613ab,Denpasar,0
TXN0003723,CUST10612,2026-04-25 08:15:00,topup,24070,virtual_account,Web_Portal,DEVa928a5b2,Pekanbaru,0
TXN0002509,CUST10418,2026-04-25 08:15:00,topup,10677,retail_counter,MyApp,DEVe4872e77,Surabaya,0
TXN0002921,CUST10487,2026-04-25 08:33:00,topup,5000,virtual_account,USSD,DEV2fd6129a,Jakarta,0
TXN0002884,CUST10480,2026-04-25 08:51:00,topup,53763,credit_card,MyApp,DEVef775124,Makassar,0
TXN0000447,CUST10074,2026-04-25 09:21:00,topup,25597,bank_transfer,USSD,DEV8ff19886,Yogyakarta,0
TXN0006691,CUST11078,2026-04-25 09:28:00,topup,28820,virtual_account,USSD,DEV5fb14f5b,Pekanbaru,0
TXN0004570,CUST10741,2026-04-25 09:32:00,topup,5000,e-wallet_dana,Retail_Outlet,DEVe2b845b7,Bandung,0
TXN0004762,CUST10773,2026-04-25 09:55:00,topup,48032,bank_transfer,Partner_Bank,DEVaee4f488,Palembang,0
TXN0005667,CUST10912,2026-04-25 10:03:00,topup,24942,retail_counter,Retail_Outlet,DEVda2777af,Bandung,0
TXN0001438,CUST10245,2026-04-25 10:43:00,topup,27847,bank_transfer,MyApp,DEV22249813,Bandung,0
TXN0005312,CUST10858,2026-04-25 10:45:00,topup,23366,bank_transfer,Partner_Bank,DEV3e447305,Pekanbaru,0
TXN0006055,CUST10973,2026-04-25 10:49:00,topup,5000,credit_card,Retail_Outlet,DEVae1c64c6,Palembang,0
TXN0001799,CUST10307,2026-04-25 11:18:00,topup,19514,virtual_account,USSD,DEVba0371f9,Jakarta,0
TXN0006152,CUST10988,2026-04-25 11:38:00,topup,19000,virtual_account,Partner_Bank,DEV8c9bcaa6,Denpasar,0
TXN0000306,CUST10050,2026-04-25 11:52:00,topup,5000,credit_card,USSD,DEV87f1d48c,Palembang,0
TXN0004899,CUST10796,2026-04-25 11:53:00,topup,70281,e-wallet_ovo,Partner_Bank,DEV9181c8a2,Semarang,0
TXN0006603,CUST11064,2026-04-25 12:28:00,topup,22866,e-wallet_ovo,Partner_Bank,DEV0f90bfaa,Makassar,0
TXN0005903,CUST10946,2026-04-25 12:43:00,topup,11950,bank_transfer,Partner_Bank,DEVfc0221b4,Bandung,0
TXN0005789,CUST10932,2026-04-25 12:44:00,topup,26887,retail_counter,MyApp,DEV1d5720cd,Semarang,0
TXN0003964,CUST10646,2026-04-25 12:45:00,topup,22446,credit_card,Partner_Bank,DEV025ec446,Malang,0
TXN0001229,CUST10202,2026-04-25 12:47:00,topup,7751,credit_card,MyApp,DEV1ce62a9f,Makassar,0
TXN0000157,CUST10025,2026-04-25 13:31:00,topup,37896,bank_transfer,Retail_Outlet,DEV64953d5f,Jakarta,0
TXN0004964,CUST10806,2026-04-25 13:45:00,topup,27757,credit_card,MyApp,DEVff03f1a9,Jakarta,0
TXN0006734,CUST11085,2026-04-25 14:00:00,topup,19973,e-wallet_gopay,MyApp,DEVc7569b9b,Bandung,0
TXN0005644,CUST10909,2026-04-25 14:01:00,topup,38687,bank_transfer,USSD,DEV4721fbe9,Palembang,0
TXN0002053,CUST10346,2026-04-25 14:02:00,topup,5000,retail_counter,MyApp,DEV78ea47e2,Balikpapan,0
TXN0003214,CUST10530,2026-04-25 14:08:00,topup,30529,credit_card,Partner_Bank,DEV32d4d3a5,Balikpapan,0
TXN0007197,CUST11163,2026-04-25 14:26:00,topup,5000,virtual_account,Retail_Outlet,DEV0be08870,Bandung,0
TXN0003241,CUST10535,2026-04-25 14:31:00,topup,35748,retail_counter,MyApp,DEV6f959489,Malang,0
TXN0004509,CUST10729,2026-04-25 14:36:00,topup,10982,e-wallet_dana,USSD,DEV5d7518d4,Bandung,0
TXN0000147,CUST10024,2026-04-25 14:44:00,topup,12658,e-wallet_ovo,Partner_Bank,DEVf11c0ac5,Surabaya,0
TXN0000686,CUST10115,2026-04-25 15:17:00,topup,28328,e-wallet_gopay,Partner_Bank,DEVee462fcd,Bandung,0
TXN0004382,CUST10711,2026-04-25 15:21:00,topup,5000,virtual_account,USSD,DEVac00cd5e,Denpasar,0
TXN0004947,CUST10804,2026-04-25 15:25:00,topup,46513,virtual_account,Retail_Outlet,DEVabf89388,Yogyakarta,0
TXN0001173,CUST10193,2026-04-25 15:29:00,topup,10359,e-wallet_dana,USSD,DEV2ff8107a,Palembang,0
TXN0002042,CUST10344,2026-04-25 15:46:00,topup,59696,e-wallet_ovo,Retail_Outlet,DEV9f690cde,Surabaya,0
TXN0002755,CUST10460,2026-04-25 15:49:00,topup,19896,e-wallet_dana,MyApp,DEV5b078b11,Pekanbaru,0
TXN0002309,CUST10387,2026-04-25 16:22:00,topup,28897,credit_card,Web_Portal,DEVe3dc8702,Palembang,0
TXN0001165,CUST10191,2026-04-25 16:37:00,topup,15364,e-wallet_dana,Web_Portal,DEV90a014ab,Pekanbaru,0
TXN0002551,CUST10426,2026-04-25 16:49:00,topup,12485,bank_transfer,USSD,DEV3c847821,Palembang,0
TXN0007600,CUST10741,2026-04-25 17:00:00,promo_bundle_redeem,0,promo_credit,MyApp,DEV1d5f9ff2,Bandung,1
TXN0000061,CUST10008,2026-04-25 17:04:00,topup,20075,e-wallet_gopay,MyApp,DEVd8e70aeb,Surabaya,0
TXN0006930,CUST11119,2026-04-25 17:10:00,topup,41710,bank_transfer,Retail_Outlet,DEV8e86f9b2,Balikpapan,0
TXN0006609,CUST11065,2026-04-25 17:12:00,topup,23444,e-wallet_dana,USSD,DEVf431f8f1,Yogyakarta,0
TXN0000568,CUST10094,2026-04-25 17:22:00,topup,5000,credit_card,Web_Portal,DEV7caa281b,Medan,0
TXN0002891,CUST10482,2026-04-25 17:22:00,topup,27653,e-wallet_dana,Retail_Outlet,DEV8772df4a,Pekanbaru,0
TXN0004997,CUST10811,2026-04-25 17:34:00,topup,29148,e-wallet_gopay,Partner_Bank,DEVaf838c06,Bandung,0
TXN0006817,CUST11099,2026-04-25 17:48:00,topup,29650,credit_card,MyApp,DEV81a4dce0,Malang,0
TXN0003266,CUST10540,2026-04-25 18:00:00,topup,42970,e-wallet_dana,Web_Portal,DEVd73cad84,Palembang,0
TXN0003375,CUST10557,2026-04-25 18:06:00,topup,16711,e-wallet_gopay,MyApp,DEVf00d5a65,Denpasar,0
TXN0004660,CUST10757,2026-04-25 18:21:00,topup,13018,retail_counter,Web_Portal,DEVc7ed8888,Yogyakarta,0
TXN0007182,CUST11161,2026-04-25 18:29:00,topup,5000,retail_counter,USSD,DEVc23e471a,Surabaya,0
TXN0000650,CUST10108,2026-04-25 18:36:00,topup,78485,e-wallet_gopay,Retail_Outlet,DEV937ca77c,Semarang,0
TXN0005116,CUST10830,2026-04-25 18:41:00,topup,16768,e-wallet_ovo,USSD,DEV52f2978f,Denpasar,0
TXN0000261,CUST10043,2026-04-25 18:45:00,topup,7571,virtual_account,USSD,DEV30385dd7,Balikpapan,0
TXN0005935,CUST10952,2026-04-25 18:51:00,topup,12761,e-wallet_gopay,MyApp,DEVd8e3cb62,Denpasar,0
TXN0003718,CUST10611,2026-04-25 19:05:00,topup,12711,e-wallet_dana,USSD,DEV4bbb2e9a,Pekanbaru,0
TXN0003366,CUST10556,2026-04-25 19:10:00,topup,10038,e-wallet_ovo,USSD,DEV565f2ea8,Medan,0
TXN0000560,CUST10092,2026-04-25 19:24:00,topup,32724,e-wallet_dana,USSD,DEV27035b27,Denpasar,0
TXN0005459,CUST10879,2026-04-25 19:30:00,topup,5000,retail_counter,Partner_Bank,DEV244220c6,Semarang,0
TXN0000012,CUST10001,2026-04-25 19:36:00,topup,27691,e-wallet_ovo,Web_Portal,DEVc6a07656,Yogyakarta,0
TXN0006966,CUST11124,2026-04-25 19:37:00,topup,13948,e-wallet_dana,MyApp,DEV00e5ebaf,Denpasar,0
TXN0004683,CUST10762,2026-04-25 20:11:00,topup,13423,bank_transfer,Retail_Outlet,DEVe05ff96e,Medan,0
TXN0003903,CUST10637,2026-04-25 20:41:00,topup,9359,bank_transfer,Retail_Outlet,DEVd690efa9,Jakarta,0
TXN0000140,CUST10023,2026-04-25 21:35:00,topup,36055,e-wallet_ovo,MyApp,DEVc9ea356a,Semarang,0
TXN0006426,CUST11032,2026-04-25 21:52:00,topup,35443,e-wallet_dana,Web_Portal,DEV9fc2e952,Jakarta,0
TXN0000103,CUST10016,2026-04-25 21:59:00,topup,7987,virtual_account,Retail_Outlet,DEV9d37efb6,Malang,0
TXN0004494,CUST10728,2026-04-25 22:00:00,topup,17170,e-wallet_gopay,MyApp,DEVa6e997ae,Palembang,0
TXN0007175,CUST11160,2026-04-25 22:03:00,topup,33447,virtual_account,Partner_Bank,DEV803e82de,Palembang,0
TXN0000142,CUST10024,2026-04-25 22:18:00,topup,19474,e-wallet_dana,USSD,DEV7387928a,Surabaya,0
TXN0000719,CUST10120,2026-04-25 22:51:00,topup,7102,retail_counter,MyApp,DEV578cd875,Jakarta,0
TXN0001326,CUST10222,2026-04-25 22:54:00,topup,28749,e-wallet_dana,MyApp,DEVd66de2a1,Surabaya,0
TXN0006521,CUST11048,2026-04-26 06:23:00,topup,5000,e-wallet_ovo,Web_Portal,DEV284baa23,Jakarta,0
TXN0003551,CUST10584,2026-04-26 06:36:00,topup,5000,e-wallet_dana,Partner_Bank,DEV3c243b45,Yogyakarta,0
TXN0002744,CUST10457,2026-04-26 06:49:00,topup,5000,retail_counter,MyApp,DEV0ddb0654,Makassar,0
TXN0002356,CUST10394,2026-04-26 06:51:00,topup,7737,e-wallet_ovo,Web_Portal,DEV5b9e75f4,Palembang,0
TXN0000856,CUST10141,2026-04-26 07:02:00,topup,13863,bank_transfer,MyApp,DEVf6121d2c,Semarang,0
TXN0000109,CUST10018,2026-04-26 07:02:00,topup,8259,bank_transfer,USSD,DEV5d696bc8,Denpasar,0
TXN0005435,CUST10876,2026-04-26 07:15:00,topup,15730,e-wallet_ovo,MyApp,DEV13cdaa4c,Jakarta,0
TXN0001129,CUST10185,2026-04-26 07:37:00,topup,5000,credit_card,Web_Portal,DEV109efb40,Balikpapan,0
TXN0001007,CUST10166,2026-04-26 07:51:00,topup,5000,credit_card,USSD,DEVe9b1c4a1,Malang,0
TXN0004845,CUST10788,2026-04-26 08:05:00,topup,12898,e-wallet_gopay,Retail_Outlet,DEV092351d9,Bandung,0
TXN0000751,CUST10126,2026-04-26 08:07:00,topup,29420,e-wallet_ovo,USSD,DEVc08fe6d7,Malang,0
TXN0005797,CUST10933,2026-04-26 08:14:00,topup,26204,bank_transfer,Partner_Bank,DEV46cbeb60,Bandung,0
TXN0004442,CUST10720,2026-04-26 08:30:00,topup,36628,e-wallet_gopay,Partner_Bank,DEV135769cb,Pekanbaru,0
TXN0003736,CUST10613,2026-04-26 08:33:00,topup,23663,e-wallet_gopay,MyApp,DEVa793eb81,Makassar,0
TXN0004040,CUST10657,2026-04-26 08:44:00,topup,34981,virtual_account,Web_Portal,DEV2d49d235,Bandung,0
TXN0007592,CUST11026,2026-04-26 09:00:00,promo_bundle_redeem,0,promo_credit,MyApp,DEVbbf7f858,Makassar,1
TXN0001052,CUST10172,2026-04-26 09:12:00,topup,13897,bank_transfer,Partner_Bank,DEV3b1d12cf,Palembang,0
TXN0003744,CUST10614,2026-04-26 09:16:00,topup,5000,virtual_account,Retail_Outlet,DEV1bf2235c,Jakarta,0
TXN0006208,CUST10998,2026-04-26 09:26:00,topup,5000,credit_card,Web_Portal,DEV2bd6f0fb,Makassar,0
TXN0000984,CUST10162,2026-04-26 09:26:00,topup,5000,bank_transfer,MyApp,DEVc509d558,Jakarta,0
TXN0007214,CUST11165,2026-04-26 09:31:00,topup,23816,retail_counter,USSD,DEV6b48d839,Balikpapan,0
TXN0002626,CUST10438,2026-04-26 09:58:00,topup,12683,e-wallet_gopay,Web_Portal,DEV1bf962a5,Bandung,0
TXN0007612,CUST10273,2026-04-26 10:00:00,promo_bundle_redeem,0,promo_credit,MyApp,DEVa82762b4,Palembang,1
TXN0001608,CUST10277,2026-04-26 10:36:00,topup,32399,credit_card,Web_Portal,DEVba5e4066,Malang,0
TXN0000500,CUST10082,2026-04-26 10:56:00,topup,8000,virtual_account,MyApp,DEVe2ba9fce,Pekanbaru,0
TXN0000429,CUST10070,2026-04-26 11:01:00,topup,27650,retail_counter,Web_Portal,DEVd0b3d752,Surabaya,0
TXN0002037,CUST10342,2026-04-26 11:04:00,topup,8511,bank_transfer,Retail_Outlet,DEVde1d4653,Balikpapan,0
TXN0004934,CUST10802,2026-04-26 11:15:00,topup,23132,e-wallet_dana,USSD,DEV1e521d48,Semarang,0
TXN0001283,CUST10212,2026-04-26 11:34:00,topup,5770,e-wallet_dana,USSD,DEVb2051cec,Yogyakarta,0
TXN0000559,CUST10092,2026-04-26 12:02:00,topup,5000,e-wallet_dana,Partner_Bank,DEVa8cfe589,Denpasar,0
TXN0001186,CUST10196,2026-04-26 12:08:00,topup,9763,retail_counter,USSD,DEV53cc6b95,Yogyakarta,0
TXN0002718,CUST10452,2026-04-26 12:10:00,topup,19323,bank_transfer,MyApp,DEVd0ef1299,Bandung,0
TXN0005034,CUST10817,2026-04-26 12:36:00,topup,20280,e-wallet_gopay,Web_Portal,DEV5309c42a,Balikpapan,0
TXN0006973,CUST11125,2026-04-26 12:48:00,topup,5000,virtual_account,Retail_Outlet,DEV12e63e97,Bandung,0
TXN0005952,CUST10956,2026-04-26 13:04:00,topup,34438,bank_transfer,Retail_Outlet,DEV938df7c1,Yogyakarta,0
TXN0004869,CUST10791,2026-04-26 14:00:00,topup,9770,e-wallet_ovo,Web_Portal,DEV52581086,Malang,0
TXN0003929,CUST10641,2026-04-26 14:29:00,topup,25300,bank_transfer,MyApp,DEV68054a24,Malang,0
TXN0002857,CUST10477,2026-04-26 14:32:00,topup,26694,e-wallet_ovo,Retail_Outlet,DEVceefd2c9,Surabaya,0
TXN0004647,CUST10756,2026-04-26 14:41:00,topup,5078,e-wallet_dana,USSD,DEVe8780458,Bandung,0
TXN0005249,CUST10847,2026-04-26 14:42:00,topup,5000,e-wallet_ovo,Retail_Outlet,DEV7ec59e55,Pekanbaru,0
TXN0003203,CUST10528,2026-04-26 14:57:00,topup,19228,bank_transfer,Retail_Outlet,DEV73905263,Bandung,0
TXN0005986,CUST10962,2026-04-26 15:01:00,topup,12950,credit_card,USSD,DEV31a08f66,Bandung,0
TXN0005358,CUST10863,2026-04-26 15:06:00,topup,61287,bank_transfer,Web_Portal,DEV7cdfa469,Malang,0
TXN0003313,CUST10546,2026-04-26 15:35:00,topup,5000,e-wallet_gopay,MyApp,DEV1f20c257,Yogyakarta,0
TXN0003087,CUST10511,2026-04-26 15:43:00,topup,41138,retail_counter,Partner_Bank,DEV35f2e254,Semarang,0
TXN0000866,CUST10142,2026-04-26 15:51:00,topup,30736,retail_counter,MyApp,DEVf80590f0,Semarang,0
TXN0004301,CUST10697,2026-04-26 15:56:00,topup,8690,virtual_account,Retail_Outlet,DEVc1c97ab6,Medan,0
TXN0007110,CUST11150,2026-04-26 15:57:00,topup,5000,e-wallet_gopay,MyApp,DEVbaabf7ec,Medan,0
TXN0001556,CUST10267,2026-04-26 16:14:00,topup,8866,e-wallet_dana,Partner_Bank,DEV9425fc3a,Surabaya,0
TXN0001073,CUST10175,2026-04-26 16:28:00,topup,10880,virtual_account,Retail_Outlet,DEVe0b55615,Malang,0
TXN0001692,CUST10290,2026-04-26 17:02:00,topup,26835,virtual_account,Partner_Bank,DEVd9ee9678,Malang,0
TXN0001013,CUST10167,2026-04-26 17:15:00,topup,5000,bank_transfer,Retail_Outlet,DEV168885c2,Yogyakarta,0
TXN0004695,CUST10764,2026-04-26 17:32:00,topup,21599,bank_transfer,Web_Portal,DEVff9558a3,Yogyakarta,0
TXN0003787,CUST10620,2026-04-26 17:54:00,topup,5000,retail_counter,Web_Portal,DEV81496136,Surabaya,0
TXN0000603,CUST10100,2026-04-26 18:11:00,topup,5000,e-wallet_gopay,USSD,DEV13ed280a,Balikpapan,0
TXN0000216,CUST10036,2026-04-26 18:18:00,topup,5000,bank_transfer,Partner_Bank,DEVc626e38f,Balikpapan,0
TXN0005371,CUST10865,2026-04-26 18:22:00,topup,23440,e-wallet_gopay,Partner_Bank,DEV55c275e2,Palembang,0
TXN0001555,CUST10267,2026-04-26 18:38:00,topup,5000,credit_card,USSD,DEV8505d91d,Surabaya,0
TXN0004279,CUST10693,2026-04-26 18:56:00,topup,14840,retail_counter,USSD,DEV11e12ee9,Palembang,0
TXN0005945,CUST10954,2026-04-26 20:14:00,topup,6777,e-wallet_dana,Retail_Outlet,DEVa17f2016,Yogyakarta,0
TXN0003884,CUST10635,2026-04-26 20:21:00,topup,9291,virtual_account,USSD,DEV4496a883,Bandung,0
TXN0002758,CUST10460,2026-04-26 20:39:00,topup,7540,e-wallet_ovo,USSD,DEV6f0eebef,Pekanbaru,0
TXN0005541,CUST10891,2026-04-26 20:41:00,topup,23031,e-wallet_ovo,USSD,DEV22087d01,Malang,0
TXN0002648,CUST10441,2026-04-26 21:26:00,topup,5000,e-wallet_dana,Partner_Bank,DEV441dde33,Palembang,0
TXN0004253,CUST10689,2026-04-26 21:41:00,topup,32843,retail_counter,MyApp,DEVd4721e33,Medan,0
TXN0004392,CUST10712,2026-04-26 21:48:00,topup,5000,credit_card,Partner_Bank,DEVd4488069,Pekanbaru,0
TXN0006251,CUST11005,2026-04-26 21:56:00,topup,33477,retail_counter,Retail_Outlet,DEV671cae75,Pekanbaru,0
TXN0004735,CUST10769,2026-04-26 22:12:00,topup,9849,e-wallet_ovo,MyApp,DEV1049f904,Makassar,0
TXN0005675,CUST10915,2026-04-26 22:19:00,topup,5000,virtual_account,Web_Portal,DEVf09e64ef,Malang,0
TXN0000014,CUST10002,2026-04-27 06:04:00,topup,49687,e-wallet_ovo,MyApp,DEV268b84b6,Makassar,0
TXN0005627,CUST10906,2026-04-27 06:18:00,topup,34952,credit_card,MyApp,DEVb588489e,Semarang,0
TXN0002729,CUST10455,2026-04-27 06:52:00,topup,9636,virtual_account,USSD,DEV27177e59,Makassar,0
TXN0001196,CUST10198,2026-04-27 07:05:00,topup,5000,e-wallet_ovo,USSD,DEV05c14422,Malang,0
TXN0001388,CUST10237,2026-04-27 07:21:00,topup,26531,e-wallet_ovo,Web_Portal,DEV6766d37b,Pekanbaru,0
TXN0003285,CUST10543,2026-04-27 07:27:00,topup,21372,retail_counter,Partner_Bank,DEVf8ef32ee,Pekanbaru,0
TXN0001717,CUST10294,2026-04-27 07:52:00,topup,48889,retail_counter,Web_Portal,DEV334477eb,Surabaya,0
TXN0000190,CUST10031,2026-04-27 08:21:00,topup,21130,e-wallet_ovo,Partner_Bank,DEV98550b1e,Bandung,0
TXN0002775,CUST10463,2026-04-27 08:31:00,topup,28906,credit_card,USSD,DEV4c618a43,Semarang,0
TXN0000905,CUST10148,2026-04-27 09:00:00,topup,5000,e-wallet_dana,Retail_Outlet,DEV0c90e028,Yogyakarta,0
TXN0004400,CUST10712,2026-04-27 09:02:00,topup,23587,e-wallet_ovo,USSD,DEV418495a4,Pekanbaru,0
TXN0006932,CUST11119,2026-04-27 09:28:00,topup,10707,bank_transfer,Partner_Bank,DEV3cff13aa,Balikpapan,0
TXN0006637,CUST11070,2026-04-27 09:30:00,topup,15077,bank_transfer,Partner_Bank,DEV901b938f,Jakarta,0
TXN0005875,CUST10942,2026-04-27 09:48:00,topup,44012,retail_counter,MyApp,DEV16b5b5fc,Medan,0
TXN0005166,CUST10836,2026-04-27 10:01:00,topup,41891,e-wallet_dana,USSD,DEV032a0c06,Pekanbaru,0
TXN0003682,CUST10605,2026-04-27 10:01:00,topup,32709,credit_card,MyApp,DEV692c6843,Medan,0
TXN0001823,CUST10312,2026-04-27 10:06:00,topup,22341,retail_counter,MyApp,DEVd7be7b4f,Medan,0
TXN0006025,CUST10968,2026-04-27 10:15:00,topup,14888,e-wallet_dana,Partner_Bank,DEV964d9921,Palembang,0
TXN0002644,CUST10441,2026-04-27 10:16:00,topup,35335,bank_transfer,Retail_Outlet,DEV15f0e5ea,Palembang,0
TXN0005565,CUST10896,2026-04-27 10:20:00,topup,26909,bank_transfer,USSD,DEV4ce33ed4,Balikpapan,0
TXN0002500,CUST10416,2026-04-27 10:50:00,topup,5000,credit_card,MyApp,DEVa832a228,Balikpapan,0
TXN0004846,CUST10788,2026-04-27 11:02:00,topup,38361,e-wallet_ovo,Web_Portal,DEV1c852510,Bandung,0
TXN0001537,CUST10264,2026-04-27 11:26:00,topup,32938,credit_card,Retail_Outlet,DEVd45e087f,Pekanbaru,0
TXN0001932,CUST10328,2026-04-27 11:53:00,topup,33806,e-wallet_gopay,MyApp,DEVec4014c6,Pekanbaru,0
TXN0002731,CUST10455,2026-04-27 11:57:00,topup,74244,virtual_account,Web_Portal,DEV399e4d08,Makassar,0
TXN0004150,CUST10674,2026-04-27 11:58:00,topup,9794,e-wallet_gopay,USSD,DEVf47bffba,Pekanbaru,0
TXN0007601,CUST10741,2026-04-27 12:00:00,promo_bundle_redeem,0,promo_credit,MyApp,DEV6595fa90,Bandung,1
TXN0000201,CUST10033,2026-04-27 12:08:00,topup,20675,e-wallet_dana,Web_Portal,DEVc926a021,Palembang,0
TXN0005310,CUST10857,2026-04-27 12:20:00,topup,33300,credit_card,Retail_Outlet,DEVe0b641d0,Malang,0
TXN0004903,CUST10796,2026-04-27 12:35:00,topup,27498,e-wallet_gopay,MyApp,DEV5ff3fbbf,Semarang,0
TXN0003053,CUST10507,2026-04-27 12:39:00,topup,48504,bank_transfer,USSD,DEV6cdcd3be,Malang,0
TXN0002687,CUST10447,2026-04-27 12:48:00,topup,29889,e-wallet_ovo,Web_Portal,DEV8a693650,Semarang,0
TXN0001871,CUST10320,2026-04-27 12:50:00,topup,68011,bank_transfer,MyApp,DEV93683dd6,Pekanbaru,0
TXN0004363,CUST10708,2026-04-27 12:53:00,topup,37690,retail_counter,Retail_Outlet,DEV683c3806,Palembang,0
TXN0005152,CUST10835,2026-04-27 13:06:00,topup,24128,e-wallet_gopay,Partner_Bank,DEVe5de9e28,Bandung,0
TXN0006694,CUST11079,2026-04-27 13:07:00,topup,41715,virtual_account,Retail_Outlet,DEV6b35a9b9,Jakarta,0
TXN0006639,CUST11070,2026-04-27 13:12:00,topup,31573,e-wallet_ovo,MyApp,DEV92fcbafc,Jakarta,0
TXN0006379,CUST11023,2026-04-27 13:20:00,topup,5830,e-wallet_ovo,Web_Portal,DEVc69eb431,Medan,0
TXN0002070,CUST10349,2026-04-27 13:21:00,topup,30970,credit_card,Web_Portal,DEVda78f4c5,Palembang,0
TXN0000755,CUST10126,2026-04-27 13:42:00,topup,33827,e-wallet_dana,USSD,DEVb8875caf,Malang,0
TXN0001833,CUST10314,2026-04-27 13:48:00,topup,31991,e-wallet_ovo,Partner_Bank,DEV1b5829c9,Pekanbaru,0
TXN0001435,CUST10244,2026-04-27 13:52:00,topup,5000,virtual_account,Retail_Outlet,DEVc1eecd7a,Medan,0
TXN0006947,CUST11121,2026-04-27 13:52:00,topup,23704,e-wallet_dana,Retail_Outlet,DEV98cc3e26,Makassar,0
TXN0004004,CUST10653,2026-04-27 14:19:00,topup,28134,retail_counter,MyApp,DEV2310c9fb,Denpasar,0
TXN0002421,CUST10403,2026-04-27 14:34:00,topup,5000,e-wallet_dana,USSD,DEVf220eeb5,Balikpapan,0
TXN0005406,CUST10870,2026-04-27 14:43:00,topup,16147,retail_counter,USSD,DEVfa11f0e7,Jakarta,0
TXN0004419,CUST10716,2026-04-27 14:46:00,topup,12645,e-wallet_ovo,Partner_Bank,DEV96fdad96,Pekanbaru,0
TXN0006746,CUST11087,2026-04-27 14:48:00,topup,8864,credit_card,USSD,DEVfcb4ee27,Malang,0
TXN0005495,CUST10884,2026-04-27 14:53:00,topup,5000,virtual_account,USSD,DEV2ab9aa52,Semarang,0
TXN0005785,CUST10932,2026-04-27 14:56:00,topup,25201,bank_transfer,MyApp,DEV940d8bcc,Semarang,0
TXN0001633,CUST10281,2026-04-27 15:03:00,topup,68531,e-wallet_dana,Web_Portal,DEV42067d80,Yogyakarta,0
TXN0004755,CUST10772,2026-04-27 15:28:00,topup,37929,retail_counter,Retail_Outlet,DEVfc31654d,Surabaya,0
TXN0003493,CUST10574,2026-04-27 15:32:00,topup,5000,e-wallet_dana,Retail_Outlet,DEVd3520a91,Denpasar,0
TXN0001315,CUST10219,2026-04-27 15:39:00,topup,26683,retail_counter,Partner_Bank,DEV13ad3ead,Makassar,0
TXN0003118,CUST10516,2026-04-27 15:44:00,topup,42296,e-wallet_ovo,Retail_Outlet,DEV67b4a019,Palembang,0
TXN0001182,CUST10194,2026-04-27 16:03:00,topup,37170,e-wallet_ovo,USSD,DEV8188de48,Bandung,0
TXN0003269,CUST10540,2026-04-27 16:07:00,topup,54193,virtual_account,Retail_Outlet,DEV6e15c527,Palembang,0
TXN0006698,CUST11079,2026-04-27 16:11:00,topup,15668,e-wallet_gopay,Web_Portal,DEV673a0c97,Jakarta,0
TXN0002495,CUST10415,2026-04-27 16:12:00,topup,5000,e-wallet_gopay,Web_Portal,DEV663b4427,Yogyakarta,0
TXN0002881,CUST10479,2026-04-27 16:14:00,topup,25947,e-wallet_gopay,USSD,DEV64c46086,Denpasar,0
TXN0005807,CUST10934,2026-04-27 16:23:00,topup,39659,e-wallet_ovo,USSD,DEV63a35592,Denpasar,0
TXN0005530,CUST10890,2026-04-27 16:48:00,topup,22661,e-wallet_gopay,Partner_Bank,DEVc22c9037,Makassar,0
TXN0003095,CUST10512,2026-04-27 16:52:00,topup,35276,virtual_account,MyApp,DEV242ac30f,Palembang,0
TXN0003201,CUST10528,2026-04-27 17:04:00,topup,19973,retail_counter,USSD,DEV2448ef43,Bandung,0
TXN0000316,CUST10052,2026-04-27 17:24:00,topup,37301,bank_transfer,Partner_Bank,DEV7d7c59a5,Palembang,0
TXN0004992,CUST10810,2026-04-27 17:25:00,topup,20400,e-wallet_ovo,Partner_Bank,DEVaa3961be,Malang,0
TXN0002770,CUST10462,2026-04-27 17:31:00,topup,5000,e-wallet_gopay,Partner_Bank,DEV399557cb,Yogyakarta,0
TXN0000770,CUST10129,2026-04-27 17:44:00,topup,16572,e-wallet_gopay,Web_Portal,DEV581993cc,Bandung,0
TXN0005240,CUST10846,2026-04-27 18:08:00,topup,21864,e-wallet_dana,MyApp,DEVcc027d43,Jakarta,0
TXN0002153,CUST10362,2026-04-27 18:18:00,topup,11640,e-wallet_dana,MyApp,DEV817b2f21,Makassar,0
TXN0003874,CUST10634,2026-04-27 18:20:00,topup,8674,e-wallet_gopay,USSD,DEV380bd4cb,Balikpapan,0
TXN0005898,CUST10945,2026-04-27 18:27:00,topup,5000,bank_transfer,Web_Portal,DEV3ab09847,Denpasar,0
TXN0006404,CUST11027,2026-04-27 18:42:00,topup,11951,e-wallet_ovo,MyApp,DEV7b03f61b,Pekanbaru,0
TXN0004445,CUST10720,2026-04-27 18:42:00,topup,5000,bank_transfer,USSD,DEVd9fafbb9,Pekanbaru,0
TXN0004394,CUST10712,2026-04-27 18:46:00,topup,6499,virtual_account,Web_Portal,DEVc33ffef7,Pekanbaru,0
TXN0001748,CUST10299,2026-04-27 18:47:00,topup,15231,virtual_account,USSD,DEV91a07ef2,Denpasar,0
TXN0004309,CUST10698,2026-04-27 18:51:00,topup,5000,retail_counter,USSD,DEV9150d9b2,Jakarta,0
TXN0006003,CUST10965,2026-04-27 19:00:00,topup,37865,bank_transfer,Web_Portal,DEV4a658a7d,Palembang,0
TXN0001470,CUST10249,2026-04-27 19:08:00,topup,19751,virtual_account,Partner_Bank,DEV946b4482,Semarang,0
TXN0000490,CUST10080,2026-04-27 19:35:00,topup,5000,credit_card,USSD,DEV8b074d1a,Pekanbaru,0
TXN0006830,CUST11101,2026-04-27 20:04:00,topup,21479,e-wallet_dana,MyApp,DEV73b171e5,Surabaya,0
TXN0000153,CUST10025,2026-04-27 20:09:00,topup,35252,e-wallet_ovo,MyApp,DEVf9722cc1,Jakarta,0
TXN0004191,CUST10681,2026-04-27 20:17:00,topup,21750,virtual_account,USSD,DEV9bfe970a,Jakarta,0
TXN0001163,CUST10191,2026-04-27 20:21:00,topup,8046,virtual_account,Web_Portal,DEVd06d3943,Pekanbaru,0
TXN0001810,CUST10310,2026-04-27 20:21:00,topup,12424,retail_counter,MyApp,DEV4f7f963e,Denpasar,0
TXN0000504,CUST10083,2026-04-27 20:22:00,topup,17260,e-wallet_gopay,Partner_Bank,DEVc53f1db3,Bandung,0
TXN0000185,CUST10031,2026-04-27 20:26:00,topup,36393,retail_counter,MyApp,DEVf2f5b176,Bandung,0
TXN0006923,CUST11118,2026-04-27 20:33:00,topup,35072,e-wallet_gopay,Retail_Outlet,DEV1aca9cf6,Makassar,0
TXN0007150,CUST11157,2026-04-27 21:13:00,topup,48894,retail_counter,Retail_Outlet,DEV49b04036,Yogyakarta,0
TXN0006130,CUST10984,2026-04-27 21:18:00,topup,32673,virtual_account,Retail_Outlet,DEV2f592f3e,Denpasar,0
TXN0007109,CUST11150,2026-04-27 21:58:00,topup,6942,e-wallet_gopay,Partner_Bank,DEV28d217d6,Medan,0
TXN0002291,CUST10385,2026-04-27 22:16:00,topup,50564,retail_counter,Partner_Bank,DEV50f53bd8,Denpasar,0
TXN0003952,CUST10644,2026-04-27 22:21:00,topup,28004,credit_card,Partner_Bank,DEVf5a02c0a,Yogyakarta,0
TXN0005560,CUST10894,2026-04-27 22:26:00,topup,32351,retail_counter,USSD,DEVe586ee20,Denpasar,0
TXN0004879,CUST10792,2026-04-27 22:26:00,topup,5000,bank_transfer,Retail_Outlet,DEVe9058f29,Denpasar,0
TXN0005966,CUST10958,2026-04-27 22:32:00,topup,10211,e-wallet_dana,Retail_Outlet,DEVfd9c635d,Denpasar,0
TXN0000575,CUST10095,2026-04-28 06:16:00,topup,36410,e-wallet_gopay,USSD,DEVd0095507,Denpasar,0
TXN0005518,CUST10889,2026-04-28 07:00:00,topup,30753,e-wallet_gopay,Partner_Bank,DEV0a5fcede,Semarang,0
TXN0004165,CUST10677,2026-04-28 07:08:00,topup,28132,virtual_account,Web_Portal,DEV1c968b9b,Medan,0
TXN0001247,CUST10206,2026-04-28 07:09:00,topup,5982,retail_counter,Retail_Outlet,DEV71f9b0e2,Malang,0
TXN0005544,CUST10891,2026-04-28 07:11:00,topup,54505,retail_counter,Web_Portal,DEV9174b136,Malang,0
TXN0006848,CUST11107,2026-04-28 07:28:00,topup,5000,virtual_account,MyApp,DEVee550e96,Malang,0
TXN0006167,CUST10990,2026-04-28 07:30:00,topup,5000,virtual_account,USSD,DEVcbd93d47,Yogyakarta,0
TXN0001510,CUST10257,2026-04-28 07:30:00,topup,27302,e-wallet_gopay,USSD,DEV956abfdf,Surabaya,0
TXN0007613,CUST10273,2026-04-28 08:00:00,promo_bundle_redeem,0,promo_credit,MyApp,DEV505739f3,Palembang,1
TXN0000867,CUST10143,2026-04-28 08:02:00,topup,17058,e-wallet_dana,Retail_Outlet,DEVb0d515ab,Palembang,0
TXN0005151,CUST10834,2026-04-28 08:05:00,topup,10722,e-wallet_dana,Partner_Bank,DEV419b7333,Pekanbaru,0
TXN0003193,CUST10526,2026-04-28 08:16:00,topup,5000,bank_transfer,Partner_Bank,DEV2540647b,Denpasar,0
TXN0001763,CUST10302,2026-04-28 08:25:00,topup,5000,e-wallet_ovo,Web_Portal,DEV15bebdd0,Malang,0
TXN0000956,CUST10156,2026-04-28 08:35:00,topup,10806,bank_transfer,Partner_Bank,DEVc7b611cd,Surabaya,0
TXN0002375,CUST10397,2026-04-28 08:36:00,topup,39199,retail_counter,Retail_Outlet,DEV8855817d,Yogyakarta,0
TXN0007192,CUST11162,2026-04-28 09:02:00,topup,5000,retail_counter,MyApp,DEV38059440,Semarang,0
TXN0005145,CUST10834,2026-04-28 09:08:00,topup,19483,retail_counter,MyApp,DEV8257909d,Pekanbaru,0
TXN0005958,CUST10957,2026-04-28 09:08:00,topup,32707,retail_counter,USSD,DEV77a1cf7d,Bandung,0
TXN0001369,CUST10233,2026-04-28 09:10:00,topup,7152,credit_card,Partner_Bank,DEV41e0cfaf,Bandung,0
TXN0005093,CUST10826,2026-04-28 09:22:00,topup,5000,bank_transfer,Partner_Bank,DEVec78342e,Pekanbaru,0
TXN0005367,CUST10865,2026-04-28 09:27:00,topup,33923,credit_card,Retail_Outlet,DEV982cd08d,Palembang,0
TXN0003483,CUST10573,2026-04-28 09:34:00,topup,48090,e-wallet_gopay,Retail_Outlet,DEVd58c449e,Surabaya,0
TXN0000981,CUST10161,2026-04-28 09:50:00,topup,29694,e-wallet_gopay,Retail_Outlet,DEV1ccec1ef,Denpasar,0
TXN0004275,CUST10692,2026-04-28 09:57:00,topup,23248,retail_counter,Web_Portal,DEV761eb7e3,Jakarta,0
TXN0003035,CUST10503,2026-04-28 10:09:00,topup,12033,e-wallet_dana,Retail_Outlet,DEV3e6a41f1,Balikpapan,0
TXN0000843,CUST10139,2026-04-28 10:17:00,topup,29655,virtual_account,Web_Portal,DEV5f13e10b,Makassar,0
TXN0006395,CUST11026,2026-04-28 10:22:00,topup,24549,virtual_account,USSD,DEVeebd342d,Makassar,0
TXN0006425,CUST11032,2026-04-28 10:25:00,topup,5000,retail_counter,Partner_Bank,DEVa528698b,Jakarta,0
TXN0003655,CUST10600,2026-04-28 10:31:00,topup,46244,virtual_account,Partner_Bank,DEV7b6fb65b,Jakarta,0
TXN0005411,CUST10871,2026-04-28 10:42:00,topup,5000,credit_card,MyApp,DEV05e05148,Surabaya,0
TXN0002621,CUST10438,2026-04-28 10:47:00,topup,18453,e-wallet_ovo,MyApp,DEV6d4772f8,Bandung,0
TXN0000106,CUST10017,2026-04-28 11:12:00,topup,26539,retail_counter,Web_Portal,DEV0f3f0f48,Bandung,0
TXN0002424,CUST10404,2026-04-28 11:15:00,topup,5000,credit_card,Partner_Bank,DEVf394c60d,Medan,0
TXN0006322,CUST11015,2026-04-28 11:15:00,topup,5000,credit_card,MyApp,DEV2212b446,Surabaya,0
TXN0005599,CUST10900,2026-04-28 11:18:00,topup,20523,virtual_account,Retail_Outlet,DEV0a1d9238,Denpasar,0
TXN0000498,CUST10081,2026-04-28 11:45:00,topup,25176,retail_counter,MyApp,DEVa46b6fce,Surabaya,0
TXN0004720,CUST10767,2026-04-28 11:51:00,topup,24212,credit_card,Retail_Outlet,DEV1053adba,Yogyakarta,0
TXN0002173,CUST10365,2026-04-28 12:04:00,topup,6011,bank_transfer,Partner_Bank,DEVd59f2b69,Balikpapan,0
TXN0004423,CUST10717,2026-04-28 12:05:00,topup,11923,credit_card,Retail_Outlet,DEVd13b3a4d,Makassar,0
TXN0005168,CUST10836,2026-04-28 12:19:00,topup,5409,e-wallet_dana,USSD,DEVf2612977,Pekanbaru,0
TXN0000187,CUST10031,2026-04-28 12:23:00,topup,41047,e-wallet_gopay,MyApp,DEV0aeccec7,Bandung,0
TXN0004490,CUST10727,2026-04-28 12:23:00,topup,29621,e-wallet_ovo,Partner_Bank,DEV614996d1,Pekanbaru,0
TXN0006564,CUST11056,2026-04-28 12:25:00,topup,48933,e-wallet_dana,Web_Portal,DEV7b5aaea7,Semarang,0
TXN0005298,CUST10855,2026-04-28 12:25:00,topup,5000,virtual_account,USSD,DEV9564d4c1,Surabaya,0
TXN0005068,CUST10823,2026-04-28 12:27:00,topup,5000,bank_transfer,Retail_Outlet,DEVe70dc8b8,Balikpapan,0
TXN0005517,CUST10889,2026-04-28 12:34:00,topup,21960,virtual_account,Retail_Outlet,DEVd2333b12,Semarang,0
TXN0000919,CUST10150,2026-04-28 12:36:00,topup,6763,virtual_account,Retail_Outlet,DEV91ed554a,Semarang,0
TXN0002151,CUST10362,2026-04-28 12:54:00,topup,18409,virtual_account,USSD,DEVf2a45575,Makassar,0
TXN0001189,CUST10196,2026-04-28 12:56:00,topup,25565,e-wallet_gopay,USSD,DEV3487246c,Yogyakarta,0
TXN0002803,CUST10467,2026-04-28 13:00:00,topup,5000,virtual_account,Partner_Bank,DEV24444f64,Balikpapan,0
TXN0005479,CUST10882,2026-04-28 13:11:00,topup,22025,retail_counter,MyApp,DEV2ac09858,Makassar,0
TXN0003779,CUST10619,2026-04-28 13:23:00,topup,5000,e-wallet_ovo,MyApp,DEV7bf18cf4,Jakarta,0
TXN0005002,CUST10812,2026-04-28 13:23:00,topup,41285,bank_transfer,Partner_Bank,DEV781e2d35,Denpasar,0
TXN0007231,CUST11169,2026-04-28 13:39:00,topup,15907,e-wallet_ovo,USSD,DEV182ebfd2,Malang,0
TXN0002595,CUST10432,2026-04-28 13:42:00,topup,7722,e-wallet_ovo,Partner_Bank,DEVdc956e31,Surabaya,0
TXN0003389,CUST10560,2026-04-28 13:51:00,topup,13965,e-wallet_dana,MyApp,DEV1eb1dc0c,Denpasar,0
TXN0005311,CUST10858,2026-04-28 13:52:00,topup,26733,credit_card,Web_Portal,DEV79810edf,Pekanbaru,0
TXN0006738,CUST11086,2026-04-28 13:54:00,topup,29279,e-wallet_gopay,Partner_Bank,DEV652b1328,Balikpapan,0
TXN0007593,CUST11026,2026-04-28 14:00:00,promo_bundle_redeem,0,promo_credit,MyApp,DEV0ea20820,Makassar,1
TXN0003142,CUST10520,2026-04-28 14:25:00,topup,5000,retail_counter,Partner_Bank,DEVaeb00fb9,Malang,0
TXN0002668,CUST10445,2026-04-28 14:43:00,topup,32660,e-wallet_dana,USSD,DEVa904babd,Jakarta,0
TXN0007281,CUST11177,2026-04-28 15:06:00,topup,5000,retail_counter,MyApp,DEV39681e1d,Yogyakarta,0
TXN0004266,CUST10691,2026-04-28 15:13:00,topup,51816,virtual_account,MyApp,DEV82e6e14d,Yogyakarta,0
TXN0002163,CUST10363,2026-04-28 15:31:00,topup,20342,credit_card,MyApp,DEV5fdc9844,Medan,0
TXN0001270,CUST10210,2026-04-28 15:42:00,topup,5000,e-wallet_ovo,MyApp,DEV9714fadc,Medan,0
TXN0003958,CUST10646,2026-04-28 15:43:00,topup,22809,e-wallet_gopay,Web_Portal,DEV851ab93f,Malang,0
TXN0006272,CUST11007,2026-04-28 15:45:00,topup,5000,virtual_account,MyApp,DEVae8e8200,Surabaya,0
TXN0002119,CUST10358,2026-04-28 15:56:00,topup,59117,virtual_account,Retail_Outlet,DEVe13f8740,Makassar,0
TXN0002380,CUST10398,2026-04-28 16:00:00,topup,50698,e-wallet_ovo,Retail_Outlet,DEV26087b53,Makassar,0
TXN0006212,CUST10998,2026-04-28 16:00:00,topup,19929,bank_transfer,Retail_Outlet,DEVe62c54bb,Makassar,0
TXN0005446,CUST10877,2026-04-28 16:04:00,topup,42710,bank_transfer,Partner_Bank,DEV6fb0d297,Denpasar,0
TXN0003991,CUST10650,2026-04-28 16:27:00,topup,5000,e-wallet_gopay,Web_Portal,DEV1a5ca752,Balikpapan,0
TXN0003599,CUST10591,2026-04-28 16:39:00,topup,6004,retail_counter,Retail_Outlet,DEVa19c7caf,Yogyakarta,0
TXN0004912,CUST10797,2026-04-28 16:57:00,topup,67254,retail_counter,USSD,DEV34da1f50,Surabaya,0
TXN0007566,CUST10910,2026-04-28 17:00:00,promo_bundle_redeem,0,promo_credit,MyApp,DEV7f720ffc,Pekanbaru,1
TXN0006523,CUST11048,2026-04-28 17:02:00,topup,5000,virtual_account,Web_Portal,DEV68fd1179,Jakarta,0
TXN0005752,CUST10926,2026-04-28 17:19:00,topup,27642,credit_card,Web_Portal,DEV1fac9217,Denpasar,0
TXN0002612,CUST10436,2026-04-28 17:39:00,topup,28197,e-wallet_ovo,Web_Portal,DEV25dbbe8d,Surabaya,0
TXN0005688,CUST10918,2026-04-28 18:10:00,topup,31205,virtual_account,Partner_Bank,DEVbb23e712,Yogyakarta,0
TXN0001682,CUST10288,2026-04-28 18:11:00,topup,39922,e-wallet_ovo,MyApp,DEVbf06d520,Malang,0
TXN0001488,CUST10253,2026-04-28 18:18:00,topup,14255,virtual_account,Web_Portal,DEVe7d3f770,Palembang,0
TXN0003553,CUST10585,2026-04-28 18:34:00,topup,22450,credit_card,MyApp,DEV706ad042,Malang,0
TXN0002994,CUST10497,2026-04-28 18:35:00,topup,17589,retail_counter,USSD,DEVf2491816,Yogyakarta,0
TXN0004631,CUST10752,2026-04-28 18:35:00,topup,30700,bank_transfer,Retail_Outlet,DEV44087701,Semarang,0
TXN0003963,CUST10646,2026-04-28 18:37:00,topup,43250,e-wallet_ovo,USSD,DEVdfcc8eb4,Malang,0
TXN0002860,CUST10477,2026-04-28 19:25:00,topup,23160,virtual_account,Retail_Outlet,DEV7f702973,Surabaya,0
TXN0006936,CUST11120,2026-04-28 19:31:00,topup,37511,e-wallet_gopay,Retail_Outlet,DEV2838c714,Makassar,0
TXN0001979,CUST10335,2026-04-28 19:38:00,topup,5000,e-wallet_gopay,Partner_Bank,DEV6c2b5781,Makassar,0
TXN0005384,CUST10867,2026-04-28 19:41:00,topup,24892,retail_counter,MyApp,DEV5fffe8e6,Surabaya,0
TXN0004226,CUST10685,2026-04-28 19:44:00,topup,12738,e-wallet_ovo,Web_Portal,DEV7c8dc9d0,Surabaya,0
TXN0005313,CUST10858,2026-04-28 19:49:00,topup,19600,credit_card,Partner_Bank,DEV2334fcc4,Pekanbaru,0
TXN0000389,CUST10064,2026-04-28 20:04:00,topup,13848,credit_card,Partner_Bank,DEVc05db774,Denpasar,0
TXN0007026,CUST11134,2026-04-28 20:13:00,topup,17657,e-wallet_ovo,Partner_Bank,DEV1af0bb95,Balikpapan,0
TXN0002934,CUST10489,2026-04-28 20:27:00,topup,39887,virtual_account,Web_Portal,DEVb33d9c7c,Denpasar,0
TXN0007305,CUST11180,2026-04-28 20:40:00,topup,5000,bank_transfer,MyApp,DEV94ca68d9,Semarang,0
TXN0004130,CUST10670,2026-04-28 20:43:00,topup,40819,e-wallet_ovo,Web_Portal,DEV78e90ae9,Pekanbaru,0
TXN0006183,CUST10993,2026-04-28 20:57:00,topup,28895,bank_transfer,USSD,DEVdb9b318b,Bandung,0
TXN0006776,CUST11092,2026-04-28 21:01:00,topup,7577,e-wallet_gopay,MyApp,DEV43d8c607,Balikpapan,0
TXN0006460,CUST11037,2026-04-28 21:18:00,topup,5000,e-wallet_ovo,Partner_Bank,DEV5339eb18,Balikpapan,0
TXN0001294,CUST10214,2026-04-28 21:26:00,topup,34454,credit_card,MyApp,DEV147f0413,Yogyakarta,0
TXN0000307,CUST10050,2026-04-28 22:09:00,topup,5843,e-wallet_gopay,USSD,DEV010e4265,Palembang,0
TXN0004786,CUST10776,2026-04-28 22:22:00,topup,26636,bank_transfer,Web_Portal,DEVa7a13e62,Surabaya,0
TXN0000002,CUST10000,2026-04-28 22:23:00,topup,5000,e-wallet_gopay,Web_Portal,DEVac5f12ef,Malang,0
TXN0005078,CUST10825,2026-04-28 22:23:00,topup,40144,credit_card,Web_Portal,DEVe17766b1,Bandung,0
TXN0003858,CUST10632,2026-04-28 22:27:00,topup,25924,e-wallet_ovo,Retail_Outlet,DEV3217f93c,Malang,0
TXN0002237,CUST10376,2026-04-28 22:41:00,topup,36738,bank_transfer,MyApp,DEVb2cc4372,Pekanbaru,0
TXN0003936,CUST10642,2026-04-28 22:43:00,topup,8365,bank_transfer,Partner_Bank,DEVc56dbe29,Semarang,0
TXN0006149,CUST10987,2026-04-29 06:13:00,topup,15191,retail_counter,Retail_Outlet,DEVe324f5db,Jakarta,0
TXN0006579,CUST11059,2026-04-29 06:14:00,topup,74289,virtual_account,Partner_Bank,DEV0450f237,Denpasar,0
TXN0007374,CUST11190,2026-04-29 06:20:00,topup,60184,e-wallet_ovo,Retail_Outlet,DEVaaee3f08,Pekanbaru,0
TXN0002563,CUST10428,2026-04-29 06:24:00,topup,12242,e-wallet_ovo,Retail_Outlet,DEV57bd0ca8,Jakarta,0
TXN0000022,CUST10003,2026-04-29 06:27:00,topup,35606,bank_transfer,Retail_Outlet,DEVf8f9a45d,Palembang,0
TXN0005222,CUST10843,2026-04-29 06:29:00,topup,43938,e-wallet_ovo,USSD,DEV9a26a065,Yogyakarta,0
TXN0006297,CUST11011,2026-04-29 06:30:00,topup,30821,e-wallet_ovo,Retail_Outlet,DEVa9e7bb4f,Malang,0
TXN0004011,CUST10653,2026-04-29 06:30:00,topup,5000,e-wallet_gopay,USSD,DEV9afa3fb4,Denpasar,0
TXN0007389,CUST11193,2026-04-29 06:32:00,topup,39383,credit_card,Web_Portal,DEVea88d27d,Denpasar,0
TXN0007204,CUST11164,2026-04-29 06:33:00,topup,18824,bank_transfer,Partner_Bank,DEV01a9abd0,Palembang,0
TXN0005323,CUST10859,2026-04-29 06:42:00,topup,12230,virtual_account,Partner_Bank,DEV031d45fc,Denpasar,0
TXN0006807,CUST11097,2026-04-29 06:55:00,topup,22431,virtual_account,Partner_Bank,DEVdc8f79c8,Yogyakarta,0
TXN0006407,CUST11028,2026-04-29 07:37:00,topup,7897,e-wallet_dana,MyApp,DEV48ae4aba,Yogyakarta,0
TXN0000289,CUST10048,2026-04-29 07:56:00,topup,30675,bank_transfer,MyApp,DEV69c165ae,Balikpapan,0
TXN0007580,CUST11197,2026-04-29 08:00:00,promo_bundle_redeem,0,promo_credit,MyApp,DEV3347216c,Surabaya,1
TXN0005615,CUST10903,2026-04-29 09:06:00,topup,24294,bank_transfer,Web_Portal,DEVcb5475bf,Pekanbaru,0
TXN0002422,CUST10403,2026-04-29 09:12:00,topup,12239,e-wallet_ovo,USSD,DEVc1ff9427,Balikpapan,0
TXN0004525,CUST10732,2026-04-29 09:50:00,topup,26556,e-wallet_dana,Retail_Outlet,DEV002f4aee,Semarang,0
TXN0001030,CUST10169,2026-04-29 09:58:00,topup,5000,credit_card,MyApp,DEV92a97acd,Jakarta,0
TXN0005973,CUST10960,2026-04-29 10:06:00,topup,39931,e-wallet_ovo,MyApp,DEV75c41c37,Semarang,0
TXN0000969,CUST10158,2026-04-29 10:08:00,topup,17205,credit_card,Web_Portal,DEV6e935615,Malang,0
TXN0004166,CUST10677,2026-04-29 10:10:00,topup,5076,retail_counter,Retail_Outlet,DEV6c8f8833,Medan,0
TXN0004371,CUST10709,2026-04-29 11:02:00,topup,48845,bank_transfer,MyApp,DEV01ab1df1,Balikpapan,0
TXN0004684,CUST10762,2026-04-29 11:03:00,topup,10206,e-wallet_dana,Partner_Bank,DEV9d091856,Medan,0
TXN0007325,CUST11184,2026-04-29 12:13:00,topup,33494,e-wallet_gopay,Web_Portal,DEVafef2e1c,Makassar,0
TXN0002475,CUST10413,2026-04-29 12:21:00,topup,18485,e-wallet_ovo,Partner_Bank,DEVd7b73862,Yogyakarta,0
TXN0004923,CUST10800,2026-04-29 12:25:00,topup,49002,e-wallet_gopay,Web_Portal,DEV057eccfa,Medan,0
TXN0007086,CUST11146,2026-04-29 12:27:00,topup,7285,virtual_account,Web_Portal,DEVaf4219dd,Makassar,0
TXN0004508,CUST10729,2026-04-29 12:52:00,topup,14445,e-wallet_ovo,MyApp,DEVcf35fdb9,Bandung,0
TXN0001405,CUST10240,2026-04-29 12:52:00,topup,47713,bank_transfer,USSD,DEV092385fe,Makassar,0
TXN0001773,CUST10305,2026-04-29 13:08:00,topup,25473,bank_transfer,USSD,DEV34b6685d,Palembang,0
TXN0000928,CUST10152,2026-04-29 13:19:00,topup,7231,e-wallet_dana,MyApp,DEVe7094153,Pekanbaru,0
TXN0006567,CUST11057,2026-04-29 13:22:00,topup,21194,e-wallet_gopay,Retail_Outlet,DEV472678ac,Yogyakarta,0
TXN0000304,CUST10050,2026-04-29 13:25:00,topup,26818,retail_counter,Web_Portal,DEVbb0c7919,Palembang,0
TXN0007602,CUST10741,2026-04-29 14:00:00,promo_bundle_redeem,0,promo_credit,MyApp,DEV46997fc2,Bandung,1
TXN0003735,CUST10613,2026-04-29 14:05:00,topup,21853,e-wallet_dana,MyApp,DEVa7ee2f23,Makassar,0
TXN0006021,CUST10967,2026-04-29 14:27:00,topup,76754,e-wallet_dana,MyApp,DEVfe3d81d8,Bandung,0
TXN0005708,CUST10920,2026-04-29 14:30:00,topup,5000,retail_counter,USSD,DEVcdeb8ab9,Balikpapan,0
TXN0003299,CUST10544,2026-04-29 14:39:00,topup,49760,bank_transfer,Retail_Outlet,DEV13cf44fe,Balikpapan,0
TXN0006880,CUST11111,2026-04-29 14:55:00,topup,32926,credit_card,MyApp,DEVa522f92f,Makassar,0
TXN0002197,CUST10370,2026-04-29 14:57:00,topup,8990,bank_transfer,MyApp,DEV7dd12d57,Malang,0
TXN0000875,CUST10143,2026-04-29 14:57:00,topup,54216,e-wallet_dana,Partner_Bank,DEV5115d7ee,Palembang,0
TXN0007415,CUST11198,2026-04-29 14:58:00,topup,19030,e-wallet_ovo,Web_Portal,DEVbabfbd99,Jakarta,0
TXN0005844,CUST10939,2026-04-29 15:00:00,topup,17197,credit_card,Web_Portal,DEV6cc2e20f,Semarang,0
TXN0007294,CUST11178,2026-04-29 15:13:00,topup,15019,e-wallet_dana,Retail_Outlet,DEV14c6e496,Surabaya,0
TXN0004617,CUST10750,2026-04-29 15:19:00,topup,5000,retail_counter,Partner_Bank,DEV4a85fbd1,Surabaya,0
TXN0003639,CUST10597,2026-04-29 15:39:00,topup,20724,e-wallet_dana,MyApp,DEV0ff4c2d6,Yogyakarta,0
TXN0001142,CUST10188,2026-04-29 15:45:00,topup,31711,e-wallet_dana,MyApp,DEV7f6bf62c,Jakarta,0
TXN0003700,CUST10608,2026-04-29 16:10:00,topup,5000,retail_counter,Retail_Outlet,DEVefede7bb,Balikpapan,0
TXN0001133,CUST10186,2026-04-29 16:13:00,topup,5000,e-wallet_gopay,Retail_Outlet,DEV0ee52f63,Palembang,0
TXN0002449,CUST10409,2026-04-29 16:17:00,topup,5000,e-wallet_ovo,Retail_Outlet,DEVa395b867,Surabaya,0
TXN0003357,CUST10553,2026-04-29 16:17:00,topup,31142,credit_card,Web_Portal,DEV0bfa8cd5,Malang,0
TXN0002769,CUST10462,2026-04-29 16:18:00,topup,5000,retail_counter,Partner_Bank,DEVa43366c9,Yogyakarta,0
TXN0002158,CUST10363,2026-04-29 16:41:00,topup,5000,e-wallet_ovo,MyApp,DEV8f1c5f8c,Medan,0
TXN0003465,CUST10572,2026-04-29 16:51:00,topup,5000,virtual_account,Partner_Bank,DEVdd7902fc,Pekanbaru,0
TXN0004821,CUST10782,2026-04-29 16:57:00,topup,31092,e-wallet_gopay,USSD,DEV9947c98a,Yogyakarta,0
TXN0001170,CUST10192,2026-04-29 17:03:00,topup,29060,e-wallet_ovo,Retail_Outlet,DEVd73aae7b,Balikpapan,0
TXN0006304,CUST11012,2026-04-29 17:17:00,topup,21912,credit_card,Retail_Outlet,DEVfe835c51,Medan,0
TXN0006711,CUST11082,2026-04-29 17:38:00,topup,34748,e-wallet_dana,MyApp,DEV1ccc575e,Makassar,0
TXN0001301,CUST10216,2026-04-29 17:57:00,topup,27309,e-wallet_ovo,Web_Portal,DEV8a08d40e,Medan,0
TXN0001088,CUST10177,2026-04-29 18:11:00,topup,5589,bank_transfer,MyApp,DEV74246baa,Denpasar,0
TXN0006810,CUST11097,2026-04-29 18:18:00,topup,60082,credit_card,USSD,DEV296da4cd,Yogyakarta,0
TXN0006237,CUST11002,2026-04-29 18:49:00,topup,10022,virtual_account,Web_Portal,DEVa0d60422,Semarang,0
TXN0000386,CUST10063,2026-04-29 19:15:00,topup,31712,virtual_account,Partner_Bank,DEV02fb2869,Jakarta,0
TXN0003345,CUST10551,2026-04-29 19:34:00,topup,27384,bank_transfer,Web_Portal,DEV02774ef3,Bandung,0
TXN0002959,CUST10493,2026-04-29 19:53:00,topup,26421,e-wallet_gopay,USSD,DEV4d2d8efd,Bandung,0
TXN0001225,CUST10202,2026-04-29 20:11:00,topup,5000,e-wallet_ovo,MyApp,DEV5d0b042d,Makassar,0
TXN0002566,CUST10428,2026-04-29 20:16:00,topup,51394,e-wallet_ovo,Web_Portal,DEVb23f4738,Jakarta,0
TXN0000079,CUST10012,2026-04-29 20:16:00,topup,5000,e-wallet_dana,MyApp,DEV90ce82e8,Bandung,0
TXN0004415,CUST10716,2026-04-29 20:39:00,topup,12501,credit_card,USSD,DEV48c3a59d,Pekanbaru,0
TXN0000166,CUST10027,2026-04-29 20:57:00,topup,40833,e-wallet_ovo,MyApp,DEV43d75413,Jakarta,0
TXN0005736,CUST10924,2026-04-29 21:10:00,topup,5000,e-wallet_ovo,Partner_Bank,DEVa3593aec,Palembang,0
TXN0002883,CUST10480,2026-04-29 21:39:00,topup,12947,virtual_account,Retail_Outlet,DEV83f9b580,Makassar,0
TXN0002085,CUST10352,2026-04-29 21:43:00,topup,59578,e-wallet_gopay,Web_Portal,DEVf83a1bce,Yogyakarta,0
TXN0002116,CUST10358,2026-04-29 22:05:00,topup,59791,e-wallet_gopay,Partner_Bank,DEVc680a2e5,Makassar,0
TXN0002455,CUST10409,2026-04-29 22:05:00,topup,6348,e-wallet_gopay,Web_Portal,DEV4a85e443,Surabaya,0
TXN0004625,CUST10751,2026-04-29 22:08:00,topup,11543,bank_transfer,Retail_Outlet,DEVe79c797d,Bandung,0
TXN0006644,CUST11071,2026-04-29 22:33:00,topup,21072,virtual_account,Partner_Bank,DEVa5868874,Yogyakarta,0
TXN0006504,CUST11045,2026-04-29 22:46:00,topup,5000,e-wallet_ovo,Web_Portal,DEV75d0a2af,Malang,0
TXN0003811,CUST10624,2026-04-30 06:03:00,topup,5000,credit_card,Partner_Bank,DEV97d20300,Surabaya,0
TXN0006767,CUST11091,2026-04-30 06:17:00,topup,38740,e-wallet_gopay,Retail_Outlet,DEV8bef5d54,Pekanbaru,0
TXN0002620,CUST10438,2026-04-30 06:18:00,topup,30541,virtual_account,Retail_Outlet,DEVe041f0a3,Bandung,0
TXN0002024,CUST10340,2026-04-30 06:36:00,topup,24166,bank_transfer,Web_Portal,DEV1dd03ecd,Denpasar,0
TXN0001490,CUST10253,2026-04-30 06:38:00,topup,11548,e-wallet_gopay,Partner_Bank,DEV6964eb16,Palembang,0
TXN0000725,CUST10121,2026-04-30 07:00:00,topup,5088,credit_card,Web_Portal,DEV3df76a69,Surabaya,0
TXN0005748,CUST10926,2026-04-30 07:15:00,topup,5000,e-wallet_dana,Web_Portal,DEV232e444c,Denpasar,0
TXN0006985,CUST11127,2026-04-30 07:23:00,topup,16458,retail_counter,Web_Portal,DEV33ca11ee,Makassar,0
TXN0000200,CUST10032,2026-04-30 07:46:00,topup,43819,e-wallet_ovo,USSD,DEV1b0ae22e,Yogyakarta,0
TXN0000673,CUST10112,2026-04-30 07:56:00,topup,22458,bank_transfer,USSD,DEVcd04c001,Semarang,0
TXN0002253,CUST10379,2026-04-30 08:22:00,topup,19852,retail_counter,Partner_Bank,DEVa6b96653,Semarang,0
TXN0001495,CUST10255,2026-04-30 08:39:00,topup,10816,e-wallet_gopay,Retail_Outlet,DEV6f2aec8a,Jakarta,0
TXN0006071,CUST10975,2026-04-30 09:03:00,topup,56973,credit_card,MyApp,DEVbb10f0be,Denpasar,0
TXN0006702,CUST11080,2026-04-30 09:24:00,topup,29467,e-wallet_gopay,Retail_Outlet,DEV2a545726,Malang,0
TXN0006758,CUST11089,2026-04-30 09:27:00,topup,5000,virtual_account,Retail_Outlet,DEV9dc4805f,Semarang,0
TXN0002109,CUST10356,2026-04-30 09:36:00,topup,30746,credit_card,USSD,DEV581ab26c,Yogyakarta,0
TXN0001050,CUST10172,2026-04-30 09:49:00,topup,38997,e-wallet_ovo,Web_Portal,DEV9df034d3,Palembang,0
TXN0005728,CUST10923,2026-04-30 10:07:00,topup,5000,e-wallet_ovo,MyApp,DEVbfee7aef,Denpasar,0
TXN0003527,CUST10581,2026-04-30 10:10:00,topup,15495,e-wallet_gopay,USSD,DEV0db4897a,Makassar,0
TXN0003994,CUST10651,2026-04-30 10:31:00,topup,18054,bank_transfer,USSD,DEVa513964e,Medan,0
TXN0005612,CUST10903,2026-04-30 10:43:00,topup,38191,credit_card,Retail_Outlet,DEVf3a2e957,Pekanbaru,0
TXN0000210,CUST10035,2026-04-30 11:17:00,topup,52408,credit_card,Partner_Bank,DEV44c1f1b5,Semarang,0
TXN0002843,CUST10474,2026-04-30 12:26:00,topup,31863,retail_counter,USSD,DEVa3a22f35,Balikpapan,0
TXN0006457,CUST11037,2026-04-30 12:30:00,topup,25230,retail_counter,USSD,DEVda970edb,Balikpapan,0
TXN0003508,CUST10576,2026-04-30 12:43:00,topup,13859,virtual_account,USSD,DEV2c5d849c,Denpasar,0
TXN0003454,CUST10570,2026-04-30 12:49:00,topup,25052,e-wallet_dana,Partner_Bank,DEV0b90b03d,Balikpapan,0
TXN0001059,CUST10173,2026-04-30 12:57:00,topup,29825,retail_counter,Partner_Bank,DEVf80443ee,Jakarta,0
TXN0003801,CUST10623,2026-04-30 13:16:00,topup,29302,credit_card,USSD,DEV562e121f,Bandung,0
TXN0004159,CUST10676,2026-04-30 13:17:00,topup,20758,credit_card,Retail_Outlet,DEV6c262577,Medan,0
TXN0002304,CUST10387,2026-04-30 13:17:00,topup,32558,credit_card,Partner_Bank,DEV3c9b3b84,Palembang,0
TXN0001367,CUST10232,2026-04-30 13:20:00,topup,22061,e-wallet_gopay,Web_Portal,DEVc4f4b844,Semarang,0
TXN0000940,CUST10154,2026-04-30 13:26:00,topup,5000,credit_card,USSD,DEV36fea0b4,Pekanbaru,0
TXN0001914,CUST10325,2026-04-30 13:28:00,topup,30209,e-wallet_dana,Web_Portal,DEVcf5285f7,Yogyakarta,0
TXN0003751,CUST10616,2026-04-30 13:38:00,topup,6001,e-wallet_gopay,USSD,DEVf9a013be,Palembang,0
TXN0000403,CUST10067,2026-04-30 13:56:00,topup,11955,e-wallet_gopay,Partner_Bank,DEV57423882,Medan,0
TXN0007567,CUST10910,2026-04-30 14:00:00,promo_bundle_redeem,0,promo_credit,MyApp,DEVc3b5b2bd,Pekanbaru,1
TXN0003510,CUST10576,2026-04-30 14:17:00,topup,20410,bank_transfer,MyApp,DEV23a10fdd,Denpasar,0
TXN0005038,CUST10817,2026-04-30 14:17:00,topup,11228,virtual_account,MyApp,DEV62b45550,Balikpapan,0
TXN0000080,CUST10012,2026-04-30 14:25:00,topup,5000,e-wallet_dana,MyApp,DEV453b45fe,Bandung,0
TXN0004438,CUST10719,2026-04-30 14:39:00,topup,42976,e-wallet_dana,Partner_Bank,DEVfee33607,Semarang,0
TXN0001642,CUST10282,2026-04-30 15:14:00,topup,5000,e-wallet_dana,Partner_Bank,DEV4aaa7f99,Semarang,0
TXN0006108,CUST10981,2026-04-30 15:15:00,topup,46793,e-wallet_gopay,USSD,DEV5e452956,Pekanbaru,0
TXN0005578,CUST10897,2026-04-30 15:17:00,topup,47942,e-wallet_gopay,Partner_Bank,DEVfa75b5fc,Yogyakarta,0
TXN0005665,CUST10912,2026-04-30 15:28:00,topup,27330,retail_counter,USSD,DEVd5b5984b,Bandung,0
TXN0004216,CUST10683,2026-04-30 15:41:00,topup,29113,virtual_account,MyApp,DEV9bfc24bd,Palembang,0
TXN0004572,CUST10741,2026-04-30 15:42:00,topup,14308,e-wallet_ovo,USSD,DEVc6a22085,Bandung,0
TXN0002325,CUST10390,2026-04-30 15:51:00,topup,20605,virtual_account,Retail_Outlet,DEVd73d52ba,Jakarta,0
TXN0004569,CUST10741,2026-04-30 16:12:00,topup,29098,virtual_account,MyApp,DEV2ebfaf4c,Bandung,0
TXN0001702,CUST10291,2026-04-30 16:14:00,topup,5000,e-wallet_dana,Partner_Bank,DEV7e63f654,Yogyakarta,0
TXN0006357,CUST11020,2026-04-30 16:40:00,topup,10567,e-wallet_gopay,MyApp,DEVd3dd8cf8,Malang,0
TXN0001473,CUST10250,2026-04-30 16:50:00,topup,31510,e-wallet_ovo,MyApp,DEV3a4fece7,Palembang,0
TXN0007614,CUST10273,2026-04-30 17:00:00,promo_bundle_redeem,0,promo_credit,MyApp,DEV79e49119,Palembang,1
TXN0004475,CUST10724,2026-04-30 17:16:00,topup,23893,retail_counter,Web_Portal,DEV1f8424bd,Semarang,0
TXN0006393,CUST11026,2026-04-30 17:24:00,topup,45881,bank_transfer,Partner_Bank,DEV153e09ba,Makassar,0
TXN0002434,CUST10407,2026-04-30 17:25:00,topup,50867,virtual_account,MyApp,DEVdfae1803,Pekanbaru,0
TXN0000328,CUST10054,2026-04-30 17:39:00,topup,33980,credit_card,MyApp,DEV71be94c3,Pekanbaru,0
TXN0001383,CUST10236,2026-04-30 17:40:00,topup,35596,e-wallet_ovo,Retail_Outlet,DEV0038dc84,Jakarta,0
TXN0002548,CUST10425,2026-04-30 17:56:00,topup,21153,virtual_account,MyApp,DEV80e022c8,Balikpapan,0
TXN0003549,CUST10584,2026-04-30 18:03:00,topup,37823,bank_transfer,Partner_Bank,DEVed113faf,Yogyakarta,0
TXN0006161,CUST10990,2026-04-30 18:06:00,topup,5000,virtual_account,MyApp,DEVaf88239f,Yogyakarta,0
TXN0001813,CUST10310,2026-04-30 18:08:00,topup,29143,bank_transfer,Retail_Outlet,DEV45d07382,Denpasar,0
TXN0006340,CUST11017,2026-04-30 18:12:00,topup,15547,retail_counter,USSD,DEV5da55873,Denpasar,0
TXN0006489,CUST11042,2026-04-30 18:20:00,topup,35547,retail_counter,Retail_Outlet,DEVc2d0af1f,Balikpapan,0
TXN0003616,CUST10594,2026-04-30 18:37:00,topup,5000,e-wallet_gopay,Retail_Outlet,DEV8037b969,Malang,0
TXN0006634,CUST11069,2026-04-30 18:41:00,topup,36030,bank_transfer,Web_Portal,DEVbfbff315,Denpasar,0
TXN0005899,CUST10945,2026-04-30 18:41:00,topup,20811,credit_card,Partner_Bank,DEV4421c1e1,Denpasar,0
TXN0007594,CUST11026,2026-04-30 19:00:00,promo_bundle_redeem,0,promo_credit,MyApp,DEVe37001f6,Makassar,1
TXN0003868,CUST10633,2026-04-30 19:22:00,topup,14160,virtual_account,Retail_Outlet,DEV5944a69c,Pekanbaru,0
TXN0003393,CUST10561,2026-04-30 19:25:00,topup,9210,virtual_account,USSD,DEV85924e5f,Pekanbaru,0
TXN0007353,CUST11188,2026-04-30 19:33:00,topup,29265,e-wallet_dana,MyApp,DEVfdba93eb,Makassar,0
TXN0007230,CUST11169,2026-04-30 19:42:00,topup,10576,retail_counter,Partner_Bank,DEV01183a0a,Malang,0
TXN0004240,CUST10687,2026-04-30 19:56:00,topup,5000,virtual_account,Web_Portal,DEVdd69a596,Palembang,0
TXN0001938,CUST10329,2026-04-30 20:05:00,topup,30679,bank_transfer,MyApp,DEV71076f2e,Surabaya,0
TXN0001868,CUST10319,2026-04-30 20:11:00,topup,9919,e-wallet_ovo,Retail_Outlet,DEV2f098f4d,Malang,0
TXN0005325,CUST10859,2026-04-30 20:28:00,topup,5000,virtual_account,USSD,DEV4da7f632,Denpasar,0
TXN0004014,CUST10653,2026-04-30 20:28:00,topup,7134,credit_card,Retail_Outlet,DEV6fef2c5d,Denpasar,0
TXN0000975,CUST10160,2026-04-30 20:29:00,topup,13701,bank_transfer,Retail_Outlet,DEV7b1dbca3,Jakarta,0
TXN0000405,CUST10067,2026-04-30 20:47:00,topup,24437,e-wallet_gopay,Web_Portal,DEV54fc286f,Medan,0
TXN0004074,CUST10662,2026-04-30 20:50:00,topup,22641,bank_transfer,Web_Portal,DEV90a67567,Balikpapan,0
TXN0004952,CUST10805,2026-04-30 20:59:00,topup,6937,bank_transfer,MyApp,DEVef5e0d74,Makassar,0
TXN0000578,CUST10096,2026-04-30 21:17:00,topup,25104,e-wallet_gopay,USSD,DEVe4dc4306,Palembang,0
TXN0004877,CUST10792,2026-04-30 21:45:00,topup,22468,retail_counter,Retail_Outlet,DEV924d4a86,Denpasar,0
TXN0004596,CUST10746,2026-04-30 22:11:00,topup,5000,retail_counter,Web_Portal,DEV642830f3,Semarang,0
TXN0006328,CUST11016,2026-04-30 22:16:00,topup,5000,e-wallet_ovo,Web_Portal,DEV2a17879a,Semarang,0
TXN0003776,CUST10618,2026-04-30 22:19:00,topup,21451,credit_card,Partner_Bank,DEVf525d556,Malang,0
TXN0003455,CUST10570,2026-04-30 22:52:00,topup,24096,e-wallet_dana,USSD,DEVae1782f6,Balikpapan,0
TXN0007335,CUST11186,2026-04-30 22:57:00,topup,39839,credit_card,MyApp,DEVe3931b79,Pekanbaru,0
TXN0001342,CUST10227,2026-05-01 06:09:00,topup,5000,bank_transfer,Retail_Outlet,DEV5a947a40,Balikpapan,0
TXN0001198,CUST10198,2026-05-01 06:13:00,topup,32877,e-wallet_dana,USSD,DEV33579b27,Malang,0
TXN0001769,CUST10304,2026-05-01 06:34:00,topup,8524,e-wallet_ovo,Partner_Bank,DEV783e40ab,Surabaya,0
TXN0003686,CUST10605,2026-05-01 06:43:00,topup,5707,e-wallet_ovo,MyApp,DEV8d8f2868,Medan,0
TXN0002216,CUST10372,2026-05-01 06:54:00,topup,27644,retail_counter,Web_Portal,DEV0766699f,Semarang,0
TXN0005438,CUST10876,2026-05-01 06:57:00,topup,5000,e-wallet_gopay,MyApp,DEV5a6f9b6b,Jakarta,0
TXN0003478,CUST10573,2026-05-01 07:14:00,topup,21913,e-wallet_ovo,USSD,DEV2cc9abb6,Surabaya,0
TXN0004336,CUST10703,2026-05-01 07:54:00,topup,5000,e-wallet_dana,Partner_Bank,DEVf3b81fe4,Palembang,0
TXN0006277,CUST11008,2026-05-01 08:06:00,topup,13419,bank_transfer,Web_Portal,DEVcc62f748,Surabaya,0
TXN0000848,CUST10140,2026-05-01 08:08:00,topup,5000,bank_transfer,MyApp,DEVe54c8739,Balikpapan,0
TXN0006047,CUST10971,2026-05-01 08:16:00,topup,12935,virtual_account,MyApp,DEV6a3eed4f,Balikpapan,0
TXN0006774,CUST11092,2026-05-01 08:42:00,topup,8095,virtual_account,Web_Portal,DEV53921935,Balikpapan,0
TXN0000773,CUST10129,2026-05-01 09:09:00,topup,20628,retail_counter,Web_Portal,DEVa65d958e,Bandung,0
TXN0003784,CUST10619,2026-05-01 09:29:00,topup,5000,e-wallet_ovo,Partner_Bank,DEVaa7898aa,Jakarta,0
TXN0001972,CUST10334,2026-05-01 09:29:00,topup,13198,e-wallet_gopay,USSD,DEVcd14eacb,Palembang,0
TXN0001058,CUST10173,2026-05-01 10:10:00,topup,13471,e-wallet_ovo,Web_Portal,DEV39ed0800,Jakarta,0
TXN0002955,CUST10492,2026-05-01 11:23:00,topup,5000,virtual_account,USSD,DEVf7e47c8c,Semarang,0
TXN0002082,CUST10352,2026-05-01 11:42:00,topup,11180,e-wallet_gopay,MyApp,DEVded89c47,Yogyakarta,0
TXN0005337,CUST10860,2026-05-01 12:04:00,topup,13276,virtual_account,Retail_Outlet,DEVa028dc87,Pekanbaru,0
TXN0006066,CUST10974,2026-05-01 12:44:00,topup,22222,bank_transfer,Retail_Outlet,DEV37309e25,Makassar,0
TXN0001362,CUST10232,2026-05-01 12:59:00,topup,22659,credit_card,Retail_Outlet,DEVa5dd2836,Semarang,0
TXN0007370,CUST11190,2026-05-01 13:03:00,topup,31057,retail_counter,Retail_Outlet,DEV3d56400b,Pekanbaru,0
TXN0004897,CUST10796,2026-05-01 13:20:00,topup,46017,virtual_account,Partner_Bank,DEV2213cdad,Semarang,0
TXN0002575,CUST10429,2026-05-01 13:28:00,topup,38206,virtual_account,Retail_Outlet,DEV6d1e0d7d,Denpasar,0
TXN0006111,CUST10981,2026-05-01 13:32:00,topup,58294,e-wallet_dana,Retail_Outlet,DEV0409b7c8,Pekanbaru,0
TXN0007164,CUST11158,2026-05-01 13:44:00,topup,8076,retail_counter,Partner_Bank,DEVe8c80d96,Pekanbaru,0
TXN0001738,CUST10297,2026-05-01 14:00:00,topup,5230,e-wallet_dana,MyApp,DEVcf3a2f8d,Bandung,0
TXN0004536,CUST10734,2026-05-01 14:27:00,topup,16616,retail_counter,Retail_Outlet,DEV402bf495,Medan,0
TXN0001829,CUST10313,2026-05-01 14:40:00,topup,51547,virtual_account,Retail_Outlet,DEVc5efd670,Makassar,0
TXN0004316,CUST10700,2026-05-01 14:52:00,topup,6419,retail_counter,Retail_Outlet,DEV0316cde5,Medan,0
TXN0004228,CUST10685,2026-05-01 15:52:00,topup,12758,e-wallet_ovo,MyApp,DEV87935334,Surabaya,0
TXN0005682,CUST10916,2026-05-01 15:57:00,topup,19099,e-wallet_gopay,Web_Portal,DEVecf60826,Jakarta,0
TXN0000324,CUST10053,2026-05-01 15:57:00,topup,49333,retail_counter,MyApp,DEVc5709e30,Makassar,0
TXN0004804,CUST10779,2026-05-01 16:01:00,topup,5000,bank_transfer,Web_Portal,DEV5a0d4f8c,Palembang,0
TXN0003646,CUST10599,2026-05-01 16:08:00,topup,26277,e-wallet_gopay,MyApp,DEV21249735,Pekanbaru,0
TXN0005514,CUST10888,2026-05-01 16:10:00,topup,32335,bank_transfer,Partner_Bank,DEV59bdfac9,Jakarta,0
TXN0001896,CUST10323,2026-05-01 16:49:00,topup,37233,retail_counter,Partner_Bank,DEVbf16e3e9,Malang,0
TXN0006150,CUST10987,2026-05-01 17:08:00,topup,45497,credit_card,Web_Portal,DEV247803a1,Jakarta,0
TXN0004045,CUST10658,2026-05-01 17:43:00,topup,13085,credit_card,Retail_Outlet,DEVda42698b,Surabaya,0
TXN0003385,CUST10559,2026-05-01 17:56:00,topup,36742,credit_card,Retail_Outlet,DEV4de5f4af,Denpasar,0
TXN0003904,CUST10637,2026-05-01 17:58:00,topup,6020,e-wallet_dana,MyApp,DEVb7c315a2,Jakarta,0
TXN0000082,CUST10013,2026-05-01 18:00:00,topup,7372,bank_transfer,MyApp,DEVcf89569d,Medan,0
TXN0006651,CUST11072,2026-05-01 18:22:00,topup,16209,e-wallet_gopay,Retail_Outlet,DEVbff9e3b2,Palembang,0
TXN0002177,CUST10366,2026-05-01 18:51:00,topup,23805,e-wallet_gopay,Retail_Outlet,DEVba554e35,Denpasar,0
TXN0004745,CUST10770,2026-05-01 18:59:00,topup,53861,e-wallet_gopay,USSD,DEV2ed86804,Makassar,0
TXN0007581,CUST11197,2026-05-01 19:00:00,promo_bundle_redeem,0,promo_credit,MyApp,DEV433d65c2,Surabaya,1
TXN0003573,CUST10587,2026-05-01 19:10:00,topup,17163,bank_transfer,USSD,DEVe70d8d07,Balikpapan,0
TXN0003060,CUST10508,2026-05-01 19:20:00,topup,12875,e-wallet_dana,MyApp,DEVfa61726a,Medan,0
TXN0000253,CUST10042,2026-05-01 19:38:00,topup,49266,virtual_account,Partner_Bank,DEV01e187d8,Yogyakarta,0
TXN0002100,CUST10356,2026-05-01 19:53:00,topup,5000,e-wallet_gopay,Retail_Outlet,DEVc5ba36af,Yogyakarta,0
TXN0006956,CUST11123,2026-05-01 19:59:00,topup,17714,bank_transfer,Partner_Bank,DEV96f22a06,Denpasar,0
TXN0007097,CUST11148,2026-05-01 20:03:00,topup,68262,e-wallet_ovo,Retail_Outlet,DEV4059d846,Malang,0
TXN0003724,CUST10612,2026-05-01 20:04:00,topup,29871,e-wallet_dana,Retail_Outlet,DEVd8fbd542,Pekanbaru,0
TXN0007210,CUST11164,2026-05-01 20:12:00,topup,52084,credit_card,MyApp,DEV2fa227c3,Palembang,0
TXN0003429,CUST10566,2026-05-01 20:24:00,topup,5000,e-wallet_ovo,Partner_Bank,DEV84c42de1,Pekanbaru,0
TXN0004652,CUST10756,2026-05-01 20:35:00,topup,5627,credit_card,MyApp,DEV5bcc7bfb,Bandung,0
TXN0003833,CUST10627,2026-05-01 20:37:00,topup,42334,e-wallet_dana,Partner_Bank,DEV0a2cbb1b,Makassar,0
TXN0006480,CUST11040,2026-05-01 20:40:00,topup,5000,e-wallet_ovo,MyApp,DEVb53a2800,Semarang,0
TXN0000167,CUST10027,2026-05-01 21:24:00,topup,35718,e-wallet_ovo,Partner_Bank,DEV6334fa2a,Jakarta,0
TXN0003156,CUST10521,2026-05-01 21:24:00,topup,19576,bank_transfer,Web_Portal,DEVfe914b95,Balikpapan,0
TXN0003078,CUST10510,2026-05-01 21:24:00,topup,33857,credit_card,Web_Portal,DEV165607c0,Pekanbaru,0
TXN0001459,CUST10248,2026-05-01 21:31:00,topup,5000,e-wallet_ovo,Web_Portal,DEV26331cc6,Bandung,0
TXN0003943,CUST10643,2026-05-01 21:37:00,topup,7937,e-wallet_dana,Partner_Bank,DEVd68bc80f,Semarang,0
TXN0003685,CUST10605,2026-05-01 21:45:00,topup,13582,bank_transfer,Web_Portal,DEV855fecc6,Medan,0
TXN0006686,CUST11077,2026-05-01 21:53:00,topup,7511,e-wallet_dana,Retail_Outlet,DEV88fc929a,Jakarta,0
TXN0000312,CUST10051,2026-05-01 21:59:00,topup,5000,bank_transfer,Web_Portal,DEVf2ce7eeb,Makassar,0
TXN0004187,CUST10680,2026-05-01 22:31:00,topup,5000,e-wallet_gopay,Web_Portal,DEVeb34d8de,Pekanbaru,0
TXN0006293,CUST11010,2026-05-01 22:36:00,topup,16640,credit_card,Web_Portal,DEVf8dc2c64,Yogyakarta,0
TXN0005397,CUST10869,2026-05-01 22:58:00,topup,5000,credit_card,Web_Portal,DEV6fea84f5,Semarang,0
TXN0001981,CUST10335,2026-05-02 06:11:00,topup,5000,retail_counter,Retail_Outlet,DEV17cb67b8,Makassar,0
TXN0006094,CUST10979,2026-05-02 06:22:00,topup,11320,credit_card,MyApp,DEV24812872,Medan,0
TXN0002451,CUST10409,2026-05-02 06:26:00,topup,35864,virtual_account,MyApp,DEV2d798f3e,Surabaya,0
TXN0002029,CUST10341,2026-05-02 06:28:00,topup,25163,retail_counter,Web_Portal,DEV6448a3d5,Palembang,0
TXN0002760,CUST10460,2026-05-02 06:29:00,topup,5000,e-wallet_gopay,Retail_Outlet,DEV1e69d7ef,Pekanbaru,0
TXN0002060,CUST10347,2026-05-02 06:45:00,topup,5000,e-wallet_dana,Retail_Outlet,DEV8e8c71d8,Yogyakarta,0
TXN0006268,CUST11007,2026-05-02 06:46:00,topup,5000,e-wallet_gopay,Partner_Bank,DEVfb50d324,Surabaya,0
TXN0001641,CUST10282,2026-05-02 06:54:00,topup,21163,credit_card,Web_Portal,DEVf4852088,Semarang,0
TXN0006063,CUST10974,2026-05-02 06:54:00,topup,29699,retail_counter,Retail_Outlet,DEV06c0965d,Makassar,0
TXN0001195,CUST10197,2026-05-02 07:11:00,topup,30607,e-wallet_dana,Retail_Outlet,DEVc4246277,Medan,0
TXN0000760,CUST10127,2026-05-02 07:16:00,topup,33906,e-wallet_dana,USSD,DEV226cbc6a,Makassar,0
TXN0005269,CUST10849,2026-05-02 07:19:00,topup,12022,bank_transfer,Retail_Outlet,DEVe171582b,Palembang,0
TXN0000600,CUST10099,2026-05-02 07:29:00,topup,8896,credit_card,USSD,DEV94213090,Balikpapan,0
TXN0006503,CUST11045,2026-05-02 07:37:00,topup,5000,bank_transfer,Web_Portal,DEVcb53e1ae,Malang,0
TXN0006494,CUST11043,2026-05-02 07:49:00,topup,18185,virtual_account,Web_Portal,DEVb8d7e825,Semarang,0
TXN0004881,CUST10793,2026-05-02 07:59:00,topup,5000,e-wallet_dana,Retail_Outlet,DEVfae9df3f,Palembang,0
TXN0006981,CUST11126,2026-05-02 08:06:00,topup,21191,retail_counter,USSD,DEV44d44eca,Surabaya,0
TXN0000620,CUST10102,2026-05-02 08:20:00,topup,20941,virtual_account,USSD,DEV2598f383,Medan,0
TXN0002405,CUST10401,2026-05-02 08:23:00,topup,5922,e-wallet_dana,USSD,DEV45e49a9e,Yogyakarta,0
TXN0001307,CUST10218,2026-05-02 08:39:00,topup,5000,e-wallet_ovo,Web_Portal,DEV4b6c14e4,Medan,0
TXN0003982,CUST10649,2026-05-02 08:40:00,topup,20048,e-wallet_ovo,Web_Portal,DEV982e2afd,Surabaya,0
TXN0001082,CUST10176,2026-05-02 08:54:00,topup,44864,credit_card,MyApp,DEVe7574997,Malang,0
TXN0007568,CUST10910,2026-05-02 09:00:00,promo_bundle_redeem,0,promo_credit,MyApp,DEVd46b78f3,Pekanbaru,1
TXN0005192,CUST10839,2026-05-02 09:22:00,topup,26334,bank_transfer,Retail_Outlet,DEVdeaaacaa,Jakarta,0
TXN0006725,CUST11084,2026-05-02 09:30:00,topup,6067,e-wallet_gopay,Retail_Outlet,DEV6de72534,Malang,0
TXN0004156,CUST10675,2026-05-02 10:00:00,topup,39667,retail_counter,Web_Portal,DEV20f5128d,Denpasar,0
TXN0007595,CUST11026,2026-05-02 10:00:00,promo_bundle_redeem,0,promo_credit,MyApp,DEV56689e24,Makassar,1
TXN0002062,CUST10348,2026-05-02 10:11:00,topup,35088,e-wallet_gopay,Partner_Bank,DEVad4b24ec,Balikpapan,0
TXN0005232,CUST10845,2026-05-02 10:15:00,topup,26788,e-wallet_gopay,Retail_Outlet,DEVb1768686,Semarang,0
TXN0000338,CUST10055,2026-05-02 10:21:00,topup,25373,retail_counter,MyApp,DEVc72850c1,Semarang,0
TXN0002951,CUST10491,2026-05-02 10:28:00,topup,56463,e-wallet_ovo,MyApp,DEV3cfe18e9,Malang,0
TXN0002643,CUST10441,2026-05-02 10:55:00,topup,21231,e-wallet_ovo,MyApp,DEVa2ed50b9,Palembang,0
TXN0004358,CUST10707,2026-05-02 11:21:00,topup,26297,e-wallet_gopay,USSD,DEV6e047758,Malang,0
TXN0003622,CUST10595,2026-05-02 12:03:00,topup,10001,e-wallet_ovo,USSD,DEV7fab9b07,Bandung,0
TXN0004261,CUST10690,2026-05-02 12:44:00,topup,37253,bank_transfer,MyApp,DEV05d86c95,Balikpapan,0
TXN0004726,CUST10768,2026-05-02 12:54:00,topup,34083,virtual_account,USSD,DEVa96bc761,Malang,0
TXN0006623,CUST11067,2026-05-02 13:09:00,topup,43433,bank_transfer,USSD,DEV6fd2b471,Balikpapan,0
TXN0006455,CUST11037,2026-05-02 13:14:00,topup,5000,e-wallet_dana,Web_Portal,DEV2bd346cb,Balikpapan,0
TXN0005677,CUST10915,2026-05-02 13:20:00,topup,7988,credit_card,Web_Portal,DEVc44ba50d,Malang,0
TXN0004948,CUST10804,2026-05-02 13:26:00,topup,27882,e-wallet_ovo,USSD,DEV56fb9a22,Yogyakarta,0
TXN0000629,CUST10104,2026-05-02 13:53:00,topup,30347,e-wallet_ovo,Retail_Outlet,DEV95284c0a,Palembang,0
TXN0007615,CUST10273,2026-05-02 14:00:00,promo_bundle_redeem,0,promo_credit,MyApp,DEV405d861c,Palembang,1
TXN0000982,CUST10161,2026-05-02 14:04:00,topup,19105,retail_counter,Web_Portal,DEV5d822e3a,Denpasar,0
TXN0004469,CUST10723,2026-05-02 14:22:00,topup,14188,e-wallet_gopay,Partner_Bank,DEVdedcc2ff,Surabaya,0
TXN0003973,CUST10648,2026-05-02 14:30:00,topup,31623,bank_transfer,MyApp,DEV54867db3,Semarang,0
TXN0002008,CUST10339,2026-05-02 14:33:00,topup,5000,e-wallet_ovo,MyApp,DEV651a6277,Pekanbaru,0
TXN0006924,CUST11118,2026-05-02 14:54:00,topup,38605,e-wallet_ovo,Retail_Outlet,DEVae57927f,Makassar,0
TXN0002558,CUST10427,2026-05-02 15:04:00,topup,21411,retail_counter,Retail_Outlet,DEV225f52ab,Surabaya,0
TXN0001462,CUST10248,2026-05-02 15:11:00,topup,25359,retail_counter,MyApp,DEV0dd4c0e6,Bandung,0
TXN0006656,CUST11073,2026-05-02 16:02:00,topup,14155,bank_transfer,USSD,DEVd4b6f0f2,Yogyakarta,0
TXN0006247,CUST11004,2026-05-02 16:27:00,topup,5000,e-wallet_gopay,MyApp,DEV56a60db5,Palembang,0
TXN0006740,CUST11086,2026-05-02 16:30:00,topup,18741,retail_counter,Web_Portal,DEV9a18e6bb,Balikpapan,0
TXN0007035,CUST11135,2026-05-02 16:34:00,topup,5000,credit_card,MyApp,DEV3834e80b,Medan,0
TXN0003951,CUST10644,2026-05-02 16:37:00,topup,23238,credit_card,Partner_Bank,DEV7d1d3494,Yogyakarta,0
TXN0005576,CUST10896,2026-05-02 17:05:00,topup,38610,retail_counter,Web_Portal,DEV0e913294,Balikpapan,0
TXN0001056,CUST10173,2026-05-02 17:08:00,topup,5000,credit_card,Retail_Outlet,DEV2f191516,Jakarta,0
TXN0005503,CUST10885,2026-05-02 17:20:00,topup,35612,bank_transfer,MyApp,DEVc016c62b,Semarang,0
TXN0005045,CUST10819,2026-05-02 17:28:00,topup,34000,e-wallet_dana,USSD,DEV043217e4,Yogyakarta,0
TXN0000911,CUST10149,2026-05-02 17:43:00,topup,30720,retail_counter,Retail_Outlet,DEVe3f342a8,Yogyakarta,0
TXN0001688,CUST10290,2026-05-02 17:44:00,topup,22136,credit_card,USSD,DEVb73f6e64,Malang,0
TXN0000971,CUST10159,2026-05-02 17:45:00,topup,44818,e-wallet_ovo,MyApp,DEV79d19c4e,Malang,0
TXN0003638,CUST10597,2026-05-02 17:57:00,topup,29657,e-wallet_gopay,Retail_Outlet,DEVc1e158aa,Yogyakarta,0
TXN0001985,CUST10336,2026-05-02 18:20:00,topup,20887,e-wallet_ovo,Retail_Outlet,DEVa5b09024,Pekanbaru,0
TXN0000245,CUST10042,2026-05-02 18:22:00,topup,47521,credit_card,Retail_Outlet,DEV2c56e0cd,Yogyakarta,0
TXN0007104,CUST11149,2026-05-02 18:32:00,topup,19195,bank_transfer,USSD,DEV54b279cd,Medan,0
TXN0002961,CUST10493,2026-05-02 18:38:00,topup,8304,e-wallet_gopay,Web_Portal,DEV27571245,Bandung,0
TXN0001983,CUST10335,2026-05-02 18:41:00,topup,5000,virtual_account,Web_Portal,DEVa5c9cf20,Makassar,0
TXN0005969,CUST10959,2026-05-02 18:48:00,topup,19135,retail_counter,USSD,DEVbac70b9c,Medan,0
TXN0001989,CUST10337,2026-05-02 18:52:00,topup,5000,credit_card,Retail_Outlet,DEV4ce794d7,Yogyakarta,0
TXN0002440,CUST10408,2026-05-02 18:54:00,topup,48108,retail_counter,Retail_Outlet,DEV9642b052,Balikpapan,0
TXN0000503,CUST10083,2026-05-02 19:16:00,topup,22400,bank_transfer,USSD,DEV06531d47,Bandung,0
TXN0000670,CUST10112,2026-05-02 19:17:00,topup,40539,retail_counter,Partner_Bank,DEV3ad24ac8,Semarang,0
TXN0002796,CUST10466,2026-05-02 19:25:00,topup,32879,e-wallet_ovo,Partner_Bank,DEVe79524eb,Pekanbaru,0
TXN0001297,CUST10215,2026-05-02 19:35:00,topup,8513,e-wallet_dana,MyApp,DEV8456ce4f,Bandung,0
TXN0005795,CUST10932,2026-05-02 19:41:00,topup,29203,virtual_account,Web_Portal,DEV0beba1de,Semarang,0
TXN0000706,CUST10118,2026-05-02 19:45:00,topup,32796,credit_card,USSD,DEVcb1b8eff,Palembang,0
TXN0003099,CUST10513,2026-05-02 19:51:00,topup,7380,retail_counter,Web_Portal,DEV8706f724,Balikpapan,0
TXN0001105,CUST10180,2026-05-02 19:57:00,topup,21997,retail_counter,Web_Portal,DEVe606d7c2,Medan,0
TXN0005983,CUST10961,2026-05-02 20:43:00,topup,7128,bank_transfer,Web_Portal,DEVf64f98b4,Surabaya,0
TXN0000026,CUST10003,2026-05-02 20:57:00,topup,25494,e-wallet_ovo,MyApp,DEV755d814b,Palembang,0
TXN0006825,CUST11100,2026-05-02 21:00:00,topup,5000,retail_counter,Retail_Outlet,DEV58d687f6,Malang,0
TXN0001213,CUST10200,2026-05-02 21:15:00,topup,36085,credit_card,USSD,DEVa124fdb2,Pekanbaru,0
TXN0001806,CUST10309,2026-05-02 21:25:00,topup,8162,e-wallet_ovo,MyApp,DEV497bc13b,Bandung,0
TXN0004749,CUST10771,2026-05-02 21:26:00,topup,23632,retail_counter,Web_Portal,DEV59e849b6,Surabaya,0
TXN0005011,CUST10812,2026-05-02 21:35:00,topup,24627,e-wallet_ovo,MyApp,DEV6508f5c4,Denpasar,0
TXN0003933,CUST10641,2026-05-02 21:36:00,topup,7843,virtual_account,Partner_Bank,DEVf392b60b,Malang,0
TXN0002374,CUST10397,2026-05-02 21:48:00,topup,13701,e-wallet_ovo,Web_Portal,DEV217bc29e,Yogyakarta,0
TXN0002656,CUST10442,2026-05-02 21:53:00,topup,10788,e-wallet_dana,Web_Portal,DEV57d3ec63,Denpasar,0
TXN0002147,CUST10362,2026-05-02 21:54:00,topup,44900,bank_transfer,MyApp,DEV671adde5,Makassar,0
TXN0003620,CUST10595,2026-05-02 22:06:00,topup,15030,e-wallet_ovo,USSD,DEV91b3f921,Bandung,0
TXN0005993,CUST10963,2026-05-02 22:10:00,topup,13524,e-wallet_gopay,Web_Portal,DEV4eb818dd,Palembang,0
TXN0003698,CUST10608,2026-05-02 22:14:00,topup,23979,virtual_account,MyApp,DEV88516447,Balikpapan,0
TXN0005674,CUST10915,2026-05-02 22:25:00,topup,19829,credit_card,Web_Portal,DEV8906a4e2,Malang,0
TXN0002773,CUST10463,2026-05-02 22:59:00,topup,36295,bank_transfer,Web_Portal,DEV97c6eb3c,Semarang,0
TXN0002201,CUST10370,2026-05-03 06:00:00,topup,24153,credit_card,MyApp,DEVfad34352,Malang,0
TXN0005277,CUST10851,2026-05-03 06:29:00,topup,12944,e-wallet_ovo,Retail_Outlet,DEV9a861a16,Bandung,0
TXN0004633,CUST10753,2026-05-03 06:29:00,topup,49348,e-wallet_gopay,USSD,DEV9b4cccb0,Denpasar,0
TXN0005095,CUST10827,2026-05-03 06:46:00,topup,13208,e-wallet_ovo,USSD,DEVe28065d7,Pekanbaru,0
TXN0007219,CUST11166,2026-05-03 06:48:00,topup,18677,e-wallet_gopay,Retail_Outlet,DEVe3d2549d,Palembang,0
TXN0004706,CUST10765,2026-05-03 06:49:00,topup,17390,e-wallet_dana,USSD,DEVcba9a0f0,Bandung,0
TXN0000188,CUST10031,2026-05-03 06:58:00,topup,24526,retail_counter,Web_Portal,DEVaee14f87,Bandung,0
TXN0006855,CUST11107,2026-05-03 07:14:00,topup,5000,bank_transfer,Web_Portal,DEVe26e750f,Malang,0
TXN0003190,CUST10526,2026-05-03 07:22:00,topup,30341,e-wallet_gopay,USSD,DEV366f4268,Denpasar,0
TXN0002852,CUST10476,2026-05-03 07:46:00,topup,25578,bank_transfer,Partner_Bank,DEVc544a049,Bandung,0
TXN0004168,CUST10678,2026-05-03 07:48:00,topup,36311,credit_card,USSD,DEV01c7ea8b,Denpasar,0
TXN0006206,CUST10997,2026-05-03 07:59:00,topup,30352,e-wallet_ovo,Retail_Outlet,DEVefef1246,Denpasar,0
TXN0004290,CUST10694,2026-05-03 08:23:00,topup,46797,bank_transfer,USSD,DEV664101fa,Palembang,0
TXN0005141,CUST10834,2026-05-03 08:31:00,topup,13684,e-wallet_ovo,Web_Portal,DEV1165ed7f,Pekanbaru,0
TXN0004036,CUST10656,2026-05-03 09:28:00,topup,24198,e-wallet_gopay,MyApp,DEVbffbce28,Jakarta,0
TXN0006312,CUST11014,2026-05-03 09:34:00,topup,42578,e-wallet_ovo,Partner_Bank,DEV9e9a1e40,Makassar,0
TXN0006044,CUST10971,2026-05-03 09:58:00,topup,34788,retail_counter,Retail_Outlet,DEVe958c745,Balikpapan,0
TXN0001077,CUST10176,2026-05-03 10:22:00,topup,5000,retail_counter,Partner_Bank,DEVf66c7331,Malang,0
TXN0005817,CUST10935,2026-05-03 10:29:00,topup,5000,credit_card,Partner_Bank,DEV03864649,Jakarta,0
TXN0001354,CUST10229,2026-05-03 10:38:00,topup,24087,retail_counter,MyApp,DEV59fcfaeb,Makassar,0
TXN0000711,CUST10119,2026-05-03 11:03:00,topup,9164,e-wallet_dana,Web_Portal,DEVdcad8ec2,Yogyakarta,0
TXN0001998,CUST10337,2026-05-03 11:38:00,topup,16769,retail_counter,Web_Portal,DEVc942e6e8,Yogyakarta,0
TXN0003533,CUST10581,2026-05-03 11:51:00,topup,19575,e-wallet_dana,Partner_Bank,DEV9826a55f,Makassar,0
TXN0006800,CUST11096,2026-05-03 11:58:00,topup,53033,virtual_account,MyApp,DEV01f73517,Denpasar,0
TXN0007392,CUST11194,2026-05-03 12:29:00,topup,29454,e-wallet_dana,Partner_Bank,DEVbd37414a,Denpasar,0
TXN0003247,CUST10536,2026-05-03 12:35:00,topup,5000,bank_transfer,MyApp,DEV043486c3,Palembang,0
TXN0000358,CUST10059,2026-05-03 12:49:00,topup,23792,e-wallet_dana,Web_Portal,DEVf480b91e,Semarang,0
TXN0005317,CUST10858,2026-05-03 12:57:00,topup,32776,credit_card,Retail_Outlet,DEV7a5653b3,Pekanbaru,0
TXN0005436,CUST10876,2026-05-03 13:03:00,topup,5000,e-wallet_ovo,MyApp,DEVaeeb5608,Jakarta,0
TXN0002398,CUST10401,2026-05-03 13:27:00,topup,30348,bank_transfer,Partner_Bank,DEVd7a998ea,Yogyakarta,0
TXN0004764,CUST10773,2026-05-03 13:47:00,topup,27692,e-wallet_gopay,Web_Portal,DEV70d18e9e,Palembang,0
TXN0006070,CUST10974,2026-05-03 13:54:00,topup,22172,credit_card,MyApp,DEV0956f0e5,Makassar,0
TXN0003836,CUST10628,2026-05-03 14:19:00,topup,43311,credit_card,Partner_Bank,DEV5e9a35cf,Jakarta,0
TXN0002113,CUST10357,2026-05-03 14:40:00,topup,37991,retail_counter,USSD,DEV9fd60922,Semarang,0
TXN0007347,CUST11187,2026-05-03 14:51:00,topup,5000,virtual_account,MyApp,DEV66c09e7b,Medan,0
TXN0005569,CUST10896,2026-05-03 14:56:00,topup,5000,bank_transfer,Web_Portal,DEVe7b986cb,Balikpapan,0
TXN0000768,CUST10128,2026-05-03 14:58:00,topup,53019,credit_card,Retail_Outlet,DEV42803aa0,Bandung,0
TXN0006941,CUST11121,2026-05-03 15:02:00,topup,5000,credit_card,Partner_Bank,DEV0b76d6f7,Makassar,0
TXN0004967,CUST10806,2026-05-03 15:02:00,topup,12356,bank_transfer,Retail_Outlet,DEV553a2bad,Jakarta,0
TXN0002134,CUST10360,2026-05-03 15:04:00,topup,15533,e-wallet_ovo,USSD,DEVb6f31d02,Makassar,0
TXN0001878,CUST10321,2026-05-03 15:11:00,topup,57577,retail_counter,MyApp,DEV97d02f8f,Pekanbaru,0
TXN0001529,CUST10262,2026-05-03 15:15:00,topup,5000,bank_transfer,MyApp,DEV8a257159,Jakarta,0
TXN0002230,CUST10374,2026-05-03 15:16:00,topup,40800,e-wallet_gopay,Partner_Bank,DEV0f67a174,Palembang,0
TXN0006907,CUST11115,2026-05-03 15:17:00,topup,24289,bank_transfer,Partner_Bank,DEVb03d3665,Surabaya,0
TXN0000749,CUST10125,2026-05-03 15:41:00,topup,54276,e-wallet_dana,Retail_Outlet,DEV57d52b78,Makassar,0
TXN0002229,CUST10374,2026-05-03 16:06:00,topup,49326,e-wallet_ovo,USSD,DEVa72edd5f,Palembang,0
TXN0005687,CUST10917,2026-05-03 16:11:00,topup,19358,virtual_account,Web_Portal,DEV197634e5,Surabaya,0
TXN0005187,CUST10838,2026-05-03 16:21:00,topup,5000,credit_card,Partner_Bank,DEV3464fd00,Jakarta,0
TXN0002413,CUST10402,2026-05-03 16:47:00,topup,35549,retail_counter,Partner_Bank,DEVacd3d56f,Bandung,0
TXN0003923,CUST10639,2026-05-03 16:49:00,topup,26417,virtual_account,MyApp,DEVdbfb491a,Pekanbaru,0
TXN0002425,CUST10404,2026-05-03 16:53:00,topup,16821,virtual_account,Web_Portal,DEV3a42958b,Medan,0
TXN0002854,CUST10476,2026-05-03 17:14:00,topup,10058,e-wallet_dana,Retail_Outlet,DEV3d730c3b,Bandung,0
TXN0006887,CUST11112,2026-05-03 17:16:00,topup,5000,retail_counter,Web_Portal,DEV1138b544,Palembang,0
TXN0003989,CUST10650,2026-05-03 17:23:00,topup,16538,e-wallet_dana,Retail_Outlet,DEV8fa50e32,Balikpapan,0
TXN0005445,CUST10877,2026-05-03 17:29:00,topup,14097,credit_card,Partner_Bank,DEV5c098a5c,Denpasar,0
TXN0001324,CUST10221,2026-05-03 17:43:00,topup,17087,retail_counter,Partner_Bank,DEVfbec1ed8,Malang,0
TXN0005278,CUST10851,2026-05-03 17:46:00,topup,5000,e-wallet_ovo,Partner_Bank,DEV52a7c5d6,Bandung,0
TXN0005735,CUST10924,2026-05-03 18:00:00,topup,5000,credit_card,Web_Portal,DEVcf928274,Palembang,0
TXN0002899,CUST10484,2026-05-03 18:06:00,topup,5000,virtual_account,USSD,DEV23cecf1e,Surabaya,0
TXN0005096,CUST10827,2026-05-03 18:11:00,topup,15694,bank_transfer,Web_Portal,DEV810e9d40,Pekanbaru,0
TXN0000062,CUST10009,2026-05-03 18:11:00,topup,33270,virtual_account,Web_Portal,DEV1f5df912,Malang,0
TXN0006918,CUST11117,2026-05-03 18:15:00,topup,36266,virtual_account,Partner_Bank,DEV8716f0b3,Yogyakarta,0
TXN0004350,CUST10706,2026-05-03 18:45:00,topup,10317,credit_card,MyApp,DEV3e72e402,Jakarta,0
TXN0004119,CUST10669,2026-05-03 18:57:00,topup,5000,e-wallet_ovo,Partner_Bank,DEVcaf91924,Malang,0
TXN0007582,CUST11197,2026-05-03 19:00:00,promo_bundle_redeem,0,promo_credit,MyApp,DEVfacc2e35,Surabaya,1
TXN0000067,CUST10010,2026-05-03 19:05:00,topup,12813,bank_transfer,Retail_Outlet,DEVe886a011,Yogyakarta,0
TXN0001504,CUST10256,2026-05-03 19:13:00,topup,36628,e-wallet_ovo,USSD,DEVc0c9c3ed,Pekanbaru,0
TXN0005634,CUST10908,2026-05-03 19:28:00,topup,26044,retail_counter,Web_Portal,DEVdcd1ad00,Palembang,0
TXN0003438,CUST10567,2026-05-03 19:29:00,topup,9939,e-wallet_dana,MyApp,DEV7ec391ef,Denpasar,0
TXN0005006,CUST10812,2026-05-03 19:40:00,topup,35718,retail_counter,MyApp,DEV43651cb8,Denpasar,0
TXN0000610,CUST10101,2026-05-03 19:56:00,topup,5000,bank_transfer,Web_Portal,DEV47e321c2,Yogyakarta,0
TXN0007134,CUST11154,2026-05-03 20:05:00,topup,38047,e-wallet_gopay,Web_Portal,DEVb31b58fa,Balikpapan,0
TXN0004859,CUST10790,2026-05-03 20:41:00,topup,23413,retail_counter,USSD,DEVf262e145,Malang,0
TXN0007313,CUST11182,2026-05-03 21:02:00,topup,24736,bank_transfer,Partner_Bank,DEV3094f256,Medan,0
TXN0006464,CUST11038,2026-05-03 21:08:00,topup,57379,virtual_account,Web_Portal,DEV444b9490,Malang,0
TXN0002224,CUST10373,2026-05-03 21:27:00,topup,5000,e-wallet_dana,MyApp,DEV8a5a4272,Medan,0
TXN0006479,CUST11040,2026-05-03 21:30:00,topup,5000,bank_transfer,Retail_Outlet,DEVb800f540,Semarang,0
TXN0007427,CUST11199,2026-05-03 21:31:00,topup,16037,credit_card,Partner_Bank,DEV640933ec,Makassar,0
TXN0003370,CUST10556,2026-05-03 21:42:00,topup,29326,retail_counter,Web_Portal,DEV146b9fbc,Medan,0
TXN0005834,CUST10938,2026-05-03 21:56:00,topup,30848,e-wallet_gopay,MyApp,DEVcf492a27,Yogyakarta,0
TXN0003764,CUST10618,2026-05-03 22:04:00,topup,11437,bank_transfer,MyApp,DEVfe08a540,Malang,0
TXN0005804,CUST10933,2026-05-03 22:07:00,topup,40222,retail_counter,Retail_Outlet,DEV60f41905,Bandung,0
TXN0002193,CUST10369,2026-05-03 22:27:00,topup,32556,e-wallet_gopay,Partner_Bank,DEV34afa2e1,Surabaya,0
TXN0007195,CUST11163,2026-05-03 22:29:00,topup,5000,retail_counter,Partner_Bank,DEV9241e029,Bandung,0
TXN0000733,CUST10123,2026-05-03 22:40:00,topup,28168,bank_transfer,MyApp,DEV50bf2995,Balikpapan,0
TXN0001212,CUST10200,2026-05-03 22:46:00,topup,55863,credit_card,USSD,DEVb465c027,Pekanbaru,0
TXN0001987,CUST10336,2026-05-03 22:48:00,topup,21516,e-wallet_gopay,Partner_Bank,DEVcd320878,Pekanbaru,0
TXN0003278,CUST10542,2026-05-03 22:48:00,topup,32704,retail_counter,Web_Portal,DEV93b1ee1d,Palembang,0
TXN0004757,CUST10772,2026-05-03 22:53:00,topup,53004,virtual_account,Retail_Outlet,DEVcccf4d37,Surabaya,0
TXN0007044,CUST11137,2026-05-03 22:53:00,topup,6209,e-wallet_dana,Web_Portal,DEVa6e62c01,Balikpapan,0
TXN0003253,CUST10537,2026-05-04 06:26:00,topup,21197,virtual_account,Retail_Outlet,DEVc6e19fd7,Malang,0
TXN0005552,CUST10892,2026-05-04 06:29:00,topup,30200,virtual_account,Web_Portal,DEVba5916c5,Yogyakarta,0
TXN0001147,CUST10189,2026-05-04 06:33:00,topup,36927,virtual_account,Partner_Bank,DEV3513a238,Pekanbaru,0
TXN0002316,CUST10389,2026-05-04 07:19:00,topup,5000,e-wallet_dana,Partner_Bank,DEV693e5fcf,Surabaya,0
TXN0007047,CUST11138,2026-05-04 07:24:00,topup,40243,retail_counter,Retail_Outlet,DEV17101a77,Makassar,0
TXN0003001,CUST10498,2026-05-04 07:24:00,topup,5000,credit_card,USSD,DEVa845f723,Balikpapan,0
TXN0000648,CUST10107,2026-05-04 07:26:00,topup,26214,bank_transfer,Retail_Outlet,DEV59bb8900,Balikpapan,0
TXN0002136,CUST10360,2026-05-04 07:45:00,topup,5000,bank_transfer,Retail_Outlet,DEV3bdccce0,Makassar,0
TXN0000380,CUST10062,2026-05-04 08:12:00,topup,5000,e-wallet_ovo,USSD,DEV84e3b774,Yogyakarta,0
TXN0006797,CUST11096,2026-05-04 08:12:00,topup,15888,e-wallet_dana,USSD,DEVa5ca5367,Denpasar,0
TXN0006731,CUST11085,2026-05-04 08:36:00,topup,19867,e-wallet_gopay,Web_Portal,DEVa15c6648,Bandung,0
TXN0006179,CUST10993,2026-05-04 08:39:00,topup,23825,bank_transfer,MyApp,DEVdabd385c,Bandung,0
TXN0000448,CUST10074,2026-05-04 08:43:00,topup,40007,credit_card,Retail_Outlet,DEVf1530f68,Yogyakarta,0
TXN0003790,CUST10621,2026-05-04 08:59:00,topup,41251,e-wallet_ovo,Retail_Outlet,DEV743de03a,Makassar,0
TXN0006134,CUST10985,2026-05-04 09:09:00,topup,16979,e-wallet_gopay,Partner_Bank,DEVf001e73c,Surabaya,0
TXN0006727,CUST11085,2026-05-04 09:10:00,topup,5000,e-wallet_dana,Partner_Bank,DEV71a67925,Bandung,0
TXN0006713,CUST11083,2026-05-04 09:15:00,topup,11684,credit_card,MyApp,DEV3f843c8f,Surabaya,0
TXN0002647,CUST10441,2026-05-04 09:31:00,topup,20192,credit_card,Partner_Bank,DEVc2b2547d,Palembang,0
TXN0001341,CUST10227,2026-05-04 09:35:00,topup,49325,e-wallet_dana,Web_Portal,DEV18ecde2b,Balikpapan,0
TXN0003728,CUST10613,2026-05-04 09:38:00,topup,21506,virtual_account,USSD,DEV689ab92d,Makassar,0
TXN0006841,CUST11104,2026-05-04 09:42:00,topup,5000,e-wallet_gopay,Partner_Bank,DEV896f07e5,Palembang,0
TXN0003712,CUST10611,2026-05-04 09:59:00,topup,48034,retail_counter,USSD,DEVc4ddfe54,Pekanbaru,0
TXN0006334,CUST11016,2026-05-04 10:23:00,topup,5000,virtual_account,Web_Portal,DEV6755b2d4,Semarang,0
TXN0001705,CUST10291,2026-05-04 10:31:00,topup,10487,retail_counter,Partner_Bank,DEV39d2d74a,Yogyakarta,0
TXN0004044,CUST10658,2026-05-04 10:35:00,topup,29942,credit_card,Retail_Outlet,DEVdb9eb2e6,Surabaya,0
TXN0001747,CUST10299,2026-05-04 10:54:00,topup,28500,e-wallet_ovo,Web_Portal,DEV639ac771,Denpasar,0
TXN0004070,CUST10662,2026-05-04 11:03:00,topup,27229,e-wallet_dana,MyApp,DEVf151ff15,Balikpapan,0
TXN0001693,CUST10290,2026-05-04 11:18:00,topup,39502,virtual_account,USSD,DEVb2b8d698,Malang,0
TXN0000134,CUST10023,2026-05-04 11:37:00,topup,26616,retail_counter,USSD,DEV59b9222c,Semarang,0
TXN0000739,CUST10123,2026-05-04 11:40:00,topup,46500,virtual_account,Web_Portal,DEV6c5540f0,Balikpapan,0
TXN0005247,CUST10847,2026-05-04 11:41:00,topup,31573,virtual_account,Web_Portal,DEVb75901d0,Pekanbaru,0
TXN0000047,CUST10006,2026-05-04 11:41:00,topup,29933,virtual_account,Partner_Bank,DEV0c880714,Makassar,0
TXN0000633,CUST10105,2026-05-04 11:56:00,topup,41664,bank_transfer,USSD,DEV119fb03e,Bandung,0
TXN0007083,CUST11146,2026-05-04 12:00:00,topup,21505,credit_card,Partner_Bank,DEV0917f2d6,Makassar,0
TXN0005870,CUST10941,2026-05-04 12:24:00,topup,13045,retail_counter,USSD,DEVb062166c,Surabaya,0
TXN0001347,CUST10228,2026-05-04 12:52:00,topup,17220,bank_transfer,Partner_Bank,DEVacdfe0ff,Malang,0
TXN0005357,CUST10863,2026-05-04 12:59:00,topup,42624,e-wallet_dana,Partner_Bank,DEVdafa1c94,Malang,0
TXN0004607,CUST10748,2026-05-04 13:00:00,topup,13172,credit_card,MyApp,DEV3b7039b0,Palembang,0
TXN0007292,CUST11178,2026-05-04 13:16:00,topup,19661,credit_card,Retail_Outlet,DEV46a1c19b,Surabaya,0
TXN0004281,CUST10693,2026-05-04 13:26:00,topup,13866,e-wallet_dana,Web_Portal,DEV850f7bdc,Palembang,0
TXN0005226,CUST10844,2026-05-04 13:32:00,topup,5000,e-wallet_gopay,Web_Portal,DEV0af20a23,Balikpapan,0
TXN0007596,CUST11026,2026-05-04 14:00:00,promo_bundle_redeem,0,promo_credit,MyApp,DEV0c9f82ad,Makassar,1
TXN0000769,CUST10129,2026-05-04 14:27:00,topup,5000,e-wallet_gopay,Partner_Bank,DEV8eb7c306,Bandung,0
TXN0006594,CUST11062,2026-05-04 14:28:00,topup,12002,e-wallet_gopay,Web_Portal,DEVbc9742d3,Balikpapan,0
TXN0006451,CUST11036,2026-05-04 14:31:00,topup,47605,bank_transfer,MyApp,DEVd67e0f37,Palembang,0
TXN0000526,CUST10086,2026-05-04 14:36:00,topup,23226,virtual_account,Web_Portal,DEVbef6a59a,Pekanbaru,0
TXN0004537,CUST10734,2026-05-04 14:36:00,topup,39511,e-wallet_dana,MyApp,DEV4d156c62,Medan,0
TXN0003749,CUST10615,2026-05-04 14:39:00,topup,5347,credit_card,Partner_Bank,DEV4878383a,Surabaya,0
TXN0001036,CUST10170,2026-05-04 14:54:00,topup,5000,credit_card,Web_Portal,DEVe60d7a94,Pekanbaru,0
TXN0000323,CUST10053,2026-05-04 15:47:00,topup,5436,e-wallet_gopay,MyApp,DEV600c9c71,Makassar,0
TXN0005265,CUST10849,2026-05-04 15:58:00,topup,21611,e-wallet_ovo,Retail_Outlet,DEV59fbb46d,Palembang,0
TXN0001407,CUST10241,2026-05-04 16:03:00,topup,5000,retail_counter,Partner_Bank,DEV638644e0,Semarang,0
TXN0006083,CUST10977,2026-05-04 16:12:00,topup,57228,retail_counter,Partner_Bank,DEV65d8350a,Malang,0
TXN0000225,CUST10038,2026-05-04 16:35:00,topup,5000,e-wallet_ovo,USSD,DEV9194821e,Yogyakarta,0
TXN0001854,CUST10317,2026-05-04 16:52:00,topup,5000,virtual_account,MyApp,DEV4c23e844,Yogyakarta,0
TXN0004710,CUST10765,2026-05-04 16:56:00,topup,24223,e-wallet_gopay,USSD,DEVd387fcd8,Bandung,0
TXN0006571,CUST11058,2026-05-04 17:13:00,topup,18943,retail_counter,Partner_Bank,DEV698f3072,Malang,0
TXN0003042,CUST10505,2026-05-04 17:16:00,topup,5000,e-wallet_gopay,USSD,DEV5a7284a2,Bandung,0
TXN0005707,CUST10920,2026-05-04 17:41:00,topup,16534,e-wallet_gopay,Partner_Bank,DEV04aa8f68,Balikpapan,0
TXN0000674,CUST10113,2026-05-04 18:30:00,topup,17889,e-wallet_ovo,Partner_Bank,DEVaf3f9d9a,Palembang,0
TXN0001685,CUST10289,2026-05-04 18:42:00,topup,18775,bank_transfer,MyApp,DEV9ceab67b,Palembang,0
TXN0000721,CUST10120,2026-05-04 18:56:00,topup,23173,bank_transfer,USSD,DEV37f3f32b,Jakarta,0
TXN0007569,CUST10910,2026-05-04 19:00:00,promo_bundle_redeem,0,promo_credit,MyApp,DEV09e002f0,Pekanbaru,1
TXN0000666,CUST10111,2026-05-04 19:01:00,topup,48608,e-wallet_dana,Web_Portal,DEV7bd7b4bf,Surabaya,0
TXN0004107,CUST10667,2026-05-04 19:05:00,topup,46832,bank_transfer,USSD,DEV66b1f859,Surabaya,0
TXN0001174,CUST10193,2026-05-04 19:13:00,topup,30887,credit_card,MyApp,DEVc847b130,Palembang,0
TXN0000695,CUST10116,2026-05-04 19:39:00,topup,39517,credit_card,Partner_Bank,DEVb4209103,Surabaya,0
TXN0002188,CUST10368,2026-05-04 19:46:00,topup,12504,e-wallet_gopay,Retail_Outlet,DEVc1f31143,Medan,0
TXN0003479,CUST10573,2026-05-04 19:47:00,topup,21247,virtual_account,Web_Portal,DEV594de8d7,Surabaya,0
TXN0003102,CUST10513,2026-05-04 20:07:00,topup,5000,virtual_account,Partner_Bank,DEV0361b157,Balikpapan,0
TXN0004482,CUST10726,2026-05-04 20:17:00,topup,37087,bank_transfer,Web_Portal,DEV940bb34d,Makassar,0
TXN0004734,CUST10769,2026-05-04 20:30:00,topup,16126,retail_counter,Web_Portal,DEVc64d8e70,Makassar,0
TXN0000898,CUST10147,2026-05-04 20:40:00,topup,5000,retail_counter,Retail_Outlet,DEV18a440bd,Semarang,0
TXN0001203,CUST10198,2026-05-04 20:46:00,topup,5000,virtual_account,MyApp,DEV1a354475,Malang,0
TXN0007304,CUST11180,2026-05-04 21:35:00,topup,27128,retail_counter,Partner_Bank,DEV5caf5c6a,Semarang,0
TXN0006195,CUST10995,2026-05-04 21:36:00,topup,15250,virtual_account,Partner_Bank,DEV214990ed,Balikpapan,0
TXN0000015,CUST10002,2026-05-04 21:50:00,topup,11099,e-wallet_gopay,USSD,DEV061efb95,Makassar,0
TXN0001948,CUST10330,2026-05-04 22:10:00,topup,43652,e-wallet_dana,USSD,DEVeba0330c,Malang,0
TXN0003422,CUST10565,2026-05-04 22:15:00,topup,29105,e-wallet_ovo,USSD,DEV3649f585,Bandung,0
TXN0002658,CUST10442,2026-05-04 22:28:00,topup,5000,retail_counter,Retail_Outlet,DEV660237ed,Denpasar,0
TXN0004999,CUST10811,2026-05-04 22:28:00,topup,38805,e-wallet_dana,Web_Portal,DEVa01d9aeb,Bandung,0
TXN0005824,CUST10936,2026-05-04 22:49:00,topup,22264,retail_counter,Partner_Bank,DEV0463aa5e,Semarang,0
TXN0000400,CUST10066,2026-05-04 22:59:00,topup,44058,bank_transfer,USSD,DEVf692641a,Balikpapan,0
TXN0003748,CUST10615,2026-05-05 06:14:00,topup,22413,e-wallet_ovo,Web_Portal,DEV1246d2a5,Surabaya,0
TXN0005481,CUST10882,2026-05-05 06:19:00,topup,42257,virtual_account,USSD,DEV9be5662a,Makassar,0
TXN0002946,CUST10491,2026-05-05 06:38:00,topup,20633,virtual_account,USSD,DEV1c8d23b4,Malang,0
TXN0003584,CUST10588,2026-05-05 06:41:00,topup,46045,e-wallet_dana,USSD,DEV425ca2e3,Jakarta,0
TXN0005300,CUST10855,2026-05-05 06:49:00,topup,5000,credit_card,Retail_Outlet,DEVf2b2d2f2,Surabaya,0
TXN0000748,CUST10125,2026-05-05 07:02:00,topup,57415,credit_card,Web_Portal,DEV44f7f01a,Makassar,0
TXN0002365,CUST10395,2026-05-05 07:04:00,topup,33576,e-wallet_ovo,Web_Portal,DEV19e79a3d,Bandung,0
TXN0001820,CUST10312,2026-05-05 07:12:00,topup,19642,e-wallet_ovo,MyApp,DEVf480ada5,Medan,0
TXN0003632,CUST10597,2026-05-05 07:17:00,topup,5000,e-wallet_ovo,USSD,DEV95309450,Yogyakarta,0
TXN0006938,CUST11120,2026-05-05 07:22:00,topup,34020,virtual_account,Web_Portal,DEVddef6430,Makassar,0
TXN0003348,CUST10552,2026-05-05 07:31:00,topup,7520,bank_transfer,USSD,DEV3b8ede31,Semarang,0
TXN0000656,CUST10110,2026-05-05 07:37:00,topup,35233,e-wallet_dana,USSD,DEV85c53910,Jakarta,0
TXN0006188,CUST10994,2026-05-05 07:50:00,topup,30053,bank_transfer,Retail_Outlet,DEV0ce06819,Balikpapan,0
TXN0006786,CUST11094,2026-05-05 07:51:00,topup,5000,credit_card,Web_Portal,DEV2280229d,Surabaya,0
TXN0003593,CUST10590,2026-05-05 07:58:00,topup,5000,e-wallet_gopay,Retail_Outlet,DEV1afd943c,Makassar,0
TXN0003856,CUST10631,2026-05-05 08:04:00,topup,12100,e-wallet_gopay,Web_Portal,DEV3ef433df,Malang,0
TXN0001803,CUST10308,2026-05-05 08:10:00,topup,10830,retail_counter,MyApp,DEV6906d118,Makassar,0
TXN0003543,CUST10583,2026-05-05 08:25:00,topup,44545,e-wallet_dana,Partner_Bank,DEVce3ce7ce,Balikpapan,0
TXN0005747,CUST10926,2026-05-05 09:20:00,topup,12717,e-wallet_gopay,Retail_Outlet,DEV2f4d7d4a,Denpasar,0
TXN0004284,CUST10694,2026-05-05 09:25:00,topup,65869,e-wallet_ovo,Web_Portal,DEV898f3586,Palembang,0
TXN0005216,CUST10843,2026-05-05 10:27:00,topup,18641,e-wallet_ovo,Retail_Outlet,DEV58c714f2,Yogyakarta,0
TXN0002252,CUST10379,2026-05-05 10:41:00,topup,36242,virtual_account,MyApp,DEV14c62aba,Semarang,0
TXN0003063,CUST10508,2026-05-05 10:42:00,topup,6319,credit_card,MyApp,DEVf9f15e65,Medan,0
TXN0004373,CUST10710,2026-05-05 10:43:00,topup,33501,credit_card,Web_Portal,DEV2dc58521,Malang,0
TXN0000469,CUST10077,2026-05-05 10:44:00,topup,36649,virtual_account,MyApp,DEVde6cf36b,Semarang,0
TXN0000781,CUST10130,2026-05-05 10:57:00,topup,25845,e-wallet_ovo,Partner_Bank,DEV9cc05b67,Pekanbaru,0
TXN0007046,CUST11137,2026-05-05 11:11:00,topup,5000,e-wallet_dana,Web_Portal,DEV430679d8,Balikpapan,0
TXN0004864,CUST10790,2026-05-05 11:19:00,topup,31979,bank_transfer,Partner_Bank,DEV49adb07b,Malang,0
TXN0004941,CUST10803,2026-05-05 11:25:00,topup,45562,credit_card,Retail_Outlet,DEVe156df17,Bandung,0
TXN0000653,CUST10108,2026-05-05 11:38:00,topup,57973,credit_card,Web_Portal,DEV9929afeb,Semarang,0
TXN0004404,CUST10713,2026-05-05 12:12:00,topup,30390,e-wallet_ovo,USSD,DEV9e1823a2,Medan,0
TXN0001974,CUST10335,2026-05-05 12:20:00,topup,20199,virtual_account,Partner_Bank,DEV9a7fde23,Makassar,0
TXN0002481,CUST10413,2026-05-05 12:30:00,topup,22776,credit_card,Web_Portal,DEV1874ed7d,Yogyakarta,0
TXN0004449,CUST10721,2026-05-05 12:38:00,topup,42640,e-wallet_gopay,Web_Portal,DEV77391bee,Surabaya,0
TXN0003565,CUST10586,2026-05-05 12:48:00,topup,13252,bank_transfer,Partner_Bank,DEV63b1a52e,Yogyakarta,0
TXN0007362,CUST11189,2026-05-05 13:17:00,topup,33690,e-wallet_gopay,MyApp,DEVf09d07f1,Palembang,0
TXN0000144,CUST10024,2026-05-05 13:39:00,topup,31658,virtual_account,MyApp,DEV42d943ee,Surabaya,0
TXN0001374,CUST10234,2026-05-05 13:39:00,topup,5000,e-wallet_dana,Partner_Bank,DEVfabb6609,Semarang,0
TXN0005575,CUST10896,2026-05-05 14:38:00,topup,23053,e-wallet_dana,MyApp,DEVc6642ca9,Balikpapan,0
TXN0006912,CUST11116,2026-05-05 14:49:00,topup,21522,bank_transfer,Partner_Bank,DEV520c31d3,Surabaya,0
TXN0004575,CUST10741,2026-05-05 14:56:00,topup,5000,credit_card,USSD,DEV87d2e18f,Bandung,0
TXN0006187,CUST10994,2026-05-05 15:00:00,topup,61976,e-wallet_gopay,MyApp,DEVa45ee904,Balikpapan,0
TXN0005257,CUST10848,2026-05-05 15:02:00,topup,20081,e-wallet_ovo,USSD,DEV73dd8d31,Palembang,0
TXN0005509,CUST10887,2026-05-05 15:16:00,topup,36135,e-wallet_ovo,USSD,DEVb67ffa23,Balikpapan,0
TXN0003332,CUST10549,2026-05-05 15:47:00,topup,26311,bank_transfer,MyApp,DEV5199839c,Yogyakarta,0
TXN0002382,CUST10398,2026-05-05 15:59:00,topup,30349,credit_card,Retail_Outlet,DEV205f9619,Makassar,0
TXN0003246,CUST10536,2026-05-05 16:39:00,topup,5000,bank_transfer,USSD,DEVd655005d,Palembang,0
TXN0001478,CUST10251,2026-05-05 16:48:00,topup,22068,e-wallet_dana,MyApp,DEV9c03d65c,Makassar,0
TXN0005355,CUST10863,2026-05-05 16:58:00,topup,5000,e-wallet_gopay,Retail_Outlet,DEV576b67e3,Malang,0
TXN0007583,CUST11197,2026-05-05 17:00:00,promo_bundle_redeem,0,promo_credit,MyApp,DEVfb6e5531,Surabaya,1
TXN0000474,CUST10078,2026-05-05 17:08:00,topup,39937,e-wallet_ovo,Partner_Bank,DEVb993ff63,Denpasar,0
TXN0004646,CUST10756,2026-05-05 17:14:00,topup,23836,e-wallet_gopay,USSD,DEVbe901a64,Bandung,0
TXN0006945,CUST11121,2026-05-05 17:21:00,topup,15588,credit_card,Retail_Outlet,DEV61208478,Makassar,0
TXN0005691,CUST10918,2026-05-05 17:23:00,topup,8884,virtual_account,MyApp,DEVbaaa58f6,Yogyakarta,0
TXN0007249,CUST11172,2026-05-05 18:08:00,topup,25575,credit_card,Web_Portal,DEVfed46e35,Makassar,0
TXN0006837,CUST11103,2026-05-05 18:10:00,topup,7210,e-wallet_dana,Retail_Outlet,DEVda0eb3c3,Balikpapan,0
TXN0002215,CUST10372,2026-05-05 18:12:00,topup,47783,credit_card,Partner_Bank,DEV8d9957fa,Semarang,0
TXN0000672,CUST10112,2026-05-05 18:34:00,topup,12710,credit_card,Partner_Bank,DEV8222cd7f,Semarang,0
TXN0004875,CUST10791,2026-05-05 18:35:00,topup,6791,bank_transfer,USSD,DEV8bab4c1b,Malang,0
TXN0004725,CUST10768,2026-05-05 18:55:00,topup,23740,bank_transfer,MyApp,DEV2223ab94,Malang,0
TXN0000523,CUST10086,2026-05-05 19:07:00,topup,5000,bank_transfer,Web_Portal,DEV50ffde64,Pekanbaru,0
TXN0006442,CUST11035,2026-05-05 19:17:00,topup,29998,credit_card,Retail_Outlet,DEV61e5cdd9,Malang,0
TXN0001130,CUST10186,2026-05-05 19:39:00,topup,8587,e-wallet_ovo,Web_Portal,DEV1f3cea1d,Palembang,0
TXN0002947,CUST10491,2026-05-05 19:43:00,topup,42216,credit_card,Web_Portal,DEVaed690cc,Malang,0
TXN0005467,CUST10880,2026-05-05 19:44:00,topup,33848,e-wallet_ovo,USSD,DEV6c5b07b6,Pekanbaru,0
TXN0005954,CUST10956,2026-05-05 19:57:00,topup,16499,retail_counter,Partner_Bank,DEV139c4fd6,Yogyakarta,0
TXN0007033,CUST11135,2026-05-05 19:59:00,topup,25428,bank_transfer,MyApp,DEV9313ea0f,Medan,0
TXN0000738,CUST10123,2026-05-05 20:08:00,topup,43912,credit_card,Web_Portal,DEV20d4ba18,Balikpapan,0
TXN0004390,CUST10712,2026-05-05 20:25:00,topup,15434,credit_card,Web_Portal,DEVd59dcbfa,Pekanbaru,0
TXN0002547,CUST10425,2026-05-05 20:38:00,topup,5000,virtual_account,MyApp,DEV82d29bf8,Balikpapan,0
TXN0006782,CUST11093,2026-05-05 20:46:00,topup,24781,e-wallet_ovo,Web_Portal,DEVb04dee79,Malang,0
TXN0000810,CUST10134,2026-05-05 21:02:00,topup,34852,retail_counter,Partner_Bank,DEV6f5aad52,Denpasar,0
TXN0004023,CUST10655,2026-05-05 21:26:00,topup,22288,e-wallet_gopay,Partner_Bank,DEVeee5b33e,Semarang,0
TXN0004738,CUST10770,2026-05-05 21:33:00,topup,5000,retail_counter,USSD,DEVfd55c844,Makassar,0
TXN0002439,CUST10407,2026-05-05 21:50:00,topup,55251,e-wallet_dana,USSD,DEVb0c5d3d5,Pekanbaru,0
TXN0005031,CUST10816,2026-05-05 22:02:00,topup,36212,credit_card,USSD,DEVbeb64fd8,Denpasar,0
TXN0005537,CUST10890,2026-05-05 22:16:00,topup,34379,credit_card,USSD,DEV24da0109,Makassar,0
TXN0004996,CUST10810,2026-05-05 22:26:00,topup,38918,credit_card,Web_Portal,DEV17722cf0,Malang,0
TXN0001557,CUST10267,2026-05-05 22:27:00,topup,35210,e-wallet_dana,Web_Portal,DEVc96d525e,Surabaya,0
TXN0006262,CUST11006,2026-05-05 22:44:00,topup,22180,e-wallet_gopay,USSD,DEVdf9a7704,Bandung,0
TXN0002260,CUST10380,2026-05-05 22:46:00,topup,30950,e-wallet_ovo,USSD,DEV5ed7d1a6,Medan,0
TXN0006642,CUST11071,2026-05-06 06:10:00,topup,10124,e-wallet_ovo,Web_Portal,DEV4169de84,Yogyakarta,0
TXN0004577,CUST10742,2026-05-06 06:51:00,topup,27018,retail_counter,Web_Portal,DEVb195fa9f,Surabaya,0
TXN0005905,CUST10946,2026-05-06 06:53:00,topup,13306,e-wallet_ovo,Web_Portal,DEV8868b644,Bandung,0
TXN0002417,CUST10403,2026-05-06 07:02:00,topup,25623,e-wallet_dana,USSD,DEVdae13a7f,Balikpapan,0
TXN0000880,CUST10145,2026-05-06 07:25:00,topup,19684,e-wallet_dana,Web_Portal,DEV0a1bebd3,Denpasar,0
TXN0007087,CUST11147,2026-05-06 07:57:00,topup,32431,retail_counter,Partner_Bank,DEVe47472d0,Malang,0
TXN0001497,CUST10255,2026-05-06 08:01:00,topup,5000,e-wallet_gopay,Web_Portal,DEVe9ebd446,Jakarta,0
TXN0005629,CUST10906,2026-05-06 08:03:00,topup,16128,credit_card,Retail_Outlet,DEV640b1814,Semarang,0
TXN0004719,CUST10767,2026-05-06 08:22:00,topup,18453,e-wallet_gopay,Web_Portal,DEV7a0430c4,Yogyakarta,0
TXN0000098,CUST10015,2026-05-06 08:22:00,topup,5000,virtual_account,MyApp,DEVcf767343,Balikpapan,0
TXN0000594,CUST10098,2026-05-06 08:31:00,topup,31437,e-wallet_ovo,Web_Portal,DEV8494205c,Malang,0
TXN0003295,CUST10544,2026-05-06 08:43:00,topup,43811,e-wallet_gopay,Retail_Outlet,DEVfc1bb61a,Balikpapan,0
TXN0005327,CUST10859,2026-05-06 08:47:00,topup,16189,e-wallet_dana,Partner_Bank,DEV7afac8ce,Denpasar,0
TXN0004827,CUST10784,2026-05-06 09:31:00,topup,6416,credit_card,MyApp,DEV029e435d,Surabaya,0
TXN0005190,CUST10839,2026-05-06 09:34:00,topup,30197,retail_counter,MyApp,DEV79fc3831,Jakarta,0
TXN0001084,CUST10177,2026-05-06 09:52:00,topup,28301,e-wallet_ovo,MyApp,DEV802b1bf4,Denpasar,0
TXN0003946,CUST10644,2026-05-06 09:54:00,topup,38112,e-wallet_gopay,Web_Portal,DEV696f9074,Yogyakarta,0
TXN0007548,CUST11049,2026-05-06 10:00:00,promo_bundle_redeem,0,promo_credit,MyApp,DEV7c115895,Surabaya,1
TXN0007163,CUST11158,2026-05-06 10:51:00,topup,18880,virtual_account,USSD,DEV589a8b9d,Pekanbaru,0
TXN0007570,CUST10910,2026-05-06 11:00:00,promo_bundle_redeem,0,promo_credit,MyApp,DEV1feb1cf5,Pekanbaru,1
TXN0001808,CUST10309,2026-05-06 11:04:00,topup,42380,e-wallet_gopay,Web_Portal,DEV3d0d3ffd,Bandung,0
TXN0003448,CUST10569,2026-05-06 11:07:00,topup,16750,e-wallet_dana,USSD,DEV6d8c5504,Pekanbaru,0
TXN0006593,CUST11062,2026-05-06 11:24:00,topup,7936,virtual_account,MyApp,DEV350c559f,Balikpapan,0
TXN0006231,CUST11001,2026-05-06 11:40:00,topup,18974,credit_card,MyApp,DEV76949bb0,Surabaya,0
TXN0003185,CUST10525,2026-05-06 11:44:00,topup,5000,e-wallet_ovo,USSD,DEV1bef39f1,Surabaya,0
TXN0000441,CUST10072,2026-05-06 11:49:00,topup,6143,credit_card,Retail_Outlet,DEV35afbb2d,Balikpapan,0
TXN0002363,CUST10395,2026-05-06 11:51:00,topup,8617,e-wallet_gopay,USSD,DEV3ef7839f,Bandung,0
TXN0007023,CUST11134,2026-05-06 12:05:00,topup,22621,bank_transfer,Retail_Outlet,DEVb506aa35,Balikpapan,0
TXN0002462,CUST10410,2026-05-06 12:07:00,topup,25652,e-wallet_ovo,MyApp,DEV34dbda6b,Jakarta,0
TXN0003308,CUST10546,2026-05-06 12:19:00,topup,16213,virtual_account,Partner_Bank,DEVa197339c,Yogyakarta,0
TXN0005444,CUST10877,2026-05-06 12:26:00,topup,16040,retail_counter,Web_Portal,DEV0599e1f2,Denpasar,0
TXN0007117,CUST11151,2026-05-06 13:30:00,topup,32680,e-wallet_dana,Partner_Bank,DEVff2d10f4,Bandung,0
TXN0003837,CUST10628,2026-05-06 13:51:00,topup,23850,credit_card,Web_Portal,DEVf2a83faa,Jakarta,0
TXN0006045,CUST10971,2026-05-06 16:23:00,topup,5000,e-wallet_dana,MyApp,DEV06cd3e3b,Balikpapan,0
TXN0005657,CUST10911,2026-05-06 16:44:00,topup,7389,bank_transfer,Web_Portal,DEVf6d20b48,Denpasar,0
TXN0005828,CUST10936,2026-05-06 16:53:00,topup,5000,virtual_account,Web_Portal,DEVb8a35c0c,Semarang,0
TXN0002433,CUST10406,2026-05-06 17:11:00,topup,9249,retail_counter,Web_Portal,DEV07b4e684,Yogyakarta,0
TXN0005758,CUST10927,2026-05-06 17:37:00,topup,5000,e-wallet_dana,MyApp,DEVdecc0209,Medan,0
TXN0006074,CUST10975,2026-05-06 17:53:00,topup,66266,e-wallet_dana,Retail_Outlet,DEV0570ea72,Denpasar,0
TXN0002953,CUST10492,2026-05-06 18:03:00,topup,5000,e-wallet_gopay,Partner_Bank,DEV1b3ac54c,Semarang,0
TXN0002369,CUST10396,2026-05-06 18:07:00,topup,5000,e-wallet_dana,Retail_Outlet,DEV5ea0c503,Bandung,0
TXN0005268,CUST10849,2026-05-06 18:16:00,topup,8132,virtual_account,Partner_Bank,DEV6c362d23,Palembang,0
TXN0005057,CUST10820,2026-05-06 18:24:00,topup,5000,e-wallet_gopay,Partner_Bank,DEV37663e35,Jakarta,0
TXN0001992,CUST10337,2026-05-06 18:26:00,topup,5000,e-wallet_ovo,USSD,DEV836f224b,Yogyakarta,0
TXN0003177,CUST10524,2026-05-06 18:27:00,topup,5000,e-wallet_gopay,Retail_Outlet,DEV0e9b65bb,Malang,0
TXN0000430,CUST10071,2026-05-06 18:49:00,topup,15326,e-wallet_gopay,Partner_Bank,DEVa8535961,Palembang,0
TXN0003932,CUST10641,2026-05-06 18:57:00,topup,5000,e-wallet_gopay,MyApp,DEVfe3f5662,Malang,0
TXN0004259,CUST10690,2026-05-06 18:58:00,topup,52562,retail_counter,Web_Portal,DEV80dc4873,Balikpapan,0
TXN0007114,CUST11151,2026-05-06 19:03:00,topup,11872,e-wallet_ovo,Retail_Outlet,DEV4f39a47f,Bandung,0
TXN0003643,CUST10598,2026-05-06 19:15:00,topup,8974,e-wallet_gopay,Web_Portal,DEV121d87ac,Bandung,0
TXN0001879,CUST10321,2026-05-06 19:51:00,topup,14978,e-wallet_gopay,Web_Portal,DEV4823debe,Pekanbaru,0
TXN0004614,CUST10750,2026-05-06 20:10:00,topup,12107,retail_counter,Web_Portal,DEVa07c68c2,Surabaya,0
TXN0001891,CUST10322,2026-05-06 20:11:00,topup,18235,e-wallet_ovo,Partner_Bank,DEV869d4cb7,Makassar,0
TXN0004103,CUST10667,2026-05-06 20:19:00,topup,32368,bank_transfer,MyApp,DEV97f483d6,Surabaya,0
TXN0002282,CUST10384,2026-05-06 20:28:00,topup,32078,retail_counter,Retail_Outlet,DEVe212f7e1,Jakarta,0
TXN0006937,CUST11120,2026-05-06 20:30:00,topup,44682,bank_transfer,MyApp,DEV35c87983,Makassar,0
TXN0000778,CUST10130,2026-05-06 20:43:00,topup,5000,e-wallet_ovo,Retail_Outlet,DEV76b874d3,Pekanbaru,0
TXN0003180,CUST10524,2026-05-06 20:46:00,topup,30052,retail_counter,Web_Portal,DEV6035d9af,Malang,0
TXN0004704,CUST10765,2026-05-06 20:58:00,topup,12720,e-wallet_dana,Retail_Outlet,DEVb1757e7d,Bandung,0
TXN0003420,CUST10565,2026-05-06 21:05:00,topup,39956,e-wallet_dana,Web_Portal,DEV5a19d7ab,Bandung,0
TXN0007036,CUST11135,2026-05-06 21:05:00,topup,16409,e-wallet_gopay,Partner_Bank,DEV57988711,Medan,0
TXN0007280,CUST11176,2026-05-06 21:09:00,topup,5000,virtual_account,Partner_Bank,DEV95a5de44,Makassar,0
TXN0004283,CUST10693,2026-05-06 22:27:00,topup,16629,credit_card,Web_Portal,DEVf5239f95,Palembang,0
TXN0004176,CUST10679,2026-05-06 22:42:00,topup,28016,e-wallet_dana,Web_Portal,DEVaccc8e70,Yogyakarta,0
TXN0001414,CUST10242,2026-05-06 22:49:00,topup,5000,retail_counter,Retail_Outlet,DEV85eb2b3f,Palembang,0
TXN0006617,CUST11067,2026-05-06 22:59:00,topup,18462,e-wallet_ovo,MyApp,DEV8fae987e,Balikpapan,0
TXN0007429,CUST11199,2026-05-07 06:02:00,topup,33341,e-wallet_ovo,MyApp,DEV935b67b4,Makassar,0
TXN0003252,CUST10537,2026-05-07 06:11:00,topup,49739,virtual_account,USSD,DEVda095b0c,Malang,0
TXN0004439,CUST10719,2026-05-07 06:12:00,topup,37805,retail_counter,Partner_Bank,DEVdf823a94,Semarang,0
TXN0007011,CUST11131,2026-05-07 06:16:00,topup,10886,e-wallet_gopay,MyApp,DEV1e26bc3d,Pekanbaru,0
TXN0006230,CUST11001,2026-05-07 06:20:00,topup,16317,e-wallet_ovo,USSD,DEV1bb868d5,Surabaya,0
TXN0003587,CUST10589,2026-05-07 06:38:00,topup,19298,e-wallet_gopay,Web_Portal,DEV114c440d,Bandung,0
TXN0002354,CUST10394,2026-05-07 06:47:00,topup,58209,e-wallet_ovo,Partner_Bank,DEV667ae277,Palembang,0
TXN0000564,CUST10093,2026-05-07 06:50:00,topup,61703,retail_counter,Web_Portal,DEVa40dfea5,Pekanbaru,0
TXN0000808,CUST10134,2026-05-07 06:51:00,topup,26888,bank_transfer,Partner_Bank,DEV9740b212,Denpasar,0
TXN0004847,CUST10788,2026-05-07 07:02:00,topup,33191,retail_counter,USSD,DEV63582706,Bandung,0
TXN0002702,CUST10450,2026-05-07 07:17:00,topup,5000,e-wallet_ovo,MyApp,DEVa7674726,Denpasar,0
TXN0004053,CUST10659,2026-05-07 07:18:00,topup,34383,e-wallet_ovo,USSD,DEV316482fe,Yogyakarta,0
TXN0006490,CUST11042,2026-05-07 07:20:00,topup,33829,credit_card,Partner_Bank,DEVcf92bd95,Balikpapan,0
TXN0003709,CUST10611,2026-05-07 07:23:00,topup,24081,bank_transfer,Web_Portal,DEVeeb687c3,Pekanbaru,0
TXN0005819,CUST10936,2026-05-07 07:27:00,topup,33156,retail_counter,Retail_Outlet,DEV590c3cdc,Semarang,0
TXN0000470,CUST10078,2026-05-07 08:02:00,topup,34108,virtual_account,Retail_Outlet,DEV716ca1f2,Denpasar,0
TXN0004730,CUST10769,2026-05-07 08:03:00,topup,31619,e-wallet_gopay,MyApp,DEVc42c40ce,Makassar,0
TXN0005794,CUST10932,2026-05-07 08:33:00,topup,20269,credit_card,Retail_Outlet,DEV3b195b02,Semarang,0
TXN0006965,CUST11124,2026-05-07 08:37:00,topup,20043,e-wallet_gopay,Web_Portal,DEVc068a64c,Denpasar,0
TXN0001638,CUST10281,2026-05-07 08:49:00,topup,5000,e-wallet_gopay,MyApp,DEV7606fa34,Yogyakarta,0
TXN0005980,CUST10961,2026-05-07 08:52:00,topup,34261,e-wallet_ovo,Retail_Outlet,DEV8750be7b,Surabaya,0
TXN0005790,CUST10932,2026-05-07 09:45:00,topup,37631,retail_counter,MyApp,DEVbf2d57e1,Semarang,0
TXN0000046,CUST10006,2026-05-07 10:04:00,topup,13404,bank_transfer,Partner_Bank,DEVf7e9101d,Makassar,0
TXN0006332,CUST11016,2026-05-07 10:08:00,topup,5000,e-wallet_dana,USSD,DEVe9f8e115,Semarang,0
TXN0002561,CUST10427,2026-05-07 10:35:00,topup,54718,e-wallet_gopay,USSD,DEVd00dcc4f,Surabaya,0
TXN0005504,CUST10886,2026-05-07 11:05:00,topup,34913,virtual_account,MyApp,DEV97266a28,Semarang,0
TXN0007211,CUST11165,2026-05-07 11:07:00,topup,5000,virtual_account,Web_Portal,DEVbca88911,Balikpapan,0
TXN0002512,CUST10419,2026-05-07 11:15:00,topup,31174,credit_card,USSD,DEVa99c37b3,Pekanbaru,0
TXN0003092,CUST10512,2026-05-07 11:18:00,topup,40269,e-wallet_ovo,Partner_Bank,DEV1b2375d0,Palembang,0
TXN0005050,CUST10819,2026-05-07 11:24:00,topup,7409,e-wallet_ovo,Retail_Outlet,DEV9b58e20a,Yogyakarta,0
TXN0001851,CUST10317,2026-05-07 11:38:00,topup,10721,e-wallet_gopay,MyApp,DEVf5f3943a,Yogyakarta,0
TXN0001413,CUST10242,2026-05-07 11:41:00,topup,5000,e-wallet_dana,Web_Portal,DEV36308a60,Palembang,0
TXN0002195,CUST10369,2026-05-07 12:09:00,topup,43372,virtual_account,Web_Portal,DEV15ab7cd2,Surabaya,0
TXN0000904,CUST10148,2026-05-07 12:19:00,topup,13748,virtual_account,MyApp,DEV9fbc879e,Yogyakarta,0
TXN0001798,CUST10307,2026-05-07 12:39:00,topup,42107,e-wallet_ovo,USSD,DEVe8266484,Jakarta,0
TXN0006960,CUST11124,2026-05-07 12:44:00,topup,37989,e-wallet_dana,MyApp,DEV509ac91f,Denpasar,0
TXN0002170,CUST10364,2026-05-07 13:13:00,topup,29376,credit_card,USSD,DEV0b704f97,Denpasar,0
TXN0004813,CUST10781,2026-05-07 13:30:00,topup,18667,retail_counter,Web_Portal,DEV9ceeaf74,Palembang,0
TXN0001146,CUST10188,2026-05-07 13:36:00,topup,27020,e-wallet_dana,Web_Portal,DEVcbf6aa23,Jakarta,0
TXN0002774,CUST10463,2026-05-07 13:51:00,topup,17501,e-wallet_ovo,MyApp,DEVfffcff63,Semarang,0
TXN0007413,CUST11197,2026-05-07 14:03:00,topup,21546,virtual_account,Retail_Outlet,DEV094f5166,Surabaya,0
TXN0003353,CUST10552,2026-05-07 14:15:00,topup,46033,credit_card,MyApp,DEV92ee4820,Semarang,0
TXN0000990,CUST10163,2026-05-07 14:19:00,topup,5000,credit_card,MyApp,DEV15f7ef61,Surabaya,0
TXN0006319,CUST11014,2026-05-07 14:29:00,topup,21397,e-wallet_ovo,Retail_Outlet,DEV323415b1,Makassar,0
TXN0002701,CUST10450,2026-05-07 14:40:00,topup,8428,e-wallet_gopay,MyApp,DEVbe332380,Denpasar,0
TXN0000172,CUST10028,2026-05-07 14:51:00,topup,40821,e-wallet_ovo,Partner_Bank,DEVb24beb96,Surabaya,0
TXN0005676,CUST10915,2026-05-07 15:17:00,topup,15313,e-wallet_ovo,Web_Portal,DEVde590698,Malang,0
TXN0003720,CUST10612,2026-05-07 15:19:00,topup,5000,e-wallet_ovo,MyApp,DEV44cca057,Pekanbaru,0
TXN0004132,CUST10670,2026-05-07 15:29:00,topup,5000,virtual_account,Retail_Outlet,DEVeabd37da,Pekanbaru,0
TXN0007584,CUST11197,2026-05-07 16:00:00,promo_bundle_redeem,0,promo_credit,MyApp,DEV244226d7,Surabaya,1
TXN0000122,CUST10020,2026-05-07 16:11:00,topup,18266,credit_card,MyApp,DEV92a54d04,Surabaya,0
TXN0003100,CUST10513,2026-05-07 16:13:00,topup,10963,e-wallet_dana,Partner_Bank,DEV785e02ee,Balikpapan,0
TXN0004335,CUST10703,2026-05-07 16:28:00,topup,5000,bank_transfer,MyApp,DEV08683cbf,Palembang,0
TXN0004016,CUST10654,2026-05-07 16:31:00,topup,11517,credit_card,Partner_Bank,DEV1ec80917,Medan,0
TXN0004826,CUST10783,2026-05-07 17:07:00,topup,19408,credit_card,USSD,DEVe9ea9d49,Balikpapan,0
TXN0006859,CUST11108,2026-05-07 17:33:00,topup,33524,e-wallet_ovo,MyApp,DEV59b0d399,Medan,0
TXN0006597,CUST11063,2026-05-07 17:43:00,topup,10226,credit_card,Partner_Bank,DEV7d2e11bd,Bandung,0
TXN0006488,CUST11042,2026-05-07 17:47:00,topup,12101,e-wallet_gopay,Web_Portal,DEV09a3e57e,Balikpapan,0
TXN0001603,CUST10277,2026-05-07 18:07:00,topup,25521,e-wallet_gopay,MyApp,DEV584cb0f7,Malang,0
TXN0000567,CUST10093,2026-05-07 18:08:00,topup,34966,e-wallet_gopay,Partner_Bank,DEV7202fae5,Pekanbaru,0
TXN0000373,CUST10061,2026-05-07 18:10:00,topup,32806,e-wallet_gopay,Web_Portal,DEV7bab1baa,Surabaya,0
TXN0001325,CUST10222,2026-05-07 18:17:00,topup,18251,e-wallet_gopay,Partner_Bank,DEV987593c3,Surabaya,0
TXN0005522,CUST10889,2026-05-07 18:23:00,topup,30042,retail_counter,Web_Portal,DEV19eef9d6,Semarang,0
TXN0004322,CUST10701,2026-05-07 18:27:00,topup,27018,retail_counter,Retail_Outlet,DEV60c336eb,Surabaya,0
TXN0007340,CUST11186,2026-05-07 18:49:00,topup,36936,e-wallet_ovo,USSD,DEVb4d70339,Pekanbaru,0
TXN0002463,CUST10410,2026-05-07 18:50:00,topup,42766,e-wallet_ovo,Partner_Bank,DEV4f4c3f0b,Jakarta,0
TXN0006757,CUST11089,2026-05-07 19:16:00,topup,17027,e-wallet_dana,USSD,DEV7edf1d61,Semarang,0
TXN0007385,CUST11193,2026-05-07 19:28:00,topup,17140,e-wallet_gopay,Partner_Bank,DEV7ee50afd,Denpasar,0
TXN0001140,CUST10187,2026-05-07 19:42:00,topup,20018,bank_transfer,USSD,DEVed56c714,Balikpapan,0
TXN0004803,CUST10779,2026-05-07 19:45:00,topup,32743,e-wallet_dana,MyApp,DEVf77e1ee6,Palembang,0
TXN0003654,CUST10600,2026-05-07 19:46:00,topup,35678,e-wallet_gopay,MyApp,DEVaf001605,Jakarta,0
TXN0001005,CUST10165,2026-05-07 20:11:00,topup,13060,e-wallet_dana,MyApp,DEVf1f71605,Semarang,0
TXN0004547,CUST10736,2026-05-07 20:25:00,topup,22214,virtual_account,Web_Portal,DEVd5db677f,Yogyakarta,0
TXN0003009,CUST10499,2026-05-07 20:39:00,topup,10979,retail_counter,MyApp,DEV653d171f,Pekanbaru,0
TXN0005602,CUST10901,2026-05-07 21:19:00,topup,33095,bank_transfer,Partner_Bank,DEV7d883d25,Surabaya,0
TXN0001275,CUST10211,2026-05-07 21:32:00,topup,38679,retail_counter,MyApp,DEV5c3bd3b5,Surabaya,0
TXN0002560,CUST10427,2026-05-07 21:35:00,topup,20142,bank_transfer,Web_Portal,DEVcab21438,Surabaya,0
TXN0002520,CUST10420,2026-05-07 21:46:00,topup,16666,virtual_account,MyApp,DEVae11d3c2,Jakarta,0
TXN0006339,CUST11017,2026-05-07 22:19:00,topup,11163,bank_transfer,MyApp,DEV8f57cd9e,Denpasar,0
TXN0002639,CUST10440,2026-05-07 22:23:00,topup,28477,bank_transfer,USSD,DEVbffa7a4f,Pekanbaru,0
TXN0005426,CUST10874,2026-05-07 22:31:00,topup,32057,retail_counter,USSD,DEV71b2b47a,Palembang,0
TXN0001643,CUST10282,2026-05-07 22:55:00,topup,5000,virtual_account,Partner_Bank,DEV13aae9c8,Semarang,0
TXN0006463,CUST11038,2026-05-08 06:20:00,topup,20517,credit_card,MyApp,DEV51f8deb6,Malang,0
TXN0002022,CUST10340,2026-05-08 06:21:00,topup,5000,retail_counter,USSD,DEV160a3a13,Denpasar,0
TXN0003085,CUST10511,2026-05-08 06:24:00,topup,31634,bank_transfer,USSD,DEVd5d318cf,Semarang,0
TXN0002920,CUST10487,2026-05-08 06:47:00,topup,11594,e-wallet_dana,Retail_Outlet,DEV9e1be56d,Jakarta,0
TXN0000339,CUST10055,2026-05-08 06:49:00,topup,28852,retail_counter,Retail_Outlet,DEVf91e5fcd,Semarang,0
TXN0005239,CUST10846,2026-05-08 06:52:00,topup,26909,virtual_account,Retail_Outlet,DEV1dee8ebf,Jakarta,0
TXN0005370,CUST10865,2026-05-08 07:30:00,topup,34803,credit_card,Partner_Bank,DEVf8eb51b8,Palembang,0
TXN0003693,CUST10607,2026-05-08 07:32:00,topup,20818,credit_card,MyApp,DEVf710900b,Semarang,0
TXN0002504,CUST10417,2026-05-08 08:07:00,topup,20849,e-wallet_ovo,Partner_Bank,DEV2d5f60d9,Pekanbaru,0
TXN0006745,CUST11087,2026-05-08 08:07:00,topup,30220,bank_transfer,Retail_Outlet,DEV3f8f9da4,Malang,0
TXN0006244,CUST11003,2026-05-08 08:08:00,topup,12339,virtual_account,USSD,DEV3e372c8d,Palembang,0
TXN0005915,CUST10948,2026-05-08 08:32:00,topup,45158,e-wallet_dana,USSD,DEV3ad0190f,Malang,0
TXN0007139,CUST11155,2026-05-08 09:08:00,topup,22775,e-wallet_gopay,MyApp,DEV96944fa8,Yogyakarta,0
TXN0006294,CUST11010,2026-05-08 09:25:00,topup,11936,e-wallet_dana,Retail_Outlet,DEVef145b36,Yogyakarta,0
TXN0005064,CUST10822,2026-05-08 09:31:00,topup,29572,e-wallet_dana,Web_Portal,DEV90b950bb,Jakarta,0
TXN0001385,CUST10236,2026-05-08 09:53:00,topup,5000,virtual_account,Web_Portal,DEV546fcba3,Jakarta,0
TXN0002411,CUST10402,2026-05-08 10:01:00,topup,24673,bank_transfer,Web_Portal,DEV1e5bc68b,Bandung,0
TXN0003648,CUST10599,2026-05-08 10:03:00,topup,5000,e-wallet_dana,Partner_Bank,DEV39a9a8a9,Pekanbaru,0
TXN0006743,CUST11087,2026-05-08 10:49:00,topup,33668,bank_transfer,MyApp,DEVffab82a0,Malang,0
TXN0004323,CUST10701,2026-05-08 10:53:00,topup,13332,e-wallet_gopay,Web_Portal,DEVa5fc00b5,Surabaya,0
TXN0007549,CUST11049,2026-05-08 11:00:00,promo_bundle_redeem,0,promo_credit,MyApp,DEV20b8d865,Surabaya,1
TXN0001941,CUST10329,2026-05-08 11:01:00,topup,17730,e-wallet_ovo,Partner_Bank,DEV25e6d919,Surabaya,0
TXN0004104,CUST10667,2026-05-08 11:37:00,topup,55424,e-wallet_ovo,Web_Portal,DEVbb1fdb98,Surabaya,0
TXN0000445,CUST10073,2026-05-08 11:40:00,topup,7139,e-wallet_ovo,USSD,DEV8ae0b8a0,Semarang,0
TXN0000727,CUST10121,2026-05-08 11:48:00,topup,22939,virtual_account,Web_Portal,DEVd61a080a,Surabaya,0
TXN0005883,CUST10943,2026-05-08 11:49:00,topup,41695,retail_counter,Partner_Bank,DEVbccb296d,Malang,0
TXN0001765,CUST10303,2026-05-08 12:13:00,topup,40949,e-wallet_ovo,Web_Portal,DEV2b76a718,Balikpapan,0
TXN0004437,CUST10719,2026-05-08 12:36:00,topup,17162,credit_card,Web_Portal,DEV5f9c041d,Semarang,0
TXN0002445,CUST10408,2026-05-08 12:56:00,topup,33882,credit_card,Web_Portal,DEV641118ec,Balikpapan,0
TXN0000525,CUST10086,2026-05-08 13:01:00,topup,5000,retail_counter,Retail_Outlet,DEVb864a47b,Pekanbaru,0
TXN0002864,CUST10478,2026-05-08 13:10:00,topup,24513,virtual_account,Web_Portal,DEV01ddc628,Denpasar,0
TXN0000280,CUST10046,2026-05-08 13:13:00,topup,23512,e-wallet_ovo,USSD,DEV38e59b27,Medan,0
TXN0007571,CUST10910,2026-05-08 14:00:00,promo_bundle_redeem,0,promo_credit,MyApp,DEV5aae363d,Pekanbaru,1
TXN0003062,CUST10508,2026-05-08 14:10:00,topup,28178,e-wallet_dana,Partner_Bank,DEV725aa10d,Medan,0
TXN0002583,CUST10430,2026-05-08 14:19:00,topup,5000,bank_transfer,Web_Portal,DEV6c35e33c,Denpasar,0
TXN0004113,CUST10668,2026-05-08 14:21:00,topup,28441,retail_counter,Retail_Outlet,DEV2a983090,Denpasar,0
TXN0005412,CUST10871,2026-05-08 14:32:00,topup,5000,e-wallet_dana,Retail_Outlet,DEVc329732b,Surabaya,0
TXN0004760,CUST10772,2026-05-08 14:39:00,topup,17767,e-wallet_ovo,Web_Portal,DEV7f8a1fca,Surabaya,0
TXN0001402,CUST10239,2026-05-08 14:55:00,topup,15293,bank_transfer,Web_Portal,DEV1b552618,Denpasar,0
TXN0000390,CUST10064,2026-05-08 15:16:00,topup,24267,retail_counter,MyApp,DEV54b58635,Denpasar,0
TXN0004232,CUST10686,2026-05-08 15:35:00,topup,5000,e-wallet_gopay,USSD,DEV909cca67,Balikpapan,0
TXN0000332,CUST10055,2026-05-08 15:36:00,topup,62693,e-wallet_ovo,MyApp,DEV19d9d0b5,Semarang,0
TXN0004268,CUST10691,2026-05-08 15:56:00,topup,45578,credit_card,Partner_Bank,DEVb91a7793,Yogyakarta,0
TXN0005695,CUST10918,2026-05-08 16:30:00,topup,5000,credit_card,Retail_Outlet,DEV27d3584c,Yogyakarta,0
TXN0003490,CUST10574,2026-05-08 17:26:00,topup,30108,e-wallet_dana,Web_Portal,DEV29a099de,Denpasar,0
TXN0004412,CUST10715,2026-05-08 17:54:00,topup,18127,credit_card,Retail_Outlet,DEV960b9746,Balikpapan,0
TXN0006580,CUST11060,2026-05-08 18:38:00,topup,49600,e-wallet_gopay,USSD,DEVe7b4638b,Jakarta,0
TXN0002343,CUST10392,2026-05-08 18:54:00,topup,8341,bank_transfer,Retail_Outlet,DEVb11c7dff,Makassar,0
TXN0007586,CUST10683,2026-05-08 19:00:00,promo_bundle_redeem,0,promo_credit,MyApp,DEV1b2b5f8b,Palembang,1
TXN0006492,CUST11042,2026-05-08 19:08:00,topup,36598,virtual_account,Web_Portal,DEVdd16663a,Balikpapan,0
TXN0000495,CUST10081,2026-05-08 19:09:00,topup,51497,credit_card,MyApp,DEV8fb3a134,Surabaya,0
TXN0003974,CUST10648,2026-05-08 19:50:00,topup,32635,retail_counter,Retail_Outlet,DEVff0614bb,Semarang,0
TXN0002126,CUST10359,2026-05-08 20:55:00,topup,39555,credit_card,USSD,DEV6c3912ef,Semarang,0
TXN0005402,CUST10870,2026-05-08 21:19:00,topup,55964,e-wallet_gopay,Retail_Outlet,DEV209ebc46,Jakarta,0
TXN0003585,CUST10589,2026-05-08 21:37:00,topup,5000,virtual_account,Web_Portal,DEV96bf02dd,Bandung,0
TXN0006361,CUST11021,2026-05-08 21:43:00,topup,34883,bank_transfer,Partner_Bank,DEVf35c02fd,Medan,0
TXN0002087,CUST10352,2026-05-08 21:46:00,topup,35276,credit_card,MyApp,DEV7942000a,Yogyakarta,0
TXN0000392,CUST10064,2026-05-08 22:02:00,topup,26683,virtual_account,MyApp,DEV60ee64ba,Denpasar,0
TXN0000045,CUST10006,2026-05-08 22:04:00,topup,12278,virtual_account,Partner_Bank,DEV25f88c74,Makassar,0
TXN0002268,CUST10382,2026-05-08 22:13:00,topup,22333,e-wallet_gopay,Web_Portal,DEVb43c7851,Balikpapan,0
TXN0002096,CUST10355,2026-05-09 06:08:00,topup,33090,e-wallet_dana,Web_Portal,DEVf198f62e,Palembang,0
TXN0006520,CUST11048,2026-05-09 06:31:00,topup,5000,e-wallet_dana,Retail_Outlet,DEVbb5452fd,Jakarta,0
TXN0001540,CUST10264,2026-05-09 06:43:00,topup,15199,e-wallet_ovo,Retail_Outlet,DEV5e3ece60,Pekanbaru,0
TXN0004481,CUST10725,2026-05-09 07:13:00,topup,19541,bank_transfer,Web_Portal,DEVf8205c5f,Yogyakarta,0
TXN0006881,CUST11111,2026-05-09 07:22:00,topup,43066,credit_card,Partner_Bank,DEV2a966a13,Makassar,0
TXN0001357,CUST10230,2026-05-09 07:24:00,topup,44628,e-wallet_ovo,USSD,DEV98197749,Medan,0
TXN0002013,CUST10339,2026-05-09 07:41:00,topup,29128,credit_card,Web_Portal,DEV9de2fd3f,Pekanbaru,0
TXN0003461,CUST10571,2026-05-09 07:58:00,topup,69781,virtual_account,MyApp,DEVa9d52401,Denpasar,0
TXN0003753,CUST10616,2026-05-09 08:00:00,topup,5000,virtual_account,Web_Portal,DEV4b47b715,Palembang,0
TXN0007585,CUST11197,2026-05-09 08:00:00,promo_bundle_redeem,0,promo_credit,MyApp,DEVb64a46f5,Surabaya,1
TXN0007616,CUST10883,2026-05-09 08:00:00,promo_bundle_redeem,0,promo_credit,MyApp,DEV2c9d9b63,Palembang,1
TXN0003469,CUST10572,2026-05-09 08:08:00,topup,5000,e-wallet_dana,Web_Portal,DEV3862abcf,Pekanbaru,0
TXN0006747,CUST11087,2026-05-09 08:53:00,topup,41735,e-wallet_gopay,Retail_Outlet,DEV29ca6e42,Malang,0
TXN0001574,CUST10271,2026-05-09 08:54:00,topup,42331,virtual_account,Partner_Bank,DEVfa5fafdb,Pekanbaru,0
TXN0004944,CUST10804,2026-05-09 08:54:00,topup,64094,virtual_account,MyApp,DEV5cc53673,Yogyakarta,0
TXN0000483,CUST10080,2026-05-09 09:05:00,topup,16656,virtual_account,Web_Portal,DEV98cd2655,Pekanbaru,0
TXN0003349,CUST10552,2026-05-09 09:22:00,topup,39920,e-wallet_ovo,Retail_Outlet,DEV489af195,Semarang,0
TXN0001697,CUST10291,2026-05-09 09:47:00,topup,21135,bank_transfer,Partner_Bank,DEV685707ac,Yogyakarta,0
TXN0003195,CUST10527,2026-05-09 10:00:00,topup,5000,e-wallet_ovo,Retail_Outlet,DEVc632554b,Surabaya,0
TXN0005174,CUST10836,2026-05-09 10:03:00,topup,5000,credit_card,Web_Portal,DEV9dca71ef,Pekanbaru,0
TXN0000644,CUST10107,2026-05-09 10:10:00,topup,19644,virtual_account,MyApp,DEV6e76936a,Balikpapan,0
TXN0000710,CUST10119,2026-05-09 10:19:00,topup,23635,retail_counter,Partner_Bank,DEVae7cfd14,Yogyakarta,0
TXN0003443,CUST10568,2026-05-09 10:21:00,topup,25184,virtual_account,MyApp,DEVbd350d2a,Semarang,0
TXN0002179,CUST10367,2026-05-09 10:40:00,topup,25513,e-wallet_dana,MyApp,DEV6321d753,Balikpapan,0
TXN0005074,CUST10824,2026-05-09 11:10:00,topup,29338,e-wallet_gopay,Partner_Bank,DEVe950419d,Palembang,0
TXN0002427,CUST10404,2026-05-09 11:32:00,topup,5000,bank_transfer,Retail_Outlet,DEV9645dec1,Medan,0
TXN0002021,CUST10340,2026-05-09 11:47:00,topup,25647,virtual_account,USSD,DEVdbb24c33,Denpasar,0
TXN0007250,CUST11172,2026-05-09 11:51:00,topup,46085,virtual_account,MyApp,DEVb8ee0ec6,Makassar,0
TXN0005697,CUST10918,2026-05-09 11:54:00,topup,36318,credit_card,Retail_Outlet,DEV10e436c9,Yogyakarta,0
TXN0007154,CUST11157,2026-05-09 12:27:00,topup,13909,e-wallet_dana,USSD,DEV4705ecba,Yogyakarta,0
TXN0000547,CUST10090,2026-05-09 12:30:00,topup,5000,e-wallet_dana,Partner_Bank,DEV9dec2b83,Surabaya,0
TXN0006824,CUST11100,2026-05-09 12:37:00,topup,5000,virtual_account,MyApp,DEVa1f3a5bc,Malang,0
TXN0003578,CUST10588,2026-05-09 12:40:00,topup,70197,e-wallet_dana,USSD,DEVc8f3332a,Jakarta,0
TXN0001446,CUST10246,2026-05-09 12:45:00,topup,13102,bank_transfer,USSD,DEV24a167fd,Bandung,0
TXN0005477,CUST10882,2026-05-09 12:48:00,topup,35591,e-wallet_dana,MyApp,DEVd034ce89,Makassar,0
TXN0006551,CUST11055,2026-05-09 13:07:00,topup,5000,bank_transfer,Web_Portal,DEVbc6965e7,Balikpapan,0
TXN0006975,CUST11126,2026-05-09 13:11:00,topup,5000,virtual_account,Web_Portal,DEVde14b989,Surabaya,0
TXN0004224,CUST10685,2026-05-09 13:16:00,topup,16522,virtual_account,Partner_Bank,DEV6726f5b4,Surabaya,0
TXN0000164,CUST10027,2026-05-09 13:28:00,topup,10005,e-wallet_ovo,Retail_Outlet,DEV1d91fe39,Jakarta,0
TXN0000326,CUST10054,2026-05-09 13:30:00,topup,36881,virtual_account,Partner_Bank,DEV1bad52a8,Pekanbaru,0
TXN0001824,CUST10312,2026-05-09 13:42:00,topup,39311,virtual_account,MyApp,DEV922b4fb2,Medan,0
TXN0002866,CUST10478,2026-05-09 13:55:00,topup,5000,credit_card,Web_Portal,DEVfe85544c,Denpasar,0
TXN0000542,CUST10090,2026-05-09 13:59:00,topup,20679,bank_transfer,MyApp,DEV8c2aa0b1,Surabaya,0
TXN0003680,CUST10604,2026-05-09 13:59:00,topup,5000,virtual_account,MyApp,DEV51a0bd7c,Balikpapan,0
TXN0002351,CUST10393,2026-05-09 14:42:00,topup,6254,bank_transfer,Web_Portal,DEV36903edb,Malang,0
TXN0006832,CUST11102,2026-05-09 14:45:00,topup,14194,retail_counter,Partner_Bank,DEV4f848c31,Denpasar,0
TXN0003147,CUST10520,2026-05-09 14:55:00,topup,31406,e-wallet_dana,Web_Portal,DEV806a29ad,Malang,0
TXN0002494,CUST10415,2026-05-09 14:56:00,topup,42863,e-wallet_ovo,MyApp,DEV763f56ac,Yogyakarta,0
TXN0004337,CUST10703,2026-05-09 15:05:00,topup,5000,credit_card,Retail_Outlet,DEV457f4a84,Palembang,0
TXN0002984,CUST10496,2026-05-09 15:50:00,topup,40199,bank_transfer,Web_Portal,DEV4bde7d88,Surabaya,0
TXN0005349,CUST10862,2026-05-09 16:02:00,topup,5000,e-wallet_dana,Partner_Bank,DEV1336d4de,Pekanbaru,0
TXN0003072,CUST10509,2026-05-09 16:05:00,topup,9378,credit_card,Partner_Bank,DEV62186d10,Surabaya,0
TXN0005027,CUST10815,2026-05-09 16:13:00,topup,56212,e-wallet_dana,USSD,DEVba266e87,Bandung,0
TXN0003226,CUST10532,2026-05-09 16:20:00,topup,5000,bank_transfer,Web_Portal,DEV09572517,Bandung,0
TXN0005803,CUST10933,2026-05-09 16:39:00,topup,29952,e-wallet_gopay,USSD,DEV5e66d8fa,Bandung,0
TXN0004600,CUST10747,2026-05-09 16:45:00,topup,5000,credit_card,Partner_Bank,DEV23f3e5c5,Palembang,0
TXN0001141,CUST10187,2026-05-09 16:48:00,topup,5000,e-wallet_dana,Retail_Outlet,DEV7f13de67,Balikpapan,0
TXN0000423,CUST10070,2026-05-09 16:54:00,topup,29505,credit_card,Partner_Bank,DEV811317a8,Surabaya,0
TXN0007020,CUST11132,2026-05-09 17:25:00,topup,41497,bank_transfer,USSD,DEV29a7f041,Malang,0
TXN0004643,CUST10755,2026-05-09 17:41:00,topup,5000,retail_counter,Web_Portal,DEV70b3e6df,Balikpapan,0
TXN0005571,CUST10896,2026-05-09 18:05:00,topup,35660,retail_counter,MyApp,DEV69a31ab6,Balikpapan,0
TXN0005888,CUST10944,2026-05-09 18:13:00,topup,42540,credit_card,Retail_Outlet,DEVe988a44d,Pekanbaru,0
TXN0001160,CUST10190,2026-05-09 18:59:00,topup,12937,e-wallet_gopay,USSD,DEV22c0c475,Balikpapan,0
TXN0005272,CUST10850,2026-05-09 19:08:00,topup,5000,credit_card,Web_Portal,DEVc25110f8,Pekanbaru,0
TXN0003785,CUST10620,2026-05-09 19:44:00,topup,5000,e-wallet_ovo,Retail_Outlet,DEVcbbd3732,Surabaya,0
TXN0006058,CUST10974,2026-05-09 20:24:00,topup,7974,e-wallet_gopay,Partner_Bank,DEV9a8b8524,Makassar,0
TXN0002464,CUST10410,2026-05-09 20:25:00,topup,59750,e-wallet_ovo,Retail_Outlet,DEVaa2fd9d1,Jakarta,0
TXN0002428,CUST10404,2026-05-09 20:27:00,topup,5000,virtual_account,MyApp,DEV77ff3c31,Medan,0
TXN0003605,CUST10592,2026-05-09 20:46:00,topup,39084,virtual_account,USSD,DEVbdfdcc7b,Malang,0
TXN0003949,CUST10644,2026-05-09 20:53:00,topup,52277,e-wallet_dana,Partner_Bank,DEVdf15e667,Yogyakarta,0
TXN0006401,CUST11027,2026-05-09 20:53:00,topup,34313,bank_transfer,Retail_Outlet,DEVfdbf4aa4,Pekanbaru,0
TXN0001231,CUST10203,2026-05-09 20:56:00,topup,32021,virtual_account,MyApp,DEV593edc83,Makassar,0
TXN0002800,CUST10467,2026-05-09 20:57:00,topup,12847,credit_card,Retail_Outlet,DEV9b2e18c0,Balikpapan,0
TXN0005217,CUST10843,2026-05-09 21:03:00,topup,28126,credit_card,Retail_Outlet,DEV66db005e,Yogyakarta,0
TXN0005900,CUST10945,2026-05-09 21:11:00,topup,7125,retail_counter,MyApp,DEV8e144e1f,Denpasar,0
TXN0004353,CUST10706,2026-05-09 21:13:00,topup,25552,credit_card,Partner_Bank,DEVca3e7f3a,Jakarta,0
TXN0007126,CUST11154,2026-05-09 21:13:00,topup,54996,retail_counter,Partner_Bank,DEVeb7fb03e,Balikpapan,0
TXN0003254,CUST10538,2026-05-09 21:16:00,topup,19080,bank_transfer,Web_Portal,DEV1d4ff1c8,Pekanbaru,0
TXN0003363,CUST10555,2026-05-09 21:23:00,topup,22604,retail_counter,MyApp,DEV7636ae1c,Yogyakarta,0
TXN0001831,CUST10314,2026-05-09 21:31:00,topup,28778,e-wallet_gopay,Web_Portal,DEVce4ba2bb,Pekanbaru,0
TXN0006413,CUST11030,2026-05-09 22:06:00,topup,40156,e-wallet_gopay,USSD,DEVe61c4368,Medan,0
TXN0004785,CUST10776,2026-05-09 22:18:00,topup,5000,credit_card,Web_Portal,DEVd907ba3f,Surabaya,0
TXN0001964,CUST10332,2026-05-09 22:20:00,topup,26700,virtual_account,MyApp,DEVbe69ad39,Jakarta,0
TXN0004452,CUST10721,2026-05-09 22:27:00,topup,28738,bank_transfer,MyApp,DEV9341dd73,Surabaya,0
TXN0005866,CUST10940,2026-05-09 22:30:00,topup,19273,retail_counter,Partner_Bank,DEV3c98fe89,Jakarta,0
TXN0006011,CUST10966,2026-05-09 22:34:00,topup,49584,e-wallet_ovo,Retail_Outlet,DEV8352aaba,Surabaya,0
TXN0001631,CUST10280,2026-05-09 22:36:00,topup,55722,bank_transfer,Retail_Outlet,DEV9950f11a,Palembang,0
TXN0001723,CUST10295,2026-05-09 22:54:00,topup,20451,e-wallet_dana,Web_Portal,DEV5b29317a,Pekanbaru,0
TXN0006915,CUST11117,2026-05-09 22:58:00,topup,15578,retail_counter,Retail_Outlet,DEV41659d74,Yogyakarta,0
TXN0000764,CUST10128,2026-05-10 06:02:00,topup,18863,virtual_account,MyApp,DEV0c36ad4e,Bandung,0
TXN0003030,CUST10502,2026-05-10 07:15:00,topup,31096,bank_transfer,USSD,DEV8ad8c568,Balikpapan,0
TXN0007572,CUST10910,2026-05-10 08:00:00,promo_bundle_redeem,0,promo_credit,MyApp,DEVd2d93182,Pekanbaru,1
TXN0002519,CUST10420,2026-05-10 08:00:00,topup,45179,e-wallet_ovo,Retail_Outlet,DEV03ba33a0,Jakarta,0
TXN0005884,CUST10943,2026-05-10 08:00:00,topup,54613,virtual_account,Retail_Outlet,DEV32239f5d,Malang,0
TXN0001273,CUST10210,2026-05-10 08:02:00,topup,37811,e-wallet_dana,USSD,DEV2c649adf,Medan,0
TXN0006172,CUST10992,2026-05-10 08:07:00,topup,5000,e-wallet_gopay,Retail_Outlet,DEVda2a4996,Yogyakarta,0
TXN0003596,CUST10591,2026-05-10 08:16:00,topup,31761,bank_transfer,Retail_Outlet,DEV0fda6ca4,Yogyakarta,0
TXN0001002,CUST10165,2026-05-10 08:42:00,topup,33648,retail_counter,Partner_Bank,DEV4165964c,Semarang,0
TXN0000127,CUST10021,2026-05-10 08:51:00,topup,32144,credit_card,Partner_Bank,DEV7f05fbf5,Balikpapan,0
TXN0000302,CUST10050,2026-05-10 08:51:00,topup,13918,e-wallet_gopay,Partner_Bank,DEV6dd49c96,Palembang,0
TXN0001143,CUST10188,2026-05-10 09:25:00,topup,38987,retail_counter,Partner_Bank,DEVe237c877,Jakarta,0
TXN0003358,CUST10554,2026-05-10 09:25:00,topup,20316,retail_counter,Retail_Outlet,DEV1e87c27e,Malang,0
TXN0002061,CUST10348,2026-05-10 09:34:00,topup,18336,e-wallet_dana,MyApp,DEV5bd972c7,Balikpapan,0
TXN0001269,CUST10210,2026-05-10 09:38:00,topup,36438,bank_transfer,USSD,DEV07fbb920,Medan,0
TXN0003301,CUST10545,2026-05-10 09:39:00,topup,24700,bank_transfer,Web_Portal,DEV19c59f2d,Semarang,0
TXN0001086,CUST10177,2026-05-10 09:41:00,topup,28717,retail_counter,Retail_Outlet,DEV8be15610,Denpasar,0
TXN0007403,CUST11195,2026-05-10 09:41:00,topup,7212,e-wallet_ovo,Web_Portal,DEV21ce7ad0,Semarang,0
TXN0005718,CUST10922,2026-05-10 09:56:00,topup,5000,virtual_account,USSD,DEV7bc19e2f,Palembang,0
TXN0004033,CUST10656,2026-05-10 10:25:00,topup,40981,retail_counter,MyApp,DEV07ca07d8,Jakarta,0
TXN0005101,CUST10827,2026-05-10 10:39:00,topup,26121,credit_card,USSD,DEV6be26493,Pekanbaru,0
TXN0004402,CUST10713,2026-05-10 10:41:00,topup,26097,e-wallet_ovo,Retail_Outlet,DEV61e561bb,Medan,0
TXN0004434,CUST10718,2026-05-10 10:54:00,topup,50292,bank_transfer,Web_Portal,DEV6d658f44,Denpasar,0
TXN0002954,CUST10492,2026-05-10 11:09:00,topup,17867,e-wallet_gopay,MyApp,DEV9a11ddf4,Semarang,0
TXN0003572,CUST10587,2026-05-10 11:19:00,topup,17486,retail_counter,Web_Portal,DEVdc6bf2c8,Balikpapan,0
TXN0001048,CUST10172,2026-05-10 11:20:00,topup,7620,bank_transfer,USSD,DEV301c6abf,Palembang,0
TXN0004321,CUST10701,2026-05-10 11:38:00,topup,59098,e-wallet_dana,Retail_Outlet,DEV8047c7e1,Surabaya,0
TXN0002489,CUST10414,2026-05-10 11:57:00,topup,44879,e-wallet_gopay,USSD,DEVc161b06c,Makassar,0
TXN0001649,CUST10283,2026-05-10 12:42:00,topup,5000,credit_card,Retail_Outlet,DEV5cce495d,Semarang,0
TXN0001028,CUST10169,2026-05-10 12:45:00,topup,10371,virtual_account,MyApp,DEVad9112c5,Jakarta,0
TXN0006218,CUST10999,2026-05-10 13:04:00,topup,5000,bank_transfer,USSD,DEV92ccadb2,Surabaya,0
TXN0000346,CUST10057,2026-05-10 13:33:00,topup,24480,retail_counter,USSD,DEVf30ee4fe,Malang,0
TXN0002015,CUST10339,2026-05-10 13:54:00,topup,15427,e-wallet_gopay,Retail_Outlet,DEVcdfcef75,Pekanbaru,0
TXN0006085,CUST10977,2026-05-10 14:04:00,topup,29476,e-wallet_gopay,Web_Portal,DEV62e38426,Malang,0
TXN0000268,CUST10045,2026-05-10 14:05:00,topup,62328,bank_transfer,MyApp,DEVbc9a7998,Malang,0
TXN0005089,CUST10826,2026-05-10 14:44:00,topup,25976,credit_card,Partner_Bank,DEVc89f884f,Pekanbaru,0
TXN0004068,CUST10662,2026-05-10 14:53:00,topup,6205,virtual_account,USSD,DEVe09012d7,Balikpapan,0
TXN0002043,CUST10344,2026-05-10 14:54:00,topup,39631,bank_transfer,Retail_Outlet,DEV72c573e9,Surabaya,0
TXN0003979,CUST10648,2026-05-10 14:59:00,topup,53029,virtual_account,Retail_Outlet,DEVb3932fb8,Semarang,0
TXN0004611,CUST10749,2026-05-10 14:59:00,topup,5000,e-wallet_ovo,USSD,DEVb8525de3,Medan,0
TXN0005395,CUST10869,2026-05-10 15:12:00,topup,5000,bank_transfer,Partner_Bank,DEVfb48ac14,Semarang,0
TXN0005557,CUST10893,2026-05-10 15:25:00,topup,33899,bank_transfer,Web_Portal,DEV27d54ab0,Medan,0
TXN0000121,CUST10020,2026-05-10 15:26:00,topup,5000,e-wallet_gopay,MyApp,DEV0075d3d5,Surabaya,0
TXN0006561,CUST11056,2026-05-10 15:39:00,topup,5000,e-wallet_ovo,Retail_Outlet,DEVd8a9e06f,Semarang,0
TXN0004413,CUST10715,2026-05-10 15:46:00,topup,17686,virtual_account,USSD,DEV0e5d8626,Balikpapan,0
TXN0007550,CUST11049,2026-05-10 16:00:00,promo_bundle_redeem,0,promo_credit,MyApp,DEV9d88e7a4,Surabaya,1
TXN0006557,CUST11055,2026-05-10 16:35:00,topup,5000,e-wallet_dana,MyApp,DEV24522ef6,Balikpapan,0
TXN0003476,CUST10573,2026-05-10 16:41:00,topup,15089,virtual_account,Partner_Bank,DEV8b7fa47e,Surabaya,0
TXN0003173,CUST10524,2026-05-10 17:52:00,topup,14337,bank_transfer,MyApp,DEV504b10c8,Malang,0
TXN0000920,CUST10151,2026-05-10 17:55:00,topup,38183,e-wallet_ovo,MyApp,DEV8ef4d74b,Malang,0
TXN0006728,CUST11085,2026-05-10 17:56:00,topup,11352,e-wallet_dana,Web_Portal,DEV56885791,Bandung,0
TXN0007332,CUST11185,2026-05-10 17:56:00,topup,18099,virtual_account,Partner_Bank,DEVe32a2082,Medan,0
TXN0007587,CUST10683,2026-05-10 18:00:00,promo_bundle_redeem,0,promo_credit,MyApp,DEV40f62c58,Palembang,1
TXN0006906,CUST11115,2026-05-10 18:06:00,topup,5000,bank_transfer,Partner_Bank,DEVd1c76cf1,Surabaya,0
TXN0000729,CUST10122,2026-05-10 18:08:00,topup,11783,virtual_account,Retail_Outlet,DEV1417c2f9,Yogyakarta,0
TXN0005223,CUST10843,2026-05-10 18:42:00,topup,19604,bank_transfer,Partner_Bank,DEV5532a5c2,Yogyakarta,0
TXN0001613,CUST10279,2026-05-10 18:46:00,topup,18009,e-wallet_gopay,Retail_Outlet,DEV55dddf38,Jakarta,0
TXN0003410,CUST10563,2026-05-10 18:48:00,topup,34775,virtual_account,Retail_Outlet,DEVeaacabb4,Pekanbaru,0
TXN0006607,CUST11065,2026-05-10 19:16:00,topup,66873,virtual_account,Retail_Outlet,DEVf801a8bf,Yogyakarta,0
TXN0002274,CUST10382,2026-05-10 19:39:00,topup,9983,retail_counter,Partner_Bank,DEV9a5c68ad,Balikpapan,0
TXN0006052,CUST10972,2026-05-10 20:37:00,topup,21937,virtual_account,Partner_Bank,DEVd2b2cf4b,Yogyakarta,0
TXN0006769,CUST11091,2026-05-10 21:15:00,topup,5000,e-wallet_ovo,Retail_Outlet,DEV00bae133,Pekanbaru,0
TXN0006588,CUST11061,2026-05-10 21:17:00,topup,5000,e-wallet_dana,MyApp,DEVd771b446,Yogyakarta,0
TXN0003178,CUST10524,2026-05-10 21:28:00,topup,26037,bank_transfer,MyApp,DEVb32281f3,Malang,0
TXN0004672,CUST10760,2026-05-10 22:00:00,topup,21151,e-wallet_dana,Retail_Outlet,DEV0413d049,Jakarta,0
TXN0001019,CUST10168,2026-05-10 22:05:00,topup,13796,virtual_account,Retail_Outlet,DEV5afa0fb3,Denpasar,0
TXN0004557,CUST10738,2026-05-10 22:08:00,topup,8319,e-wallet_dana,Web_Portal,DEV574aa942,Jakarta,0
TXN0005887,CUST10944,2026-05-10 22:11:00,topup,20839,credit_card,Web_Portal,DEV226f93e7,Pekanbaru,0
TXN0005810,CUST10934,2026-05-10 22:20:00,topup,11683,e-wallet_dana,MyApp,DEV461e24a3,Denpasar,0
TXN0006079,CUST10976,2026-05-10 22:27:00,topup,19130,e-wallet_gopay,MyApp,DEV6d3026db,Pekanbaru,0
TXN0002832,CUST10472,2026-05-10 22:27:00,topup,26372,e-wallet_gopay,MyApp,DEV4830effe,Pekanbaru,0
TXN0005815,CUST10935,2026-05-10 22:30:00,topup,10509,bank_transfer,USSD,DEVe19d4f0a,Jakarta,0
TXN0001232,CUST10203,2026-05-10 22:53:00,topup,13388,retail_counter,Web_Portal,DEV8208fd42,Makassar,0
TXN0007017,CUST11132,2026-05-11 06:05:00,topup,28235,retail_counter,USSD,DEV250801c0,Malang,0
TXN0002662,CUST10443,2026-05-11 06:26:00,topup,5000,retail_counter,USSD,DEVd5de293b,Denpasar,0
TXN0002826,CUST10471,2026-05-11 06:59:00,topup,25776,e-wallet_gopay,Retail_Outlet,DEVfabf8aef,Yogyakarta,0
TXN0006775,CUST11092,2026-05-11 07:16:00,topup,22056,e-wallet_gopay,Partner_Bank,DEV64ff3d41,Balikpapan,0
TXN0002869,CUST10478,2026-05-11 07:23:00,topup,5000,credit_card,MyApp,DEV0ad7d77c,Denpasar,0
TXN0000030,CUST10003,2026-05-11 07:27:00,topup,45188,bank_transfer,Web_Portal,DEVa995ecc3,Palembang,0
TXN0002246,CUST10379,2026-05-11 07:29:00,topup,39902,e-wallet_ovo,Retail_Outlet,DEV5415c636,Semarang,0
TXN0004898,CUST10796,2026-05-11 07:34:00,topup,44854,e-wallet_gopay,Retail_Outlet,DEV3efa528c,Semarang,0
TXN0005263,CUST10849,2026-05-11 07:55:00,topup,33475,bank_transfer,Partner_Bank,DEV97e4e173,Palembang,0
TXN0006649,CUST11072,2026-05-11 08:01:00,topup,13810,credit_card,Web_Portal,DEV706370c4,Palembang,0
TXN0003175,CUST10524,2026-05-11 08:05:00,topup,19272,retail_counter,MyApp,DEVe09dd9e8,Malang,0
TXN0003300,CUST10545,2026-05-11 08:49:00,topup,38388,e-wallet_dana,Web_Portal,DEVe9a7f5e0,Semarang,0
TXN0004946,CUST10804,2026-05-11 09:03:00,topup,14648,retail_counter,USSD,DEV05155381,Yogyakarta,0
TXN0000125,CUST10021,2026-05-11 09:11:00,topup,25470,retail_counter,USSD,DEVcf0df860,Balikpapan,0
TXN0001538,CUST10264,2026-05-11 09:14:00,topup,5000,e-wallet_ovo,Web_Portal,DEV882ae449,Pekanbaru,0
TXN0006574,CUST11059,2026-05-11 09:19:00,topup,46662,e-wallet_gopay,Partner_Bank,DEV51c680ca,Denpasar,0
TXN0005622,CUST10905,2026-05-11 09:21:00,topup,5000,e-wallet_ovo,Partner_Bank,DEV552dad08,Yogyakarta,0
TXN0007099,CUST11149,2026-05-11 09:25:00,topup,21114,bank_transfer,Web_Portal,DEV4dbb5559,Medan,0
TXN0005858,CUST10940,2026-05-11 09:44:00,topup,31051,bank_transfer,MyApp,DEV1a44fca1,Jakarta,0
TXN0005814,CUST10935,2026-05-11 09:47:00,topup,5000,virtual_account,Retail_Outlet,DEV4a00ae99,Jakarta,0
TXN0001805,CUST10308,2026-05-11 10:03:00,topup,25043,e-wallet_gopay,USSD,DEVd8914adf,Makassar,0
TXN0003218,CUST10531,2026-05-11 10:30:00,topup,46925,e-wallet_ovo,Retail_Outlet,DEVbbae2fbd,Semarang,0
TXN0006258,CUST11006,2026-05-11 10:44:00,topup,5000,virtual_account,Web_Portal,DEV24c4e6ca,Bandung,0
TXN0001397,CUST10239,2026-05-11 11:07:00,topup,30482,bank_transfer,Retail_Outlet,DEV570e5af5,Denpasar,0
TXN0001241,CUST10204,2026-05-11 11:10:00,topup,32204,e-wallet_dana,Partner_Bank,DEV9134c0b7,Pekanbaru,0
TXN0001034,CUST10169,2026-05-11 11:13:00,topup,5000,e-wallet_dana,Retail_Outlet,DEVaf1dcfb8,Jakarta,0
TXN0007323,CUST11184,2026-05-11 11:30:00,topup,42096,e-wallet_dana,Web_Portal,DEV0a0ef615,Makassar,0
TXN0007008,CUST11130,2026-05-11 11:53:00,topup,34869,credit_card,Retail_Outlet,DEVef3cfc8f,Pekanbaru,0
TXN0003010,CUST10499,2026-05-11 11:59:00,topup,13781,virtual_account,USSD,DEVbad4f3e0,Pekanbaru,0
TXN0007342,CUST11187,2026-05-11 12:05:00,topup,16759,e-wallet_gopay,Retail_Outlet,DEV072a5087,Medan,0
TXN0003969,CUST10647,2026-05-11 12:10:00,topup,17030,bank_transfer,USSD,DEV4a4a5612,Jakarta,0
TXN0005254,CUST10848,2026-05-11 12:28:00,topup,5000,virtual_account,Retail_Outlet,DEV0426fe7b,Palembang,0
TXN0001742,CUST10298,2026-05-11 12:43:00,topup,10025,credit_card,Retail_Outlet,DEVda55f825,Semarang,0
TXN0004546,CUST10736,2026-05-11 12:43:00,topup,5000,virtual_account,Partner_Bank,DEV03aa96d2,Yogyakarta,0
TXN0003617,CUST10594,2026-05-11 12:47:00,topup,5000,virtual_account,Partner_Bank,DEVe65664ac,Malang,0
TXN0002034,CUST10342,2026-05-11 13:04:00,topup,56387,credit_card,USSD,DEV0979f5d3,Balikpapan,0
TXN0005123,CUST10831,2026-05-11 13:19:00,topup,39854,credit_card,Web_Portal,DEV5b69a9a8,Yogyakarta,0
TXN0000877,CUST10144,2026-05-11 13:24:00,topup,5000,virtual_account,Retail_Outlet,DEVe44cbd41,Palembang,0
TXN0000796,CUST10132,2026-05-11 13:41:00,topup,27705,e-wallet_gopay,Partner_Bank,DEV8623bc74,Palembang,0
TXN0005198,CUST10840,2026-05-11 14:01:00,topup,5000,bank_transfer,USSD,DEVd498736f,Pekanbaru,0
TXN0007072,CUST11144,2026-05-11 14:07:00,topup,59597,virtual_account,Web_Portal,DEV859b6ee4,Semarang,0
TXN0004182,CUST10680,2026-05-11 14:10:00,topup,24686,bank_transfer,Retail_Outlet,DEV656e5170,Pekanbaru,0
TXN0004144,CUST10673,2026-05-11 14:24:00,topup,5000,retail_counter,Partner_Bank,DEV3ae61863,Surabaya,0
TXN0005951,CUST10956,2026-05-11 14:25:00,topup,26290,virtual_account,Web_Portal,DEVd0116cb3,Yogyakarta,0
TXN0003703,CUST10609,2026-05-11 14:26:00,topup,14748,virtual_account,Web_Portal,DEVc0d978e7,Yogyakarta,0
TXN0003611,CUST10593,2026-05-11 14:42:00,topup,29730,e-wallet_gopay,Retail_Outlet,DEV917bc866,Yogyakarta,0
TXN0001526,CUST10262,2026-05-11 14:47:00,topup,15804,bank_transfer,MyApp,DEVa5eea4a2,Jakarta,0
TXN0003188,CUST10525,2026-05-11 14:53:00,topup,5000,bank_transfer,USSD,DEV66ca0baf,Surabaya,0
TXN0002280,CUST10384,2026-05-11 14:55:00,topup,60167,virtual_account,Partner_Bank,DEVf845846e,Jakarta,0
TXN0006838,CUST11103,2026-05-11 15:01:00,topup,5000,bank_transfer,Web_Portal,DEV404eb634,Balikpapan,0
TXN0001721,CUST10295,2026-05-11 15:14:00,topup,5000,retail_counter,MyApp,DEV97f971d5,Pekanbaru,0
TXN0005024,CUST10814,2026-05-11 16:30:00,topup,5000,credit_card,Web_Portal,DEVc5798f5d,Balikpapan,0
TXN0004077,CUST10663,2026-05-11 16:31:00,topup,52936,virtual_account,MyApp,DEV42650798,Palembang,0
TXN0003970,CUST10647,2026-05-11 16:51:00,topup,5000,e-wallet_gopay,Retail_Outlet,DEVcd853347,Jakarta,0
TXN0000357,CUST10059,2026-05-11 16:59:00,topup,28266,virtual_account,MyApp,DEV54231dbe,Semarang,0
TXN0007617,CUST10883,2026-05-11 17:00:00,promo_bundle_redeem,0,promo_credit,MyApp,DEV113a19a0,Palembang,1
TXN0006225,CUST11001,2026-05-11 17:02:00,topup,29414,credit_card,USSD,DEV82a0f6e9,Surabaya,0
TXN0003641,CUST10598,2026-05-11 17:31:00,topup,13917,e-wallet_gopay,Web_Portal,DEV9c291269,Bandung,0
TXN0003843,CUST10629,2026-05-11 17:38:00,topup,21197,credit_card,MyApp,DEV230681aa,Bandung,0
TXN0003044,CUST10505,2026-05-11 18:13:00,topup,31101,virtual_account,MyApp,DEVafcfea4d,Bandung,0
TXN0001248,CUST10206,2026-05-11 18:14:00,topup,29692,bank_transfer,USSD,DEV67e2189b,Malang,0
TXN0002709,CUST10451,2026-05-11 18:18:00,topup,16504,bank_transfer,MyApp,DEV50392a8c,Denpasar,0
TXN0006418,CUST11030,2026-05-11 18:28:00,topup,16700,bank_transfer,Web_Portal,DEVeb536282,Medan,0
TXN0005972,CUST10959,2026-05-11 18:31:00,topup,24572,e-wallet_gopay,Partner_Bank,DEV9a2363fe,Medan,0
TXN0002992,CUST10497,2026-05-11 18:34:00,topup,36706,retail_counter,Web_Portal,DEVa60da1aa,Yogyakarta,0
TXN0002657,CUST10442,2026-05-11 18:39:00,topup,40336,bank_transfer,Web_Portal,DEV3d563b0e,Denpasar,0
TXN0000237,CUST10040,2026-05-11 18:43:00,topup,8400,e-wallet_gopay,Partner_Bank,DEV1723ecdb,Yogyakarta,0
TXN0006447,CUST11036,2026-05-11 18:47:00,topup,36717,e-wallet_dana,Retail_Outlet,DEV7508e10c,Palembang,0
TXN0003819,CUST10626,2026-05-11 19:04:00,topup,16287,retail_counter,USSD,DEV62524390,Semarang,0
TXN0005150,CUST10834,2026-05-11 19:15:00,topup,8709,virtual_account,Web_Portal,DEVd5b6eac1,Pekanbaru,0
TXN0006015,CUST10967,2026-05-11 19:30:00,topup,24033,e-wallet_ovo,USSD,DEVb28935e7,Bandung,0
TXN0006166,CUST10990,2026-05-11 19:39:00,topup,8832,credit_card,Retail_Outlet,DEV8a9da702,Yogyakarta,0
TXN0001360,CUST10231,2026-05-11 19:49:00,topup,10827,e-wallet_ovo,USSD,DEV161d6acf,Surabaya,0
TXN0000716,CUST10120,2026-05-11 19:55:00,topup,38112,e-wallet_dana,Web_Portal,DEV89207bc4,Jakarta,0
TXN0000112,CUST10018,2026-05-11 20:05:00,topup,46802,e-wallet_ovo,MyApp,DEV52961fb3,Denpasar,0
TXN0002591,CUST10431,2026-05-11 20:18:00,topup,31370,virtual_account,Partner_Bank,DEV48817b98,Medan,0
TXN0005928,CUST10950,2026-05-11 20:30:00,topup,5000,virtual_account,Web_Portal,DEVd9a9a834,Bandung,0
TXN0006542,CUST11053,2026-05-11 20:30:00,topup,30718,credit_card,USSD,DEV65108b6f,Semarang,0
TXN0005516,CUST10888,2026-05-11 21:06:00,topup,25867,e-wallet_gopay,Partner_Bank,DEV13ffe66e,Jakarta,0
TXN0006799,CUST11096,2026-05-11 21:14:00,topup,60901,credit_card,Web_Portal,DEV99786dc1,Denpasar,0
TXN0003394,CUST10561,2026-05-11 21:45:00,topup,24497,virtual_account,Partner_Bank,DEV7a59697d,Pekanbaru,0
TXN0002234,CUST10375,2026-05-11 21:55:00,topup,17891,e-wallet_gopay,MyApp,DEVd7371450,Denpasar,0
TXN0006087,CUST10977,2026-05-11 21:55:00,topup,5000,e-wallet_ovo,USSD,DEV367d9053,Malang,0
TXN0005778,CUST10931,2026-05-11 21:56:00,topup,23046,e-wallet_dana,USSD,DEVe004c471,Denpasar,0
TXN0000436,CUST10071,2026-05-11 22:00:00,topup,25248,bank_transfer,USSD,DEV235fc3d5,Palembang,0
TXN0006449,CUST11036,2026-05-11 22:00:00,topup,25380,e-wallet_gopay,MyApp,DEV379f0075,Palembang,0
TXN0002926,CUST10488,2026-05-12 06:26:00,topup,19194,e-wallet_ovo,Partner_Bank,DEVbaff361a,Malang,0
TXN0003692,CUST10607,2026-05-12 06:42:00,topup,6122,e-wallet_gopay,Retail_Outlet,DEV9696e833,Semarang,0
TXN0007369,CUST11190,2026-05-12 06:50:00,topup,53516,virtual_account,USSD,DEVdebfe7d3,Pekanbaru,0
TXN0006383,CUST11023,2026-05-12 07:13:00,topup,49734,credit_card,MyApp,DEV478fcedd,Medan,0
TXN0007056,CUST11141,2026-05-12 07:16:00,topup,44341,e-wallet_dana,Retail_Outlet,DEV76bd0773,Semarang,0
TXN0006443,CUST11036,2026-05-12 07:29:00,topup,33867,credit_card,USSD,DEV3db8014a,Palembang,0
TXN0006106,CUST10980,2026-05-12 07:30:00,topup,5693,credit_card,USSD,DEV7397b987,Makassar,0
TXN0007124,CUST11153,2026-05-12 07:57:00,topup,39679,virtual_account,MyApp,DEV67f7aba4,Malang,0
TXN0006914,CUST11116,2026-05-12 08:45:00,topup,48262,virtual_account,Retail_Outlet,DEVf5d92b55,Surabaya,0
TXN0004593,CUST10745,2026-05-12 09:04:00,topup,25066,bank_transfer,Partner_Bank,DEV23eaea4f,Bandung,0
TXN0005918,CUST10948,2026-05-12 09:17:00,topup,24194,retail_counter,Web_Portal,DEV94a64978,Malang,0
TXN0004733,CUST10769,2026-05-12 09:25:00,topup,59321,e-wallet_dana,Partner_Bank,DEVc124b471,Makassar,0
TXN0000809,CUST10134,2026-05-12 09:25:00,topup,46619,retail_counter,Partner_Bank,DEVbfb8abb9,Denpasar,0
TXN0003629,CUST10596,2026-05-12 09:52:00,topup,15950,e-wallet_gopay,Web_Portal,DEV848be725,Yogyakarta,0
TXN0005830,CUST10937,2026-05-12 10:15:00,topup,5000,virtual_account,Partner_Bank,DEVa885f19e,Pekanbaru,0
TXN0004563,CUST10739,2026-05-12 10:17:00,topup,15436,e-wallet_ovo,USSD,DEV1836a027,Semarang,0
TXN0003407,CUST10563,2026-05-12 11:51:00,topup,16831,bank_transfer,MyApp,DEVf1c2fa18,Pekanbaru,0
TXN0005769,CUST10929,2026-05-12 11:54:00,topup,15701,e-wallet_ovo,Web_Portal,DEVf08d5f51,Balikpapan,0
TXN0000694,CUST10116,2026-05-12 11:58:00,topup,5000,bank_transfer,Web_Portal,DEV33478a91,Surabaya,0
TXN0006296,CUST11011,2026-05-12 12:50:00,topup,38794,e-wallet_ovo,USSD,DEV9d30b0f7,Malang,0
TXN0007588,CUST10683,2026-05-12 13:00:00,promo_bundle_redeem,0,promo_credit,MyApp,DEV8f6a201a,Palembang,1
TXN0001585,CUST10274,2026-05-12 13:17:00,topup,36093,bank_transfer,Web_Portal,DEVccb1063d,Denpasar,0
TXN0005938,CUST10953,2026-05-12 13:26:00,topup,21378,e-wallet_gopay,Partner_Bank,DEVdce61522,Medan,0
TXN0001399,CUST10239,2026-05-12 13:30:00,topup,5128,virtual_account,Partner_Bank,DEV33ffb402,Denpasar,0
TXN0003289,CUST10543,2026-05-12 13:30:00,topup,7156,e-wallet_dana,Retail_Outlet,DEVa70bba9c,Pekanbaru,0
TXN0003636,CUST10597,2026-05-12 13:32:00,topup,5000,virtual_account,MyApp,DEV0f344fe1,Yogyakarta,0
TXN0001612,CUST10278,2026-05-12 13:52:00,topup,19683,virtual_account,Retail_Outlet,DEVfd06a179,Pekanbaru,0
TXN0000845,CUST10139,2026-05-12 14:00:00,topup,28614,e-wallet_gopay,MyApp,DEVc02553ea,Makassar,0
TXN0006678,CUST11076,2026-05-12 14:02:00,topup,42437,e-wallet_gopay,Retail_Outlet,DEVe69cf4c8,Pekanbaru,0
TXN0003423,CUST10566,2026-05-12 14:03:00,topup,33639,e-wallet_gopay,MyApp,DEV6e4c1501,Pekanbaru,0
TXN0005400,CUST10870,2026-05-12 14:23:00,topup,5000,virtual_account,Partner_Bank,DEV0a813e88,Jakarta,0
TXN0007106,CUST11149,2026-05-12 14:23:00,topup,22279,e-wallet_gopay,Partner_Bank,DEVb4666d99,Medan,0
TXN0003965,CUST10646,2026-05-12 15:00:00,topup,11108,e-wallet_ovo,USSD,DEVfee91972,Malang,0
TXN0006760,CUST11090,2026-05-12 15:06:00,topup,24085,e-wallet_gopay,USSD,DEVb26f8bb2,Denpasar,0
TXN0006541,CUST11053,2026-05-12 15:06:00,topup,64832,virtual_account,MyApp,DEV05d04902,Semarang,0
TXN0003228,CUST10532,2026-05-12 15:07:00,topup,10527,virtual_account,Partner_Bank,DEVc63e0e47,Bandung,0
TXN0002392,CUST10400,2026-05-12 15:15:00,topup,5000,bank_transfer,Web_Portal,DEV94c8a69d,Semarang,0
TXN0007247,CUST11171,2026-05-12 15:21:00,topup,39707,e-wallet_dana,USSD,DEV54ea3718,Denpasar,0
TXN0004945,CUST10804,2026-05-12 15:34:00,topup,23808,retail_counter,MyApp,DEV9268b5df,Yogyakarta,0
TXN0005489,CUST10884,2026-05-12 15:35:00,topup,36225,e-wallet_gopay,Retail_Outlet,DEV8ce17e35,Semarang,0
TXN0001943,CUST10329,2026-05-12 15:43:00,topup,12167,credit_card,Partner_Bank,DEVd5bf85f3,Surabaya,0
TXN0003343,CUST10551,2026-05-12 15:46:00,topup,24626,retail_counter,Retail_Outlet,DEV37164f31,Bandung,0
TXN0006354,CUST11020,2026-05-12 15:49:00,topup,64718,credit_card,Retail_Outlet,DEV1604c332,Malang,0
TXN0001155,CUST10189,2026-05-12 15:57:00,topup,35984,virtual_account,Partner_Bank,DEV65637d1f,Pekanbaru,0
TXN0000488,CUST10080,2026-05-12 16:04:00,topup,5000,e-wallet_ovo,MyApp,DEVf4fd25b7,Pekanbaru,0
TXN0001880,CUST10321,2026-05-12 16:06:00,topup,34021,retail_counter,Partner_Bank,DEV5e1b015f,Pekanbaru,0
TXN0000465,CUST10077,2026-05-12 16:12:00,topup,36964,e-wallet_gopay,USSD,DEV61af663c,Semarang,0
TXN0000489,CUST10080,2026-05-12 16:30:00,topup,30787,e-wallet_gopay,Partner_Bank,DEVc948384b,Pekanbaru,0
TXN0003908,CUST10637,2026-05-12 16:32:00,topup,45809,credit_card,Web_Portal,DEVd8718196,Jakarta,0
TXN0005441,CUST10877,2026-05-12 16:33:00,topup,18229,bank_transfer,Retail_Outlet,DEVf5ed7ddf,Denpasar,0
TXN0001375,CUST10235,2026-05-12 16:35:00,topup,28884,e-wallet_dana,USSD,DEV6483b0e7,Denpasar,0
TXN0000699,CUST10117,2026-05-12 16:37:00,topup,19141,e-wallet_dana,Retail_Outlet,DEV39ee80ab,Pekanbaru,0
TXN0005347,CUST10862,2026-05-12 16:43:00,topup,23742,retail_counter,Retail_Outlet,DEVa2a5ef39,Pekanbaru,0
TXN0005638,CUST10908,2026-05-12 16:45:00,topup,20534,e-wallet_gopay,MyApp,DEVde3e0557,Palembang,0
TXN0006780,CUST11093,2026-05-12 17:02:00,topup,17318,retail_counter,Retail_Outlet,DEV8caf728a,Malang,0
TXN0005130,CUST10832,2026-05-12 17:04:00,topup,36186,retail_counter,Retail_Outlet,DEVde60d544,Semarang,0
TXN0006610,CUST11065,2026-05-12 17:21:00,topup,30742,bank_transfer,MyApp,DEV331212d1,Yogyakarta,0
TXN0004523,CUST10732,2026-05-12 17:37:00,topup,7641,virtual_account,Partner_Bank,DEVe5ecb9dc,Semarang,0
TXN0000347,CUST10057,2026-05-12 17:41:00,topup,43390,e-wallet_ovo,Partner_Bank,DEV13365c0c,Malang,0
TXN0007551,CUST11049,2026-05-12 18:00:00,promo_bundle_redeem,0,promo_credit,MyApp,DEVdc1c4e12,Surabaya,1
TXN0003707,CUST10610,2026-05-12 18:03:00,topup,32371,e-wallet_gopay,USSD,DEVc09d557f,Bandung,0
TXN0004343,CUST10705,2026-05-12 18:17:00,topup,21611,credit_card,Web_Portal,DEVdb869a02,Denpasar,0
TXN0005760,CUST10927,2026-05-12 18:23:00,topup,30862,e-wallet_ovo,Retail_Outlet,DEV19b627b5,Medan,0
TXN0003529,CUST10581,2026-05-12 18:26:00,topup,29274,e-wallet_ovo,Partner_Bank,DEV767a92b7,Makassar,0
TXN0004192,CUST10681,2026-05-12 18:29:00,topup,16023,e-wallet_gopay,USSD,DEVcffe7547,Jakarta,0
TXN0005012,CUST10813,2026-05-12 18:33:00,topup,11916,e-wallet_ovo,Partner_Bank,DEV4bf5cf0e,Malang,0
TXN0004882,CUST10793,2026-05-12 18:43:00,topup,15650,virtual_account,Retail_Outlet,DEV7aa83419,Palembang,0
TXN0006716,CUST11083,2026-05-12 19:01:00,topup,17263,e-wallet_ovo,Retail_Outlet,DEVb90db373,Surabaya,0
TXN0001453,CUST10247,2026-05-12 19:05:00,topup,30200,e-wallet_dana,Retail_Outlet,DEV31208bde,Bandung,0
TXN0003140,CUST10519,2026-05-12 19:09:00,topup,6619,e-wallet_gopay,USSD,DEV7a199807,Yogyakarta,0
TXN0005388,CUST10868,2026-05-12 19:46:00,topup,20653,retail_counter,Retail_Outlet,DEV1fda98c9,Palembang,0
TXN0002056,CUST10347,2026-05-12 20:16:00,topup,16946,e-wallet_dana,Partner_Bank,DEV7b9ea9eb,Yogyakarta,0
TXN0001741,CUST10298,2026-05-12 20:27:00,topup,45149,e-wallet_dana,MyApp,DEV1e7f92ad,Semarang,0
TXN0002722,CUST10453,2026-05-12 20:45:00,topup,14127,e-wallet_ovo,Partner_Bank,DEVd3e78237,Medan,0
TXN0006397,CUST11026,2026-05-12 20:46:00,topup,69859,credit_card,Web_Portal,DEV4e8d2654,Makassar,0
TXN0006872,CUST11110,2026-05-12 20:47:00,topup,9265,credit_card,Partner_Bank,DEV318c6ee8,Medan,0
TXN0004737,CUST10770,2026-05-12 20:55:00,topup,40236,credit_card,Retail_Outlet,DEVfad2fd69,Makassar,0
TXN0006823,CUST11100,2026-05-12 21:03:00,topup,16761,virtual_account,Partner_Bank,DEV4a086284,Malang,0
TXN0003850,CUST10629,2026-05-12 22:19:00,topup,13423,e-wallet_gopay,Partner_Bank,DEVb01cad4e,Bandung,0
TXN0003133,CUST10518,2026-05-12 22:22:00,topup,28635,e-wallet_ovo,MyApp,DEVf56febb1,Balikpapan,0
TXN0006840,CUST11103,2026-05-12 22:33:00,topup,36594,e-wallet_ovo,USSD,DEV01910880,Balikpapan,0
TXN0000762,CUST10128,2026-05-12 22:53:00,topup,36665,e-wallet_ovo,Retail_Outlet,DEV50d3802d,Bandung,0
TXN0000484,CUST10080,2026-05-13 06:08:00,topup,16054,virtual_account,MyApp,DEVa0180791,Pekanbaru,0
TXN0004084,CUST10664,2026-05-13 06:36:00,topup,6590,retail_counter,Partner_Bank,DEVfe66c4fa,Pekanbaru,0
TXN0006507,CUST11045,2026-05-13 06:50:00,topup,24138,virtual_account,MyApp,DEVedb49f8d,Malang,0
TXN0006121,CUST10983,2026-05-13 06:53:00,topup,5000,e-wallet_dana,MyApp,DEV74c9abd9,Yogyakarta,0
TXN0001563,CUST10269,2026-05-13 06:56:00,topup,32726,e-wallet_ovo,USSD,DEV49c3f48b,Bandung,0
TXN0001127,CUST10185,2026-05-13 07:01:00,topup,5000,bank_transfer,USSD,DEVe5c482ff,Balikpapan,0
TXN0002515,CUST10419,2026-05-13 07:26:00,topup,58867,retail_counter,Web_Portal,DEV0c754a17,Pekanbaru,0
TXN0000879,CUST10144,2026-05-13 07:28:00,topup,5000,virtual_account,Web_Portal,DEVb972393a,Palembang,0
TXN0006119,CUST10982,2026-05-13 07:48:00,topup,34695,virtual_account,Retail_Outlet,DEV99adf607,Yogyakarta,0
TXN0006595,CUST11062,2026-05-13 07:54:00,topup,21742,e-wallet_dana,Retail_Outlet,DEV3ad782dc,Balikpapan,0
TXN0003127,CUST10517,2026-05-13 07:55:00,topup,5000,credit_card,USSD,DEVede02d33,Surabaya,0
TXN0000601,CUST10100,2026-05-13 08:03:00,topup,5018,virtual_account,Retail_Outlet,DEV606cc2f5,Balikpapan,0
TXN0005766,CUST10929,2026-05-13 08:10:00,topup,42080,e-wallet_ovo,Retail_Outlet,DEVe432f23e,Balikpapan,0
TXN0002436,CUST10407,2026-05-13 08:17:00,topup,18508,bank_transfer,Web_Portal,DEVa8aa454e,Pekanbaru,0
TXN0004118,CUST10669,2026-05-13 08:44:00,topup,28202,retail_counter,USSD,DEV0dc5d7d9,Malang,0
TXN0000042,CUST10005,2026-05-13 09:02:00,topup,36033,retail_counter,MyApp,DEVcebeabaa,Yogyakarta,0
TXN0001709,CUST10292,2026-05-13 09:08:00,topup,5238,e-wallet_ovo,Partner_Bank,DEV5e10a3a0,Jakarta,0
TXN0002664,CUST10444,2026-05-13 09:09:00,topup,22599,virtual_account,MyApp,DEV87d75309,Surabaya,0
TXN0007061,CUST11142,2026-05-13 09:14:00,topup,27595,bank_transfer,Partner_Bank,DEVdcb8c9a0,Denpasar,0
TXN0005529,CUST10890,2026-05-13 09:29:00,topup,55485,e-wallet_dana,Web_Portal,DEV95eb44d9,Makassar,0
TXN0003291,CUST10543,2026-05-13 10:05:00,topup,5000,e-wallet_ovo,Retail_Outlet,DEVb9ef9fa8,Pekanbaru,0
TXN0005914,CUST10948,2026-05-13 10:18:00,topup,18810,virtual_account,Partner_Bank,DEVb1cbe822,Malang,0
TXN0003154,CUST10521,2026-05-13 10:37:00,topup,17781,e-wallet_dana,USSD,DEVff3c03a6,Balikpapan,0
TXN0002435,CUST10407,2026-05-13 11:24:00,topup,60251,bank_transfer,Retail_Outlet,DEVbce0caef,Pekanbaru,0
TXN0005014,CUST10814,2026-05-13 11:27:00,topup,21013,credit_card,USSD,DEV403e3ee2,Balikpapan,0
TXN0005781,CUST10931,2026-05-13 11:39:00,topup,44643,e-wallet_dana,Web_Portal,DEV6e025590,Denpasar,0
TXN0002720,CUST10452,2026-05-13 12:23:00,topup,16781,e-wallet_ovo,Retail_Outlet,DEV25bdab14,Bandung,0
TXN0000608,CUST10101,2026-05-13 12:42:00,topup,29700,virtual_account,USSD,DEVe1ccff0d,Yogyakarta,0
TXN0001617,CUST10279,2026-05-13 13:00:00,topup,43683,e-wallet_dana,Web_Portal,DEV764d7e7c,Jakarta,0
TXN0006259,CUST11006,2026-05-13 13:09:00,topup,13471,virtual_account,USSD,DEV2bc2bdd4,Bandung,0
TXN0003000,CUST10498,2026-05-13 13:17:00,topup,8105,e-wallet_gopay,MyApp,DEV418860b9,Balikpapan,0
TXN0003314,CUST10546,2026-05-13 13:28:00,topup,25200,credit_card,USSD,DEV89344b06,Yogyakarta,0
TXN0000530,CUST10086,2026-05-13 13:42:00,topup,21547,retail_counter,Web_Portal,DEV481186e9,Pekanbaru,0
TXN0006233,CUST11002,2026-05-13 13:44:00,topup,5000,e-wallet_ovo,Partner_Bank,DEV2fc82f4d,Semarang,0
TXN0003788,CUST10620,2026-05-13 13:53:00,topup,8153,retail_counter,USSD,DEV7e83e815,Surabaya,0
TXN0002792,CUST10466,2026-05-13 14:04:00,topup,47840,e-wallet_dana,Partner_Bank,DEV4c6f9a45,Pekanbaru,0
TXN0003029,CUST10502,2026-05-13 14:37:00,topup,43781,e-wallet_gopay,MyApp,DEV0267c983,Balikpapan,0
TXN0002778,CUST10463,2026-05-13 14:54:00,topup,18572,retail_counter,USSD,DEV67c3bd9e,Semarang,0
TXN0001466,CUST10248,2026-05-13 15:26:00,topup,13221,virtual_account,Retail_Outlet,DEV0d6dcb42,Bandung,0
TXN0002200,CUST10370,2026-05-13 15:35:00,topup,14136,e-wallet_dana,USSD,DEV61cb78c3,Malang,0
TXN0005528,CUST10890,2026-05-13 15:47:00,topup,16657,bank_transfer,USSD,DEV5e331ed8,Makassar,0
TXN0003094,CUST10512,2026-05-13 16:01:00,topup,14363,bank_transfer,Retail_Outlet,DEV287e09f1,Palembang,0
TXN0005133,CUST10833,2026-05-13 16:06:00,topup,5000,e-wallet_ovo,USSD,DEVb281738e,Semarang,0
TXN0004099,CUST10666,2026-05-13 16:18:00,topup,14367,retail_counter,USSD,DEVe729b06f,Medan,0
TXN0005051,CUST10819,2026-05-13 16:18:00,topup,24148,bank_transfer,USSD,DEV6f6335bf,Yogyakarta,0
TXN0004169,CUST10678,2026-05-13 16:21:00,topup,13508,e-wallet_dana,Web_Portal,DEVb522f610,Denpasar,0
TXN0007209,CUST11164,2026-05-13 16:31:00,topup,5000,retail_counter,MyApp,DEV52c2526e,Palembang,0
TXN0000057,CUST10007,2026-05-13 16:37:00,topup,6113,e-wallet_ovo,Web_Portal,DEV960be0f4,Medan,0
TXN0006996,CUST11128,2026-05-13 17:12:00,topup,32056,e-wallet_ovo,Web_Portal,DEV2e3c7679,Denpasar,0
TXN0003463,CUST10572,2026-05-13 17:32:00,topup,5000,credit_card,Partner_Bank,DEV4d171ebc,Pekanbaru,0
TXN0001417,CUST10242,2026-05-13 17:48:00,topup,24630,retail_counter,USSD,DEV1270c935,Palembang,0
TXN0002337,CUST10391,2026-05-13 17:58:00,topup,30675,credit_card,Retail_Outlet,DEV250487e4,Yogyakarta,0
TXN0002120,CUST10358,2026-05-13 18:25:00,topup,48537,e-wallet_ovo,USSD,DEV8a713a73,Makassar,0
TXN0006406,CUST11028,2026-05-13 18:44:00,topup,39424,e-wallet_dana,Retail_Outlet,DEVbcf7bbc2,Yogyakarta,0
TXN0003280,CUST10542,2026-05-13 18:44:00,topup,9186,credit_card,USSD,DEVd65bc676,Palembang,0
TXN0006221,CUST11000,2026-05-13 19:03:00,topup,5000,virtual_account,Retail_Outlet,DEV4bf66063,Semarang,0
TXN0005563,CUST10895,2026-05-13 19:10:00,topup,17192,retail_counter,Web_Portal,DEV7fb63b12,Medan,0
TXN0001096,CUST10179,2026-05-13 19:17:00,topup,32441,e-wallet_gopay,Partner_Bank,DEVf9a62522,Makassar,0
TXN0004868,CUST10791,2026-05-13 19:25:00,topup,9196,e-wallet_dana,USSD,DEVb87189e1,Malang,0
TXN0000476,CUST10078,2026-05-13 19:26:00,topup,53374,e-wallet_gopay,Retail_Outlet,DEV13106665,Denpasar,0
TXN0003956,CUST10645,2026-05-13 19:42:00,topup,23840,virtual_account,Partner_Bank,DEV6cfacecc,Balikpapan,0
TXN0004742,CUST10770,2026-05-13 19:48:00,topup,28312,bank_transfer,MyApp,DEVb3700e92,Makassar,0
TXN0007618,CUST10883,2026-05-13 20:00:00,promo_bundle_redeem,0,promo_credit,MyApp,DEVfa33dec0,Palembang,1
TXN0000212,CUST10036,2026-05-13 20:10:00,topup,6667,virtual_account,Partner_Bank,DEV4f9a5f98,Balikpapan,0
TXN0006236,CUST11002,2026-05-13 20:14:00,topup,16661,e-wallet_ovo,MyApp,DEV8947494f,Semarang,0
TXN0003571,CUST10587,2026-05-13 20:19:00,topup,11431,credit_card,MyApp,DEV28874d02,Balikpapan,0
TXN0003922,CUST10639,2026-05-13 20:26:00,topup,11628,e-wallet_ovo,Web_Portal,DEV6420b22a,Pekanbaru,0
TXN0003007,CUST10499,2026-05-13 20:33:00,topup,12455,retail_counter,Partner_Bank,DEV5302e6e2,Pekanbaru,0
TXN0003555,CUST10585,2026-05-13 20:38:00,topup,28731,e-wallet_ovo,USSD,DEV058b5ee1,Malang,0
TXN0000008,CUST10001,2026-05-13 20:46:00,topup,30050,credit_card,Retail_Outlet,DEV5e717fca,Yogyakarta,0
TXN0001339,CUST10227,2026-05-13 21:19:00,topup,5000,credit_card,Partner_Bank,DEV61cb0527,Balikpapan,0
TXN0002828,CUST10471,2026-05-13 21:35:00,topup,18411,retail_counter,USSD,DEV1f9deccd,Yogyakarta,0
TXN0004938,CUST10803,2026-05-13 21:52:00,topup,38778,e-wallet_gopay,Web_Portal,DEV3fd8027f,Bandung,0
TXN0003480,CUST10573,2026-05-13 21:57:00,topup,41913,e-wallet_dana,Retail_Outlet,DEV96d26487,Surabaya,0
TXN0000073,CUST10011,2026-05-13 22:17:00,topup,5000,retail_counter,Web_Portal,DEV6b52f93c,Makassar,0
TXN0000023,CUST10003,2026-05-13 22:19:00,topup,27847,bank_transfer,Web_Portal,DEV47a2a10b,Palembang,0
TXN0004138,CUST10672,2026-05-13 22:25:00,topup,34527,bank_transfer,USSD,DEVab7d09b2,Pekanbaru,0
TXN0001149,CUST10189,2026-05-13 22:26:00,topup,18150,e-wallet_ovo,Partner_Bank,DEV5982aa44,Pekanbaru,0
TXN0004701,CUST10765,2026-05-13 22:28:00,topup,8715,credit_card,Web_Portal,DEV6e6aa3ec,Bandung,0
TXN0006544,CUST11053,2026-05-13 22:35:00,topup,47118,e-wallet_gopay,MyApp,DEV9390e315,Semarang,0
TXN0006254,CUST11005,2026-05-13 22:41:00,topup,32157,e-wallet_gopay,MyApp,DEV7f184a88,Pekanbaru,0
TXN0005893,CUST10945,2026-05-13 22:42:00,topup,5000,bank_transfer,USSD,DEV01f39146,Denpasar,0
TXN0002348,CUST10393,2026-05-14 06:10:00,topup,8608,e-wallet_ovo,MyApp,DEVe9195919,Malang,0
TXN0004000,CUST10652,2026-05-14 06:25:00,topup,27838,e-wallet_gopay,Web_Portal,DEV3768d6aa,Balikpapan,0
TXN0006899,CUST11114,2026-05-14 06:28:00,topup,5000,virtual_account,MyApp,DEVdf61dbe1,Balikpapan,0
TXN0000305,CUST10050,2026-05-14 06:37:00,topup,7612,e-wallet_ovo,Web_Portal,DEVe45a87e8,Palembang,0
TXN0004739,CUST10770,2026-05-14 06:51:00,topup,5000,e-wallet_dana,USSD,DEV078c7f1d,Makassar,0
TXN0005262,CUST10849,2026-05-14 06:59:00,topup,35335,virtual_account,Web_Portal,DEVeb680076,Palembang,0
TXN0002628,CUST10439,2026-05-14 07:22:00,topup,8886,e-wallet_ovo,Web_Portal,DEV44de950f,Malang,0
TXN0000598,CUST10099,2026-05-14 07:29:00,topup,11155,e-wallet_gopay,USSD,DEVf7ebc69a,Balikpapan,0
TXN0006273,CUST11007,2026-05-14 07:35:00,topup,6744,virtual_account,MyApp,DEV9f999133,Surabaya,0
TXN0002312,CUST10388,2026-05-14 07:43:00,topup,15496,virtual_account,Retail_Outlet,DEV9c595e03,Bandung,0
TXN0004485,CUST10726,2026-05-14 07:48:00,topup,15531,e-wallet_ovo,Partner_Bank,DEV5bbf785b,Makassar,0
TXN0005328,CUST10859,2026-05-14 07:57:00,topup,15200,virtual_account,USSD,DEVa9fe494e,Denpasar,0
TXN0007552,CUST11049,2026-05-14 08:00:00,promo_bundle_redeem,0,promo_credit,MyApp,DEVe8d7ea29,Surabaya,1
TXN0002381,CUST10398,2026-05-14 08:46:00,topup,45560,credit_card,USSD,DEVa1243bea,Makassar,0
TXN0002928,CUST10488,2026-05-14 08:58:00,topup,15332,bank_transfer,USSD,DEVa1001bc8,Malang,0
TXN0006368,CUST11022,2026-05-14 09:16:00,topup,23873,virtual_account,Partner_Bank,DEVc6bdce43,Palembang,0
TXN0004568,CUST10741,2026-05-14 10:00:00,topup,5000,credit_card,Retail_Outlet,DEVf75ef2cf,Bandung,0
TXN0005062,CUST10822,2026-05-14 10:04:00,topup,12613,e-wallet_dana,MyApp,DEV57522610,Jakarta,0
TXN0001039,CUST10170,2026-05-14 10:14:00,topup,5000,bank_transfer,Web_Portal,DEV9099a283,Pekanbaru,0
TXN0004564,CUST10740,2026-05-14 10:21:00,topup,30329,virtual_account,Web_Portal,DEVd47ffd35,Denpasar,0
TXN0000872,CUST10143,2026-05-14 10:26:00,topup,37021,retail_counter,MyApp,DEV0f5f9707,Palembang,0
TXN0004926,CUST10800,2026-05-14 10:26:00,topup,36206,bank_transfer,USSD,DEV5b5073c7,Medan,0
TXN0007262,CUST11174,2026-05-14 10:58:00,topup,9456,bank_transfer,Retail_Outlet,DEVb5e5f62a,Surabaya,0
TXN0007589,CUST10683,2026-05-14 11:00:00,promo_bundle_redeem,0,promo_credit,MyApp,DEVbd95c7f5,Palembang,1
TXN0003194,CUST10527,2026-05-14 11:16:00,topup,10569,bank_transfer,Retail_Outlet,DEV9175fc63,Surabaya,0
TXN0000272,CUST10046,2026-05-14 11:18:00,topup,39166,e-wallet_ovo,MyApp,DEV79c9c839,Medan,0
TXN0004026,CUST10655,2026-05-14 11:23:00,topup,23658,bank_transfer,USSD,DEV5415668e,Semarang,0
TXN0003450,CUST10569,2026-05-14 11:25:00,topup,8384,virtual_account,MyApp,DEV2bb4a408,Pekanbaru,0
TXN0002107,CUST10356,2026-05-14 11:44:00,topup,19438,e-wallet_ovo,Web_Portal,DEVb366ffd1,Yogyakarta,0
TXN0005387,CUST10868,2026-05-14 12:08:00,topup,5000,retail_counter,Partner_Bank,DEV4135b443,Palembang,0
TXN0001080,CUST10176,2026-05-14 12:23:00,topup,5000,credit_card,MyApp,DEV2a9edda7,Malang,0
TXN0002443,CUST10408,2026-05-14 12:35:00,topup,22137,retail_counter,Web_Portal,DEV9174f53b,Balikpapan,0
TXN0003906,CUST10637,2026-05-14 12:38:00,topup,21006,e-wallet_dana,MyApp,DEV69d445f3,Jakarta,0
TXN0001731,CUST10296,2026-05-14 12:46:00,topup,24316,retail_counter,Web_Portal,DEV2dd93719,Jakarta,0
TXN0005319,CUST10858,2026-05-14 12:55:00,topup,17019,bank_transfer,MyApp,DEV1da85583,Pekanbaru,0
TXN0004037,CUST10657,2026-05-14 12:55:00,topup,28155,bank_transfer,MyApp,DEV8bab9c9c,Bandung,0
TXN0006853,CUST11107,2026-05-14 13:01:00,topup,44669,retail_counter,USSD,DEV2a24cab7,Malang,0
TXN0003519,CUST10578,2026-05-14 13:06:00,topup,5000,e-wallet_gopay,Partner_Bank,DEV5aac72b1,Balikpapan,0
TXN0006495,CUST11044,2026-05-14 13:12:00,topup,55726,e-wallet_dana,USSD,DEVaad74fe0,Semarang,0
TXN0001666,CUST10286,2026-05-14 13:21:00,topup,5000,retail_counter,USSD,DEV4dffc9aa,Jakarta,0
TXN0003516,CUST10577,2026-05-14 13:30:00,topup,40630,credit_card,MyApp,DEV18963a6e,Pekanbaru,0
TXN0000955,CUST10156,2026-05-14 13:30:00,topup,5000,retail_counter,Partner_Bank,DEVceef7261,Surabaya,0
TXN0003167,CUST10523,2026-05-14 13:33:00,topup,12858,virtual_account,Retail_Outlet,DEVec95ccf1,Yogyakarta,0
TXN0006688,CUST11077,2026-05-14 13:34:00,topup,25064,bank_transfer,Retail_Outlet,DEVe2293661,Jakarta,0
TXN0002091,CUST10354,2026-05-14 13:36:00,topup,7035,e-wallet_dana,Web_Portal,DEVc0d2201b,Malang,0
TXN0005242,CUST10846,2026-05-14 14:06:00,topup,5000,credit_card,MyApp,DEV648e85eb,Jakarta,0
TXN0004274,CUST10691,2026-05-14 14:22:00,topup,23999,e-wallet_dana,MyApp,DEV3dec163c,Yogyakarta,0
TXN0004297,CUST10695,2026-05-14 14:24:00,topup,13179,e-wallet_dana,Retail_Outlet,DEV3e39bf9b,Pekanbaru,0
TXN0005058,CUST10820,2026-05-14 14:30:00,topup,9826,credit_card,MyApp,DEVf4f48fdc,Jakarta,0
TXN0000480,CUST10079,2026-05-14 14:34:00,topup,51207,credit_card,Retail_Outlet,DEVd89462e8,Pekanbaru,0
TXN0005053,CUST10820,2026-05-14 14:50:00,topup,5000,bank_transfer,Partner_Bank,DEV5a766ac4,Jakarta,0
TXN0005694,CUST10918,2026-05-14 14:56:00,topup,36241,retail_counter,Retail_Outlet,DEVa396fc57,Yogyakarta,0
TXN0002596,CUST10433,2026-05-14 15:22:00,topup,26431,e-wallet_ovo,USSD,DEV5fcf5c22,Semarang,0
TXN0005291,CUST10853,2026-05-14 15:38:00,topup,18776,credit_card,Retail_Outlet,DEV6d3e4848,Balikpapan,0
TXN0003550,CUST10584,2026-05-14 15:47:00,topup,36160,retail_counter,USSD,DEV7bd50aeb,Yogyakarta,0
TXN0004796,CUST10777,2026-05-14 16:37:00,topup,9557,e-wallet_gopay,USSD,DEVc94ee2f0,Surabaya,0
TXN0000071,CUST10010,2026-05-14 17:21:00,topup,19724,e-wallet_gopay,MyApp,DEVe1fdc6d1,Yogyakarta,0
TXN0005540,CUST10891,2026-05-14 17:30:00,topup,28801,retail_counter,Retail_Outlet,DEV0b4476b2,Malang,0
TXN0007098,CUST11149,2026-05-14 17:56:00,topup,20387,retail_counter,MyApp,DEV8abcb652,Medan,0
TXN0003567,CUST10587,2026-05-14 17:58:00,topup,12964,e-wallet_dana,MyApp,DEVa83db2df,Balikpapan,0
TXN0000450,CUST10074,2026-05-14 18:10:00,topup,28913,retail_counter,USSD,DEV88addab1,Yogyakarta,0
TXN0004377,CUST10711,2026-05-14 18:20:00,topup,19885,bank_transfer,USSD,DEV318f7980,Denpasar,0
TXN0004175,CUST10679,2026-05-14 18:38:00,topup,24898,e-wallet_gopay,Retail_Outlet,DEV5e8a35cb,Yogyakarta,0
TXN0007092,CUST11147,2026-05-14 18:51:00,topup,20869,e-wallet_ovo,MyApp,DEV6bb17a8b,Malang,0
TXN0005066,CUST10823,2026-05-14 19:16:00,topup,36127,credit_card,MyApp,DEV3f010e25,Balikpapan,0
TXN0004896,CUST10795,2026-05-14 19:23:00,topup,23694,credit_card,MyApp,DEV567a25f8,Malang,0
TXN0003286,CUST10543,2026-05-14 19:34:00,topup,30761,credit_card,Retail_Outlet,DEV067965ab,Pekanbaru,0
TXN0006245,CUST11004,2026-05-14 19:41:00,topup,21016,e-wallet_ovo,Retail_Outlet,DEV83eab8b5,Palembang,0
TXN0004819,CUST10781,2026-05-14 19:42:00,topup,5000,virtual_account,Web_Portal,DEV3a769378,Palembang,0
TXN0001635,CUST10281,2026-05-14 19:53:00,topup,5000,e-wallet_dana,Partner_Bank,DEV5f8a2e3c,Yogyakarta,0
TXN0001428,CUST10243,2026-05-14 19:54:00,topup,7106,retail_counter,MyApp,DEV565c1e3f,Denpasar,0
TXN0007364,CUST11189,2026-05-14 20:24:00,topup,25071,credit_card,Retail_Outlet,DEV662b7ae4,Palembang,0
TXN0003514,CUST10577,2026-05-14 20:34:00,topup,23519,bank_transfer,Retail_Outlet,DEV760e36aa,Pekanbaru,0
TXN0002768,CUST10462,2026-05-14 20:55:00,topup,15721,retail_counter,USSD,DEV1ddb4f15,Yogyakarta,0
TXN0006522,CUST11048,2026-05-14 21:09:00,topup,5000,bank_transfer,Partner_Bank,DEVec8a7209,Jakarta,0
TXN0006028,CUST10969,2026-05-14 21:54:00,topup,5000,retail_counter,USSD,DEV170e0447,Semarang,0
TXN0003677,CUST10604,2026-05-14 21:57:00,topup,5000,e-wallet_gopay,MyApp,DEV4d7efc8e,Balikpapan,0
TXN0003566,CUST10586,2026-05-14 22:10:00,topup,50084,retail_counter,MyApp,DEV08b9b2e9,Yogyakarta,0
TXN0004082,CUST10664,2026-05-14 22:25:00,topup,6450,e-wallet_ovo,Retail_Outlet,DEVf31d40e2,Pekanbaru,0
TXN0000224,CUST10038,2026-05-14 22:34:00,topup,16399,e-wallet_gopay,Retail_Outlet,DEVc7cfeca8,Yogyakarta,0
TXN0000452,CUST10075,2026-05-14 22:38:00,topup,23710,virtual_account,Retail_Outlet,DEV1b41a61e,Surabaya,0
TXN0006275,CUST11008,2026-05-14 22:46:00,topup,11137,virtual_account,Web_Portal,DEVf3fd80f2,Surabaya,0
TXN0002226,CUST10374,2026-05-14 22:50:00,topup,32894,virtual_account,Web_Portal,DEVf61b2bfd,Palembang,0
TXN0004648,CUST10756,2026-05-14 22:51:00,topup,9305,credit_card,Retail_Outlet,DEV2e44d349,Bandung,0
TXN0007252,CUST11173,2026-05-14 22:59:00,topup,53597,bank_transfer,USSD,DEV36b86a13,Balikpapan,0
TXN0004381,CUST10711,2026-05-15 06:54:00,topup,17820,virtual_account,MyApp,DEVed7403c6,Denpasar,0
TXN0001776,CUST10305,2026-05-15 07:19:00,topup,26827,virtual_account,Partner_Bank,DEVf82c6ad8,Palembang,0
TXN0004542,CUST10735,2026-05-15 07:31:00,topup,27758,e-wallet_dana,USSD,DEV252d3404,Bandung,0
TXN0001243,CUST10206,2026-05-15 08:09:00,topup,5000,virtual_account,Partner_Bank,DEVab6b3f08,Malang,0
TXN0002052,CUST10346,2026-05-15 08:17:00,topup,5000,e-wallet_dana,Web_Portal,DEVa70a409d,Balikpapan,0
TXN0003574,CUST10587,2026-05-15 08:33:00,topup,23840,retail_counter,USSD,DEV8356ed61,Balikpapan,0
TXN0002913,CUST10486,2026-05-15 08:42:00,topup,23045,e-wallet_dana,USSD,DEVcaef3c9e,Bandung,0
TXN0002055,CUST10347,2026-05-15 08:46:00,topup,5000,credit_card,MyApp,DEVb0d18df1,Yogyakarta,0
TXN0000703,CUST10118,2026-05-15 09:04:00,topup,8214,bank_transfer,MyApp,DEV80cfb1db,Palembang,0
TXN0001442,CUST10245,2026-05-15 09:15:00,topup,36867,credit_card,Web_Portal,DEVed174fdd,Bandung,0
TXN0002878,CUST10479,2026-05-15 09:22:00,topup,51067,e-wallet_gopay,USSD,DEVdb992f51,Denpasar,0
TXN0007334,CUST11185,2026-05-15 09:40:00,topup,17312,e-wallet_ovo,Retail_Outlet,DEV75ffb57f,Medan,0
TXN0006754,CUST11089,2026-05-15 09:40:00,topup,5000,credit_card,Retail_Outlet,DEVc79e46ae,Semarang,0
TXN0007075,CUST11145,2026-05-15 09:45:00,topup,15204,credit_card,Partner_Bank,DEV985d94c0,Balikpapan,0
TXN0001647,CUST10283,2026-05-15 09:52:00,topup,16458,e-wallet_gopay,MyApp,DEVd85195ac,Semarang,0
TXN0007619,CUST10883,2026-05-15 10:00:00,promo_bundle_redeem,0,promo_credit,MyApp,DEV13d69792,Palembang,1
TXN0007426,CUST11199,2026-05-15 10:17:00,topup,26535,credit_card,MyApp,DEVb58d4c97,Makassar,0
TXN0004069,CUST10662,2026-05-15 10:24:00,topup,51471,credit_card,Partner_Bank,DEV4ecad266,Balikpapan,0
TXN0000863,CUST10142,2026-05-15 10:38:00,topup,13844,e-wallet_dana,Retail_Outlet,DEV6f2537ce,Semarang,0
TXN0004109,CUST10668,2026-05-15 10:39:00,topup,7204,virtual_account,USSD,DEVef4c113d,Denpasar,0
TXN0005004,CUST10812,2026-05-15 10:49:00,topup,26282,e-wallet_gopay,MyApp,DEV7148c007,Denpasar,0
TXN0000301,CUST10049,2026-05-15 10:56:00,topup,25398,e-wallet_gopay,MyApp,DEV6f07b60f,Palembang,0
TXN0004530,CUST10733,2026-05-15 11:05:00,topup,50280,e-wallet_gopay,USSD,DEVd4c2459b,Malang,0
TXN0000544,CUST10090,2026-05-15 11:13:00,topup,39585,virtual_account,Partner_Bank,DEVb9d707a9,Surabaya,0
TXN0005335,CUST10860,2026-05-15 11:15:00,topup,5000,retail_counter,Retail_Outlet,DEV129543a4,Pekanbaru,0
TXN0005869,CUST10941,2026-05-15 11:31:00,topup,14640,credit_card,MyApp,DEVc2cb0bc7,Surabaya,0
TXN0001156,CUST10190,2026-05-15 12:18:00,topup,43126,credit_card,Web_Portal,DEVf5c9f459,Balikpapan,0
TXN0003069,CUST10509,2026-05-15 12:39:00,topup,20733,retail_counter,Partner_Bank,DEVf90c9f84,Surabaya,0
TXN0003782,CUST10619,2026-05-15 12:46:00,topup,5000,bank_transfer,MyApp,DEVecfbc936,Jakarta,0
TXN0003755,CUST10616,2026-05-15 13:04:00,topup,19932,credit_card,Partner_Bank,DEV266a8b90,Palembang,0
TXN0001745,CUST10299,2026-05-15 14:10:00,topup,51753,bank_transfer,MyApp,DEVe27bb6c4,Denpasar,0
TXN0007089,CUST11147,2026-05-15 14:51:00,topup,24546,e-wallet_dana,Web_Portal,DEV5c253a40,Malang,0
TXN0005041,CUST10818,2026-05-15 14:53:00,topup,33298,retail_counter,USSD,DEV263e0670,Medan,0
TXN0005974,CUST10960,2026-05-15 15:08:00,topup,17105,credit_card,Partner_Bank,DEVffad7df2,Semarang,0
TXN0003672,CUST10603,2026-05-15 15:38:00,topup,26471,retail_counter,USSD,DEVa8575900,Jakarta,0
TXN0005111,CUST10829,2026-05-15 15:56:00,topup,52548,e-wallet_gopay,Web_Portal,DEV2449ea0f,Pekanbaru,0
TXN0000004,CUST10000,2026-05-15 16:18:00,topup,21412,e-wallet_dana,MyApp,DEV0bc1f9e5,Malang,0
TXN0002973,CUST10494,2026-05-15 16:24:00,topup,48121,virtual_account,MyApp,DEV30b05a0b,Pekanbaru,0
TXN0003372,CUST10557,2026-05-15 16:36:00,topup,9502,e-wallet_dana,MyApp,DEV4c66d04f,Denpasar,0
TXN0003293,CUST10544,2026-05-15 16:38:00,topup,26652,credit_card,USSD,DEV0d3f69ed,Balikpapan,0
TXN0004440,CUST10719,2026-05-15 16:50:00,topup,35183,credit_card,Retail_Outlet,DEV89ef698a,Semarang,0
TXN0002895,CUST10483,2026-05-15 17:20:00,topup,13411,virtual_account,USSD,DEV5fd2bec3,Denpasar,0
TXN0001541,CUST10265,2026-05-15 17:37:00,topup,26548,retail_counter,Retail_Outlet,DEVb177116d,Malang,0
TXN0001053,CUST10172,2026-05-15 17:45:00,topup,5000,e-wallet_ovo,Partner_Bank,DEV14588063,Palembang,0
TXN0005852,CUST10939,2026-05-15 17:47:00,topup,20166,bank_transfer,MyApp,DEV555b9d60,Semarang,0
TXN0004656,CUST10757,2026-05-15 17:47:00,topup,5000,virtual_account,Partner_Bank,DEVa282bbab,Yogyakarta,0
TXN0004426,CUST10718,2026-05-15 17:49:00,topup,39034,e-wallet_gopay,MyApp,DEVbd32ebda,Denpasar,0
TXN0003679,CUST10604,2026-05-15 17:52:00,topup,31915,bank_transfer,USSD,DEV3e84455f,Balikpapan,0
TXN0006024,CUST10968,2026-05-15 18:12:00,topup,22482,credit_card,USSD,DEV31bf8a3c,Palembang,0
TXN0002467,CUST10411,2026-05-15 18:13:00,topup,5000,virtual_account,USSD,DEV757e2b43,Balikpapan,0
TXN0002703,CUST10450,2026-05-15 18:24:00,topup,12381,retail_counter,Retail_Outlet,DEVf75c0751,Denpasar,0
TXN0004922,CUST10800,2026-05-15 18:54:00,topup,19719,e-wallet_gopay,USSD,DEV18d939eb,Medan,0
TXN0006440,CUST11035,2026-05-15 19:19:00,topup,36866,bank_transfer,USSD,DEV1719944c,Malang,0
TXN0006515,CUST11047,2026-05-15 19:31:00,topup,19902,e-wallet_gopay,MyApp,DEVe9622f9d,Makassar,0
TXN0001126,CUST10185,2026-05-15 19:44:00,topup,15102,e-wallet_gopay,Retail_Outlet,DEVc4bd338e,Balikpapan,0
TXN0001886,CUST10322,2026-05-15 19:49:00,topup,13345,e-wallet_dana,USSD,DEV430438b5,Makassar,0
TXN0000425,CUST10070,2026-05-15 20:40:00,topup,25787,retail_counter,Partner_Bank,DEV8da03d88,Surabaya,0
TXN0001311,CUST10219,2026-05-15 21:11:00,topup,5000,credit_card,MyApp,DEV94010dfe,Makassar,0
TXN0000507,CUST10083,2026-05-15 21:29:00,topup,23267,e-wallet_dana,Retail_Outlet,DEV5200044b,Bandung,0
TXN0002749,CUST10458,2026-05-15 21:54:00,topup,30637,virtual_account,Web_Portal,DEV32167340,Makassar,0
TXN0002112,CUST10357,2026-05-15 21:59:00,topup,16862,e-wallet_dana,Retail_Outlet,DEVa4d546e1,Semarang,0
TXN0000605,CUST10100,2026-05-15 22:43:00,topup,25079,e-wallet_dana,Web_Portal,DEV67e54646,Balikpapan,0
TXN0007462,CUST10314,2026-05-16 01:01:51,topup,300000,e-wallet_gopay,Web_Portal,DEV_SHARED_9F21A,Pekanbaru,1
TXN0007511,CUST10480,2026-05-16 01:03:06,topup,200000,e-wallet_gopay,Web_Portal,DEV_SHARED_9F21A,Makassar,1
TXN0007521,CUST11043,2026-05-16 01:06:17,topup,200000,e-wallet_gopay,Web_Portal,DEV_SHARED_9F21A,Semarang,1
TXN0007504,CUST11146,2026-05-16 01:07:57,topup,250000,e-wallet_gopay,Web_Portal,DEV_SHARED_9F21A,Makassar,1
TXN0007529,CUST10306,2026-05-16 01:08:29,topup,250000,e-wallet_gopay,Web_Portal,DEV_SHARED_9F21A,Jakarta,1
TXN0007545,CUST10220,2026-05-16 01:08:51,topup,200000,e-wallet_gopay,Web_Portal,DEV_SHARED_9F21A,Yogyakarta,1
TXN0007460,CUST10314,2026-05-16 01:10:49,topup,300000,e-wallet_gopay,Web_Portal,DEV_SHARED_9F21A,Pekanbaru,1
TXN0007525,CUST11006,2026-05-16 01:13:23,topup,200000,e-wallet_gopay,Web_Portal,DEV_SHARED_9F21A,Bandung,1
TXN0007505,CUST10228,2026-05-16 01:13:59,topup,300000,e-wallet_gopay,Web_Portal,DEV_SHARED_9F21A,Malang,1
TXN0007495,CUST10321,2026-05-16 01:14:47,topup,300000,e-wallet_gopay,Web_Portal,DEV_SHARED_9F21A,Pekanbaru,1
TXN0007447,CUST10190,2026-05-16 01:15:26,topup,200000,e-wallet_gopay,Web_Portal,DEV_SHARED_9F21A,Balikpapan,1
TXN0007532,CUST10306,2026-05-16 01:15:32,topup,250000,e-wallet_gopay,Web_Portal,DEV_SHARED_9F21A,Jakarta,1
TXN0007454,CUST10283,2026-05-16 01:15:38,topup,300000,e-wallet_gopay,Web_Portal,DEV_SHARED_9F21A,Semarang,1
TXN0007435,CUST10683,2026-05-16 01:16:08,topup,300000,e-wallet_gopay,Web_Portal,DEV_SHARED_9F21A,Palembang,1
TXN0007498,CUST10321,2026-05-16 01:22:50,topup,200000,e-wallet_gopay,Web_Portal,DEV_SHARED_9F21A,Pekanbaru,1
TXN0007547,CUST10220,2026-05-16 01:22:53,topup,250000,e-wallet_gopay,Web_Portal,DEV_SHARED_9F21A,Yogyakarta,1
TXN0007450,CUST11083,2026-05-16 01:23:30,topup,250000,e-wallet_gopay,Web_Portal,DEV_SHARED_9F21A,Surabaya,1
TXN0007476,CUST10239,2026-05-16 01:24:13,topup,200000,e-wallet_gopay,Web_Portal,DEV_SHARED_9F21A,Denpasar,1
TXN0007514,CUST10480,2026-05-16 01:27:09,topup,250000,e-wallet_gopay,Web_Portal,DEV_SHARED_9F21A,Makassar,1
TXN0007515,CUST10480,2026-05-16 01:28:10,topup,300000,e-wallet_gopay,Web_Portal,DEV_SHARED_9F21A,Makassar,1
TXN0007469,CUST10664,2026-05-16 01:29:03,topup,300000,e-wallet_gopay,Web_Portal,DEV_SHARED_9F21A,Pekanbaru,1
TXN0007482,CUST10335,2026-05-16 01:32:24,topup,250000,e-wallet_gopay,Web_Portal,DEV_SHARED_9F21A,Makassar,1
TXN0007534,CUST11092,2026-05-16 01:33:35,topup,300000,e-wallet_gopay,Web_Portal,DEV_SHARED_9F21A,Balikpapan,1
TXN0007464,CUST10314,2026-05-16 01:33:53,topup,300000,e-wallet_gopay,Web_Portal,DEV_SHARED_9F21A,Pekanbaru,1
TXN0007472,CUST10664,2026-05-16 01:34:06,topup,300000,e-wallet_gopay,Web_Portal,DEV_SHARED_9F21A,Pekanbaru,1
TXN0007484,CUST10335,2026-05-16 01:34:26,topup,300000,e-wallet_gopay,Web_Portal,DEV_SHARED_9F21A,Makassar,1
TXN0007537,CUST10568,2026-05-16 01:35:41,topup,200000,e-wallet_gopay,Web_Portal,DEV_SHARED_9F21A,Semarang,1
TXN0007526,CUST11006,2026-05-16 01:37:24,topup,200000,e-wallet_gopay,Web_Portal,DEV_SHARED_9F21A,Bandung,1
TXN0007543,CUST10220,2026-05-16 01:37:49,topup,200000,e-wallet_gopay,Web_Portal,DEV_SHARED_9F21A,Yogyakarta,1
TXN0007438,CUST10683,2026-05-16 01:38:11,topup,200000,e-wallet_gopay,Web_Portal,DEV_SHARED_9F21A,Palembang,1
TXN0007528,CUST10306,2026-05-16 01:40:28,topup,250000,e-wallet_gopay,Web_Portal,DEV_SHARED_9F21A,Jakarta,1
TXN0007453,CUST10283,2026-05-16 02:00:37,topup,300000,e-wallet_gopay,Web_Portal,DEV_SHARED_9F21A,Semarang,1
TXN0007492,CUST10838,2026-05-16 02:01:40,topup,300000,e-wallet_gopay,Web_Portal,DEV_SHARED_9F21A,Jakarta,1
TXN0007509,CUST10228,2026-05-16 02:06:03,topup,250000,e-wallet_gopay,Web_Portal,DEV_SHARED_9F21A,Malang,1
TXN0007458,CUST10817,2026-05-16 02:06:44,topup,300000,e-wallet_gopay,Web_Portal,DEV_SHARED_9F21A,Balikpapan,1
TXN0007533,CUST11092,2026-05-16 02:08:34,topup,200000,e-wallet_gopay,Web_Portal,DEV_SHARED_9F21A,Balikpapan,1
TXN0007518,CUST11043,2026-05-16 02:09:14,topup,250000,e-wallet_gopay,Web_Portal,DEV_SHARED_9F21A,Semarang,1
TXN0007486,CUST10189,2026-05-16 02:10:31,topup,300000,e-wallet_gopay,Web_Portal,DEV_SHARED_9F21A,Pekanbaru,1
TXN0007491,CUST10838,2026-05-16 02:10:39,topup,250000,e-wallet_gopay,Web_Portal,DEV_SHARED_9F21A,Jakarta,1
TXN0007433,CUST10636,2026-05-16 02:11:03,topup,300000,e-wallet_gopay,Web_Portal,DEV_SHARED_9F21A,Bandung,1
TXN0007461,CUST10314,2026-05-16 02:12:50,topup,300000,e-wallet_gopay,Web_Portal,DEV_SHARED_9F21A,Pekanbaru,1
TXN0007456,CUST10817,2026-05-16 02:14:42,topup,300000,e-wallet_gopay,Web_Portal,DEV_SHARED_9F21A,Balikpapan,1
TXN0007445,CUST10190,2026-05-16 02:16:24,topup,300000,e-wallet_gopay,Web_Portal,DEV_SHARED_9F21A,Balikpapan,1
TXN0007446,CUST10190,2026-05-16 02:16:25,topup,200000,e-wallet_gopay,Web_Portal,DEV_SHARED_9F21A,Balikpapan,1
TXN0007485,CUST10335,2026-05-16 02:16:27,topup,200000,e-wallet_gopay,Web_Portal,DEV_SHARED_9F21A,Makassar,1
TXN0007536,CUST11092,2026-05-16 02:17:37,topup,300000,e-wallet_gopay,Web_Portal,DEV_SHARED_9F21A,Balikpapan,1
TXN0007513,CUST10480,2026-05-16 02:20:08,topup,250000,e-wallet_gopay,Web_Portal,DEV_SHARED_9F21A,Makassar,1
TXN0007455,CUST10283,2026-05-16 02:20:39,topup,300000,e-wallet_gopay,Web_Portal,DEV_SHARED_9F21A,Semarang,1
TXN0007510,CUST10228,2026-05-16 02:22:04,topup,200000,e-wallet_gopay,Web_Portal,DEV_SHARED_9F21A,Malang,1
TXN0007451,CUST10283,2026-05-16 02:23:35,topup,250000,e-wallet_gopay,Web_Portal,DEV_SHARED_9F21A,Semarang,1
TXN0007501,CUST11146,2026-05-16 02:25:54,topup,300000,e-wallet_gopay,Web_Portal,DEV_SHARED_9F21A,Makassar,1
TXN0007474,CUST10239,2026-05-16 02:27:11,topup,250000,e-wallet_gopay,Web_Portal,DEV_SHARED_9F21A,Denpasar,1
TXN0007520,CUST11043,2026-05-16 02:28:16,topup,250000,e-wallet_gopay,Web_Portal,DEV_SHARED_9F21A,Semarang,1
TXN0007497,CUST10321,2026-05-16 02:28:49,topup,300000,e-wallet_gopay,Web_Portal,DEV_SHARED_9F21A,Pekanbaru,1
TXN0007466,CUST10537,2026-05-16 02:30:56,topup,300000,e-wallet_gopay,Web_Portal,DEV_SHARED_9F21A,Malang,1
TXN0007465,CUST10314,2026-05-16 02:33:54,topup,300000,e-wallet_gopay,Web_Portal,DEV_SHARED_9F21A,Pekanbaru,1
TXN0007499,CUST11146,2026-05-16 02:34:52,topup,250000,e-wallet_gopay,Web_Portal,DEV_SHARED_9F21A,Makassar,1
TXN0007473,CUST10239,2026-05-16 02:35:10,topup,250000,e-wallet_gopay,Web_Portal,DEV_SHARED_9F21A,Denpasar,1
TXN0007500,CUST11146,2026-05-16 02:40:53,topup,200000,e-wallet_gopay,Web_Portal,DEV_SHARED_9F21A,Makassar,1
TXN0007502,CUST11146,2026-05-16 03:01:55,topup,250000,e-wallet_gopay,Web_Portal,DEV_SHARED_9F21A,Makassar,1
TXN0007442,CUST10190,2026-05-16 03:03:21,topup,300000,e-wallet_gopay,Web_Portal,DEV_SHARED_9F21A,Balikpapan,1
TXN0007535,CUST11092,2026-05-16 03:03:36,topup,250000,e-wallet_gopay,Web_Portal,DEV_SHARED_9F21A,Balikpapan,1
TXN0007540,CUST10568,2026-05-16 03:03:44,topup,200000,e-wallet_gopay,Web_Portal,DEV_SHARED_9F21A,Semarang,1
TXN0007430,CUST10636,2026-05-16 03:05:00,topup,200000,e-wallet_gopay,Web_Portal,DEV_SHARED_9F21A,Bandung,1
TXN0007477,CUST10239,2026-05-16 03:06:14,topup,250000,e-wallet_gopay,Web_Portal,DEV_SHARED_9F21A,Denpasar,1
TXN0007470,CUST10664,2026-05-16 03:11:04,topup,300000,e-wallet_gopay,Web_Portal,DEV_SHARED_9F21A,Pekanbaru,1
TXN0007437,CUST10683,2026-05-16 03:11:10,topup,200000,e-wallet_gopay,Web_Portal,DEV_SHARED_9F21A,Palembang,1
TXN0007490,CUST10838,2026-05-16 03:11:38,topup,300000,e-wallet_gopay,Web_Portal,DEV_SHARED_9F21A,Jakarta,1
TXN0007467,CUST10537,2026-05-16 03:11:57,topup,300000,e-wallet_gopay,Web_Portal,DEV_SHARED_9F21A,Malang,1
TXN0007507,CUST10228,2026-05-16 03:13:01,topup,200000,e-wallet_gopay,Web_Portal,DEV_SHARED_9F21A,Malang,1
TXN0007440,CUST11033,2026-05-16 03:13:15,topup,250000,e-wallet_gopay,Web_Portal,DEV_SHARED_9F21A,Bandung,1
TXN0007479,CUST10135,2026-05-16 03:14:18,topup,200000,e-wallet_gopay,Web_Portal,DEV_SHARED_9F21A,Bandung,1
TXN0007444,CUST10190,2026-05-16 03:15:23,topup,300000,e-wallet_gopay,Web_Portal,DEV_SHARED_9F21A,Balikpapan,1
TXN0007457,CUST10817,2026-05-16 03:15:43,topup,250000,e-wallet_gopay,Web_Portal,DEV_SHARED_9F21A,Balikpapan,1
TXN0007522,CUST11006,2026-05-16 03:16:20,topup,250000,e-wallet_gopay,Web_Portal,DEV_SHARED_9F21A,Bandung,1
TXN0007463,CUST10314,2026-05-16 03:16:52,topup,300000,e-wallet_gopay,Web_Portal,DEV_SHARED_9F21A,Pekanbaru,1
TXN0007493,CUST10321,2026-05-16 03:17:45,topup,250000,e-wallet_gopay,Web_Portal,DEV_SHARED_9F21A,Pekanbaru,1
TXN0007489,CUST10189,2026-05-16 03:18:34,topup,300000,e-wallet_gopay,Web_Portal,DEV_SHARED_9F21A,Pekanbaru,1
TXN0007448,CUST11083,2026-05-16 03:20:28,topup,300000,e-wallet_gopay,Web_Portal,DEV_SHARED_9F21A,Surabaya,1
TXN0007449,CUST11083,2026-05-16 03:25:29,topup,200000,e-wallet_gopay,Web_Portal,DEV_SHARED_9F21A,Surabaya,1
TXN0007506,CUST10228,2026-05-16 03:26:00,topup,300000,e-wallet_gopay,Web_Portal,DEV_SHARED_9F21A,Malang,1
TXN0007530,CUST10306,2026-05-16 03:26:30,topup,300000,e-wallet_gopay,Web_Portal,DEV_SHARED_9F21A,Jakarta,1
TXN0007541,CUST10568,2026-05-16 03:26:45,topup,250000,e-wallet_gopay,Web_Portal,DEV_SHARED_9F21A,Semarang,1
TXN0007432,CUST10636,2026-05-16 03:28:02,topup,300000,e-wallet_gopay,Web_Portal,DEV_SHARED_9F21A,Bandung,1
TXN0007503,CUST11146,2026-05-16 03:32:56,topup,300000,e-wallet_gopay,Web_Portal,DEV_SHARED_9F21A,Makassar,1
TXN0007538,CUST10568,2026-05-16 03:36:42,topup,250000,e-wallet_gopay,Web_Portal,DEV_SHARED_9F21A,Semarang,1
TXN0007436,CUST10683,2026-05-16 03:37:09,topup,250000,e-wallet_gopay,Web_Portal,DEV_SHARED_9F21A,Palembang,1
TXN0007516,CUST10480,2026-05-16 03:37:11,topup,300000,e-wallet_gopay,Web_Portal,DEV_SHARED_9F21A,Makassar,1
TXN0007544,CUST10220,2026-05-16 03:38:50,topup,250000,e-wallet_gopay,Web_Portal,DEV_SHARED_9F21A,Yogyakarta,1
TXN0007512,CUST10480,2026-05-16 04:02:07,topup,200000,e-wallet_gopay,Web_Portal,DEV_SHARED_9F21A,Makassar,1
TXN0007539,CUST10568,2026-05-16 04:03:43,topup,250000,e-wallet_gopay,Web_Portal,DEV_SHARED_9F21A,Semarang,1
TXN0007523,CUST11006,2026-05-16 04:04:21,topup,300000,e-wallet_gopay,Web_Portal,DEV_SHARED_9F21A,Bandung,1
TXN0007496,CUST10321,2026-05-16 04:05:48,topup,200000,e-wallet_gopay,Web_Portal,DEV_SHARED_9F21A,Pekanbaru,1
TXN0007475,CUST10239,2026-05-16 04:06:12,topup,300000,e-wallet_gopay,Web_Portal,DEV_SHARED_9F21A,Denpasar,1
TXN0007546,CUST10220,2026-05-16 04:06:52,topup,250000,e-wallet_gopay,Web_Portal,DEV_SHARED_9F21A,Yogyakarta,1
TXN0007439,CUST11033,2026-05-16 04:08:14,topup,250000,e-wallet_gopay,Web_Portal,DEV_SHARED_9F21A,Bandung,1
TXN0007441,CUST11033,2026-05-16 04:09:16,topup,300000,e-wallet_gopay,Web_Portal,DEV_SHARED_9F21A,Bandung,1
TXN0007443,CUST10190,2026-05-16 04:10:22,topup,250000,e-wallet_gopay,Web_Portal,DEV_SHARED_9F21A,Balikpapan,1
TXN0007542,CUST10220,2026-05-16 04:12:48,topup,200000,e-wallet_gopay,Web_Portal,DEV_SHARED_9F21A,Yogyakarta,1
TXN0007488,CUST10189,2026-05-16 04:13:33,topup,300000,e-wallet_gopay,Web_Portal,DEV_SHARED_9F21A,Pekanbaru,1
TXN0007452,CUST10283,2026-05-16 04:13:36,topup,300000,e-wallet_gopay,Web_Portal,DEV_SHARED_9F21A,Semarang,1
TXN0007471,CUST10664,2026-05-16 04:14:05,topup,200000,e-wallet_gopay,Web_Portal,DEV_SHARED_9F21A,Pekanbaru,1
TXN0007517,CUST11043,2026-05-16 04:15:13,topup,250000,e-wallet_gopay,Web_Portal,DEV_SHARED_9F21A,Semarang,1
TXN0007480,CUST10135,2026-05-16 04:19:19,topup,300000,e-wallet_gopay,Web_Portal,DEV_SHARED_9F21A,Bandung,1
TXN0007527,CUST10306,2026-05-16 04:19:27,topup,250000,e-wallet_gopay,Web_Portal,DEV_SHARED_9F21A,Jakarta,1
TXN0007531,CUST10306,2026-05-16 04:21:31,topup,200000,e-wallet_gopay,Web_Portal,DEV_SHARED_9F21A,Jakarta,1
TXN0007481,CUST10135,2026-05-16 04:22:20,topup,300000,e-wallet_gopay,Web_Portal,DEV_SHARED_9F21A,Bandung,1
TXN0007487,CUST10189,2026-05-16 04:22:32,topup,300000,e-wallet_gopay,Web_Portal,DEV_SHARED_9F21A,Pekanbaru,1
TXN0007524,CUST11006,2026-05-16 04:23:22,topup,300000,e-wallet_gopay,Web_Portal,DEV_SHARED_9F21A,Bandung,1
TXN0007519,CUST11043,2026-05-16 04:29:15,topup,300000,e-wallet_gopay,Web_Portal,DEV_SHARED_9F21A,Semarang,1
TXN0007483,CUST10335,2026-05-16 04:29:25,topup,200000,e-wallet_gopay,Web_Portal,DEV_SHARED_9F21A,Makassar,1
TXN0007459,CUST10817,2026-05-16 04:30:45,topup,300000,e-wallet_gopay,Web_Portal,DEV_SHARED_9F21A,Balikpapan,1
TXN0007431,CUST10636,2026-05-16 04:33:01,topup,200000,e-wallet_gopay,Web_Portal,DEV_SHARED_9F21A,Bandung,1
TXN0007468,CUST10537,2026-05-16 04:33:58,topup,250000,e-wallet_gopay,Web_Portal,DEV_SHARED_9F21A,Malang,1
TXN0007494,CUST10321,2026-05-16 04:38:46,topup,200000,e-wallet_gopay,Web_Portal,DEV_SHARED_9F21A,Pekanbaru,1
TXN0007508,CUST10228,2026-05-16 04:39:02,topup,300000,e-wallet_gopay,Web_Portal,DEV_SHARED_9F21A,Malang,1
TXN0007434,CUST10683,2026-05-16 04:40:07,topup,300000,e-wallet_gopay,Web_Portal,DEV_SHARED_9F21A,Palembang,1
TXN0007478,CUST10135,2026-05-16 04:41:17,topup,200000,e-wallet_gopay,Web_Portal,DEV_SHARED_9F21A,Bandung,1
TXN0001867,CUST10319,2026-05-16 06:00:00,topup,5000,retail_counter,Retail_Outlet,DEVc310d2a2,Malang,0
TXN0002367,CUST10396,2026-05-16 06:06:00,topup,5000,bank_transfer,Web_Portal,DEVe2901d96,Bandung,0
TXN0006543,CUST11053,2026-05-16 06:18:00,topup,23035,e-wallet_gopay,USSD,DEVec0389c1,Semarang,0
TXN0001822,CUST10312,2026-05-16 06:20:00,topup,36187,e-wallet_gopay,Retail_Outlet,DEV659ae9f2,Medan,0
TXN0002868,CUST10478,2026-05-16 06:48:00,topup,5000,credit_card,Retail_Outlet,DEVf1e7ada0,Denpasar,0
TXN0006202,CUST10996,2026-05-16 07:50:00,topup,36732,bank_transfer,Web_Portal,DEV4377be10,Medan,0
TXN0005976,CUST10960,2026-05-16 08:06:00,topup,39803,e-wallet_gopay,Partner_Bank,DEVdb2d0fff,Semarang,0
TXN0002128,CUST10360,2026-05-16 08:23:00,topup,8826,retail_counter,Retail_Outlet,DEV427f6635,Makassar,0
TXN0006411,CUST11030,2026-05-16 08:24:00,topup,22028,e-wallet_dana,MyApp,DEVf68d6979,Medan,0
TXN0002228,CUST10374,2026-05-16 08:26:00,topup,66591,bank_transfer,Retail_Outlet,DEVf60b9881,Palembang,0
TXN0002050,CUST10345,2026-05-16 08:30:00,topup,15372,credit_card,USSD,DEVb9163357,Pekanbaru,0
TXN0002721,CUST10453,2026-05-16 08:37:00,topup,31778,e-wallet_dana,Web_Portal,DEVbf3f51d5,Medan,0
TXN0003505,CUST10575,2026-05-16 09:08:00,topup,32997,retail_counter,Partner_Bank,DEV62e0adf7,Surabaya,0
TXN0001314,CUST10219,2026-05-16 09:08:00,topup,32998,e-wallet_dana,Web_Portal,DEV7c193e6f,Makassar,0
TXN0007358,CUST11188,2026-05-16 09:17:00,topup,42805,e-wallet_dana,Retail_Outlet,DEV2d555314,Makassar,0
TXN0004793,CUST10777,2026-05-16 09:32:00,topup,23330,e-wallet_dana,USSD,DEV7d8f2305,Surabaya,0
TXN0003705,CUST10610,2026-05-16 09:33:00,topup,24074,retail_counter,Web_Portal,DEV9f1c9fd4,Bandung,0
TXN0000662,CUST10111,2026-05-16 09:49:00,topup,34483,bank_transfer,Partner_Bank,DEV9ca4364d,Surabaya,0
TXN0005784,CUST10931,2026-05-16 10:01:00,topup,5000,bank_transfer,USSD,DEVf945cfd4,Denpasar,0
TXN0002964,CUST10493,2026-05-16 10:05:00,topup,5000,e-wallet_dana,MyApp,DEVd89939ba,Bandung,0
TXN0006438,CUST11034,2026-05-16 10:34:00,topup,5000,virtual_account,Web_Portal,DEV279e04e7,Surabaya,0
TXN0004609,CUST10749,2026-05-16 10:37:00,topup,5000,virtual_account,Partner_Bank,DEV9c2b4ca9,Medan,0
TXN0006137,CUST10985,2026-05-16 10:50:00,topup,47024,retail_counter,Partner_Bank,DEV1e22ade1,Surabaya,0
TXN0007590,CUST10683,2026-05-16 11:00:00,promo_bundle_redeem,0,promo_credit,MyApp,DEVd0d0d99d,Palembang,1
TXN0000382,CUST10062,2026-05-16 11:12:00,topup,25829,e-wallet_dana,Web_Portal,DEVba05dd0f,Yogyakarta,0
TXN0001636,CUST10281,2026-05-16 11:22:00,topup,18603,e-wallet_dana,Partner_Bank,DEV047dd583,Yogyakarta,0
TXN0006010,CUST10966,2026-05-16 11:22:00,topup,33830,bank_transfer,Retail_Outlet,DEVcac6a853,Surabaya,0
TXN0000099,CUST10015,2026-05-16 11:24:00,topup,28074,virtual_account,USSD,DEV8ac8ad93,Balikpapan,0
TXN0002377,CUST10398,2026-05-16 11:40:00,topup,44861,e-wallet_ovo,Web_Portal,DEVa2da43a7,Makassar,0
TXN0004779,CUST10775,2026-05-16 12:05:00,topup,5000,retail_counter,Retail_Outlet,DEV243191eb,Surabaya,0
TXN0007266,CUST11175,2026-05-16 12:45:00,topup,16599,virtual_account,Partner_Bank,DEV46e95aec,Medan,0
TXN0003384,CUST10559,2026-05-16 12:50:00,topup,5000,bank_transfer,Web_Portal,DEV0b070a68,Denpasar,0
TXN0000281,CUST10046,2026-05-16 12:53:00,topup,22442,retail_counter,Retail_Outlet,DEVdf162ec3,Medan,0
TXN0004890,CUST10795,2026-05-16 12:56:00,topup,5000,e-wallet_dana,Retail_Outlet,DEVe13ae6f4,Malang,0
TXN0000931,CUST10152,2026-05-16 13:00:00,topup,46829,credit_card,Partner_Bank,DEVd37ee471,Pekanbaru,0
TXN0006846,CUST11106,2026-05-16 13:29:00,topup,23642,e-wallet_gopay,Retail_Outlet,DEVe1ea1d2e,Bandung,0
TXN0001451,CUST10247,2026-05-16 13:51:00,topup,18752,retail_counter,MyApp,DEVd3946dc7,Bandung,0
TXN0001112,CUST10181,2026-05-16 13:53:00,topup,28332,credit_card,USSD,DEV99e95433,Makassar,0
TXN0006113,CUST10982,2026-05-16 14:13:00,topup,14752,retail_counter,Partner_Bank,DEV2a64d46b,Yogyakarta,0
TXN0007233,CUST11169,2026-05-16 14:27:00,topup,21028,credit_card,Partner_Bank,DEV891887a7,Malang,0
TXN0006646,CUST11071,2026-05-16 14:49:00,topup,35877,credit_card,USSD,DEVc8880b2c,Yogyakarta,0
TXN0005275,CUST10851,2026-05-16 15:41:00,topup,7185,virtual_account,Web_Portal,DEVa19ccc9a,Bandung,0
TXN0004924,CUST10800,2026-05-16 16:32:00,topup,26731,e-wallet_gopay,Web_Portal,DEVde952d1d,Medan,0
TXN0001128,CUST10185,2026-05-16 16:44:00,topup,12360,e-wallet_ovo,Web_Portal,DEVc2294116,Balikpapan,0
TXN0004830,CUST10784,2026-05-16 16:56:00,topup,48731,virtual_account,Retail_Outlet,DEV40e07e0f,Surabaya,0
TXN0004456,CUST10722,2026-05-16 17:40:00,topup,5000,e-wallet_dana,MyApp,DEV9faa2180,Bandung,0
TXN0005203,CUST10841,2026-05-16 17:46:00,topup,18379,e-wallet_dana,USSD,DEVcd4c01b3,Balikpapan,0
TXN0000270,CUST10045,2026-05-16 17:48:00,topup,37426,e-wallet_dana,MyApp,DEV57d9cbb0,Malang,0
TXN0005466,CUST10880,2026-05-16 18:10:00,topup,16664,virtual_account,Retail_Outlet,DEV49ca4ae6,Pekanbaru,0
TXN0003239,CUST10534,2026-05-16 18:10:00,topup,9978,credit_card,Web_Portal,DEV75757602,Semarang,0
TXN0001346,CUST10228,2026-05-16 18:18:00,topup,18295,e-wallet_gopay,Partner_Bank,DEV958c9cfd,Malang,0
TXN0002830,CUST10472,2026-05-16 18:22:00,topup,25525,virtual_account,MyApp,DEVce8a5306,Pekanbaru,0
TXN0005238,CUST10846,2026-05-16 18:51:00,topup,5000,credit_card,Web_Portal,DEVb5b25ed1,Jakarta,0
TXN0005233,CUST10845,2026-05-16 18:52:00,topup,5000,e-wallet_dana,MyApp,DEV6b4203f7,Semarang,0
TXN0006741,CUST11086,2026-05-16 19:16:00,topup,12910,e-wallet_gopay,MyApp,DEV05a562a9,Balikpapan,0
TXN0004139,CUST10672,2026-05-16 19:20:00,topup,45740,credit_card,Retail_Outlet,DEV06e2ac94,Pekanbaru,0
TXN0003114,CUST10516,2026-05-16 19:27:00,topup,9553,credit_card,Retail_Outlet,DEV646d2e33,Palembang,0
TXN0002326,CUST10390,2026-05-16 19:32:00,topup,24387,e-wallet_dana,Retail_Outlet,DEV204054fb,Jakarta,0
TXN0001401,CUST10239,2026-05-16 19:43:00,topup,16333,bank_transfer,USSD,DEV4c82c445,Denpasar,0
TXN0005176,CUST10836,2026-05-16 19:48:00,topup,9165,virtual_account,Web_Portal,DEVdb6f3ad4,Pekanbaru,0
TXN0004303,CUST10697,2026-05-16 19:50:00,topup,7787,bank_transfer,MyApp,DEV734bda19,Medan,0
TXN0004251,CUST10689,2026-05-16 20:09:00,topup,36635,e-wallet_ovo,MyApp,DEV282f0aa6,Medan,0
TXN0000197,CUST10032,2026-05-16 20:35:00,topup,18688,credit_card,USSD,DEV1cce08e9,Yogyakarta,0
TXN0005119,CUST10830,2026-05-16 20:49:00,topup,25757,credit_card,USSD,DEV7f2632df,Denpasar,0
TXN0003018,CUST10500,2026-05-16 20:52:00,topup,5000,e-wallet_ovo,Web_Portal,DEV3016cecc,Denpasar,0
TXN0007054,CUST11140,2026-05-16 21:02:00,topup,5000,retail_counter,USSD,DEV1dbd3a83,Surabaya,0
TXN0002223,CUST10373,2026-05-16 21:22:00,topup,15520,e-wallet_gopay,USSD,DEVc86aed73,Medan,0
TXN0007216,CUST11166,2026-05-16 21:26:00,topup,18348,bank_transfer,USSD,DEVb1b8106d,Palembang,0
TXN0006467,CUST11038,2026-05-16 21:28:00,topup,8014,e-wallet_ovo,Web_Portal,DEV295c1b59,Malang,0
TXN0004219,CUST10684,2026-05-16 21:36:00,topup,34483,e-wallet_dana,Partner_Bank,DEV8ec29e07,Medan,0
TXN0006290,CUST11009,2026-05-16 21:54:00,topup,5000,virtual_account,Partner_Bank,DEVec7448f9,Makassar,0
TXN0006115,CUST10982,2026-05-16 22:01:00,topup,28324,e-wallet_ovo,USSD,DEVa03f137f,Yogyakarta,0
TXN0001337,CUST10227,2026-05-16 22:06:00,topup,26417,virtual_account,USSD,DEV87cb0e2a,Balikpapan,0
TXN0005368,CUST10865,2026-05-16 22:09:00,topup,5203,e-wallet_dana,USSD,DEVed441085,Palembang,0
TXN0007288,CUST11177,2026-05-16 22:22:00,topup,5000,retail_counter,Web_Portal,DEV950097ce,Yogyakarta,0
TXN0005956,CUST10956,2026-05-16 22:32:00,topup,25462,bank_transfer,Partner_Bank,DEVc9ceacdb,Yogyakarta,0
TXN0003925,CUST10640,2026-05-16 22:36:00,topup,23530,bank_transfer,MyApp,DEV4d59f68e,Palembang,0
TXN0001164,CUST10191,2026-05-16 22:45:00,topup,5000,retail_counter,Web_Portal,DEV0e5779ec,Pekanbaru,0
TXN0003013,CUST10500,2026-05-16 22:47:00,topup,32907,e-wallet_gopay,Partner_Bank,DEVd0cb079f,Denpasar,0
TXN0004670,CUST10759,2026-05-17 06:02:00,topup,37304,e-wallet_gopay,MyApp,DEV7011a2be,Malang,0
TXN0004909,CUST10797,2026-05-17 06:21:00,topup,38979,virtual_account,USSD,DEVe3d21a33,Surabaya,0
TXN0004506,CUST10729,2026-05-17 06:31:00,topup,26413,credit_card,MyApp,DEV6b5341c0,Bandung,0
TXN0000311,CUST10051,2026-05-17 06:49:00,topup,38717,virtual_account,Retail_Outlet,DEV10b6a662,Makassar,0
TXN0002967,CUST10493,2026-05-17 06:50:00,topup,5000,credit_card,Partner_Bank,DEV6fa5f03f,Bandung,0
TXN0005430,CUST10875,2026-05-17 07:26:00,topup,6111,retail_counter,USSD,DEVac5e1ec3,Makassar,0
TXN0005324,CUST10859,2026-05-17 07:30:00,topup,18350,retail_counter,USSD,DEV44113459,Denpasar,0
TXN0006235,CUST11002,2026-05-17 08:15:00,topup,7346,retail_counter,MyApp,DEV7dd7e170,Semarang,0
TXN0007132,CUST11154,2026-05-17 08:20:00,topup,33864,virtual_account,Retail_Outlet,DEVf644404d,Balikpapan,0
TXN0005465,CUST10880,2026-05-17 08:36:00,topup,5000,e-wallet_gopay,Retail_Outlet,DEVdde7110f,Pekanbaru,0
TXN0000124,CUST10020,2026-05-17 09:06:00,topup,23455,e-wallet_dana,Retail_Outlet,DEV2e9ce8ff,Surabaya,0
TXN0005458,CUST10879,2026-05-17 09:31:00,topup,5000,retail_counter,Web_Portal,DEV4151344e,Semarang,0
TXN0006014,CUST10966,2026-05-17 09:48:00,topup,22644,e-wallet_gopay,MyApp,DEV1be52474,Surabaya,0
TXN0000092,CUST10014,2026-05-17 09:48:00,topup,21029,e-wallet_dana,Retail_Outlet,DEV2c78644f,Jakarta,0
TXN0005531,CUST10890,2026-05-17 09:50:00,topup,40116,credit_card,Web_Portal,DEV8393a544,Makassar,0
TXN0002106,CUST10356,2026-05-17 10:01:00,topup,12239,retail_counter,Retail_Outlet,DEV6b579789,Yogyakarta,0
TXN0005246,CUST10847,2026-05-17 10:11:00,topup,12486,e-wallet_gopay,Retail_Outlet,DEVb1a63ccf,Pekanbaru,0
TXN0006026,CUST10969,2026-05-17 10:17:00,topup,16349,virtual_account,Retail_Outlet,DEV1f473751,Semarang,0
TXN0005548,CUST10892,2026-05-17 10:19:00,topup,21475,credit_card,USSD,DEV381692f5,Yogyakarta,0
TXN0003399,CUST10562,2026-05-17 10:24:00,topup,28814,virtual_account,MyApp,DEV3e0c5ec5,Jakarta,0
TXN0006434,CUST11034,2026-05-17 10:44:00,topup,5000,retail_counter,Retail_Outlet,DEV2e401311,Surabaya,0
TXN0004051,CUST10658,2026-05-17 11:02:00,topup,10444,bank_transfer,Web_Portal,DEVaa1c5dca,Surabaya,0
TXN0002423,CUST10403,2026-05-17 11:33:00,topup,20224,bank_transfer,MyApp,DEVa7728290,Balikpapan,0
TXN0007620,CUST10883,2026-05-17 12:00:00,promo_bundle_redeem,0,promo_credit,MyApp,DEVac58d464,Palembang,1
TXN0005628,CUST10906,2026-05-17 12:04:00,topup,16909,retail_counter,Partner_Bank,DEVa7fb859f,Semarang,0
TXN0004604,CUST10748,2026-05-17 12:06:00,topup,46749,e-wallet_dana,USSD,DEV53d509af,Palembang,0
TXN0002137,CUST10361,2026-05-17 12:06:00,topup,33163,credit_card,Retail_Outlet,DEVaabb6cac,Palembang,0
TXN0005906,CUST10946,2026-05-17 12:22:00,topup,24711,credit_card,USSD,DEVf42050e8,Bandung,0
TXN0004213,CUST10683,2026-05-17 13:11:00,topup,34046,credit_card,MyApp,DEV18deabfe,Palembang,0
TXN0001006,CUST10165,2026-05-17 13:14:00,topup,14326,e-wallet_ovo,Retail_Outlet,DEVa90e319d,Semarang,0
TXN0000702,CUST10118,2026-05-17 13:44:00,topup,33250,bank_transfer,MyApp,DEV8198d1f5,Palembang,0
TXN0001711,CUST10293,2026-05-17 14:09:00,topup,35210,bank_transfer,MyApp,DEV65787d0c,Yogyakarta,0
TXN0002386,CUST10399,2026-05-17 14:24:00,topup,54291,credit_card,MyApp,DEV2adcecb5,Makassar,0
TXN0000508,CUST10083,2026-05-17 14:30:00,topup,47479,e-wallet_ovo,Web_Portal,DEV189099c9,Bandung,0
TXN0000835,CUST10138,2026-05-17 14:58:00,topup,30284,e-wallet_ovo,MyApp,DEV7df37378,Yogyakarta,0
TXN0002971,CUST10494,2026-05-17 14:59:00,topup,34892,e-wallet_dana,Web_Portal,DEV4a26eb59,Pekanbaru,0
TXN0001226,CUST10202,2026-05-17 15:09:00,topup,5000,e-wallet_ovo,MyApp,DEVead1d758,Makassar,0
TXN0001381,CUST10236,2026-05-17 15:38:00,topup,8955,e-wallet_gopay,Retail_Outlet,DEVc6f903cf,Jakarta,0
TXN0005428,CUST10875,2026-05-17 15:47:00,topup,5000,e-wallet_dana,USSD,DEVc02d7e7f,Makassar,0
TXN0000250,CUST10042,2026-05-17 15:52:00,topup,30084,e-wallet_ovo,Partner_Bank,DEV7580e4e9,Yogyakarta,0
TXN0000204,CUST10033,2026-05-17 15:53:00,topup,6916,credit_card,Web_Portal,DEV92701d60,Palembang,0
TXN0005173,CUST10836,2026-05-17 16:47:00,topup,10556,bank_transfer,Partner_Bank,DEVdb7be180,Pekanbaru,0
TXN0000989,CUST10163,2026-05-17 17:03:00,topup,8962,e-wallet_dana,Partner_Bank,DEV27ef0a4b,Surabaya,0
TXN0002918,CUST10486,2026-05-17 17:28:00,topup,21463,bank_transfer,Web_Portal,DEV7aededf4,Bandung,0
TXN0001679,CUST10288,2026-05-17 17:29:00,topup,37400,virtual_account,Partner_Bank,DEV9a0f09e9,Malang,0
TXN0005320,CUST10859,2026-05-17 17:30:00,topup,21709,e-wallet_ovo,MyApp,DEV33d3958a,Denpasar,0
TXN0006300,CUST11012,2026-05-17 17:31:00,topup,45548,e-wallet_dana,Retail_Outlet,DEV93188472,Medan,0
TXN0004794,CUST10777,2026-05-17 17:41:00,topup,46334,bank_transfer,Web_Portal,DEV524ec63c,Surabaya,0
TXN0006808,CUST11097,2026-05-17 17:44:00,topup,41187,virtual_account,Partner_Bank,DEV6e6c4c64,Yogyakarta,0
TXN0005273,CUST10850,2026-05-17 17:51:00,topup,30924,e-wallet_ovo,Web_Portal,DEV408d5212,Pekanbaru,0
TXN0003987,CUST10650,2026-05-17 18:18:00,topup,5000,e-wallet_dana,Web_Portal,DEVbab4eb77,Balikpapan,0
TXN0000574,CUST10095,2026-05-17 18:19:00,topup,36419,virtual_account,USSD,DEVd97e8d3c,Denpasar,0
TXN0003534,CUST10582,2026-05-17 19:11:00,topup,22496,retail_counter,MyApp,DEV90c0e607,Malang,0
TXN0005533,CUST10890,2026-05-17 19:20:00,topup,42755,virtual_account,Web_Portal,DEV8185ca84,Makassar,0
TXN0004173,CUST10678,2026-05-17 19:40:00,topup,19757,virtual_account,Retail_Outlet,DEVde2e7abc,Denpasar,0
TXN0002372,CUST10396,2026-05-17 19:56:00,topup,8875,e-wallet_dana,USSD,DEV6f082598,Bandung,0
TXN0005690,CUST10918,2026-05-17 20:02:00,topup,29413,e-wallet_dana,Retail_Outlet,DEV296fc0d7,Yogyakarta,0
TXN0000871,CUST10143,2026-05-17 20:16:00,topup,27915,retail_counter,USSD,DEVf83b1806,Palembang,0
TXN0007015,CUST11132,2026-05-17 20:33:00,topup,48840,e-wallet_gopay,Retail_Outlet,DEV131ad6fa,Malang,0
TXN0004687,CUST10762,2026-05-17 20:39:00,topup,44189,e-wallet_ovo,USSD,DEV27aedaae,Medan,0
TXN0007366,CUST11189,2026-05-17 20:56:00,topup,37557,e-wallet_ovo,USSD,DEV619c03d1,Palembang,0
TXN0000602,CUST10100,2026-05-17 22:17:00,topup,25828,bank_transfer,Retail_Outlet,DEV96721e98,Balikpapan,0
TXN0004079,CUST10663,2026-05-17 22:19:00,topup,13313,retail_counter,Web_Portal,DEV5d15c129,Palembang,0
TXN0004282,CUST10693,2026-05-17 22:19:00,topup,29730,bank_transfer,Web_Portal,DEV62a40afe,Palembang,0
TXN0004513,CUST10730,2026-05-17 22:35:00,topup,32687,e-wallet_dana,Web_Portal,DEV9f35ba40,Bandung,0
TXN0004022,CUST10655,2026-05-17 22:37:00,topup,41921,e-wallet_dana,USSD,DEV30e4541b,Semarang,0
TXN0002714,CUST10451,2026-05-17 22:59:00,topup,5000,bank_transfer,Web_Portal,DEVef15b821,Denpasar,0
TXN0001782,CUST10305,2026-05-18 06:28:00,topup,31992,credit_card,MyApp,DEVf53ba020,Palembang,0
TXN0003430,CUST10566,2026-05-18 06:30:00,topup,5000,bank_transfer,Web_Portal,DEV0cc46000,Pekanbaru,0
TXN0004971,CUST10807,2026-05-18 06:36:00,topup,46935,e-wallet_dana,Web_Portal,DEV7859d906,Balikpapan,0
TXN0004198,CUST10682,2026-05-18 06:57:00,topup,20764,e-wallet_dana,Retail_Outlet,DEV144be8bc,Palembang,0
TXN0000708,CUST10119,2026-05-18 07:24:00,topup,33543,bank_transfer,MyApp,DEV7bcf2b31,Yogyakarta,0
TXN0002696,CUST10448,2026-05-18 07:52:00,topup,20530,credit_card,MyApp,DEVa23036d2,Palembang,0
TXN0005108,CUST10828,2026-05-18 08:01:00,topup,5000,credit_card,Partner_Bank,DEV96239346,Palembang,0
TXN0004042,CUST10657,2026-05-18 08:09:00,topup,6931,bank_transfer,Partner_Bank,DEV1e92c0ae,Bandung,0
TXN0005181,CUST10837,2026-05-18 08:13:00,topup,9421,retail_counter,Web_Portal,DEV6c5495bf,Pekanbaru,0
TXN0007141,CUST11155,2026-05-18 08:21:00,topup,13043,bank_transfer,Partner_Bank,DEV7024cf94,Yogyakarta,0
TXN0001094,CUST10178,2026-05-18 08:27:00,topup,28599,credit_card,Retail_Outlet,DEVa25291f3,Pekanbaru,0
TXN0001505,CUST10256,2026-05-18 08:31:00,topup,60409,virtual_account,Retail_Outlet,DEV68181f5b,Pekanbaru,0
TXN0005861,CUST10940,2026-05-18 08:32:00,topup,38097,e-wallet_ovo,Retail_Outlet,DEV5ef1cb5b,Jakarta,0
TXN0004790,CUST10777,2026-05-18 08:34:00,topup,9247,e-wallet_ovo,Web_Portal,DEV22ae8888,Surabaya,0
TXN0004089,CUST10665,2026-05-18 08:34:00,topup,5000,e-wallet_dana,Web_Portal,DEV8365d2cf,Surabaya,0
TXN0002271,CUST10382,2026-05-18 08:51:00,topup,5000,retail_counter,MyApp,DEV47003fcf,Balikpapan,0
TXN0002654,CUST10441,2026-05-18 08:51:00,topup,31703,e-wallet_ovo,Web_Portal,DEVc1c4f618,Palembang,0
TXN0002695,CUST10448,2026-05-18 08:58:00,topup,39775,retail_counter,USSD,DEVaa5ca8cd,Palembang,0
TXN0004391,CUST10712,2026-05-18 09:08:00,topup,40403,e-wallet_dana,Partner_Bank,DEV4e653eee,Pekanbaru,0
TXN0000032,CUST10004,2026-05-18 09:19:00,topup,18059,e-wallet_ovo,Web_Portal,DEVed1115d7,Medan,0
TXN0006239,CUST11002,2026-05-18 10:26:00,topup,22692,e-wallet_gopay,Retail_Outlet,DEV9290a83a,Semarang,0
TXN0005442,CUST10877,2026-05-18 10:44:00,topup,42894,e-wallet_dana,Retail_Outlet,DEV903506bb,Denpasar,0
TXN0004811,CUST10781,2026-05-18 11:23:00,topup,16156,e-wallet_dana,MyApp,DEV51ffdef6,Palembang,0
TXN0005738,CUST10925,2026-05-18 11:33:00,topup,28229,credit_card,Retail_Outlet,DEV09f7e468,Pekanbaru,0
TXN0003901,CUST10637,2026-05-18 11:44:00,topup,26455,e-wallet_ovo,USSD,DEV0c995e2d,Jakarta,0
TXN0007018,CUST11132,2026-05-18 12:57:00,topup,21219,e-wallet_gopay,MyApp,DEVb67819ff,Malang,0
TXN0000891,CUST10146,2026-05-18 13:20:00,topup,46357,virtual_account,Retail_Outlet,DEV9ea6ed4a,Semarang,0
TXN0004086,CUST10665,2026-05-18 13:20:00,topup,5000,e-wallet_ovo,Web_Portal,DEV49e785c7,Surabaya,0
TXN0002723,CUST10454,2026-05-18 13:23:00,topup,5000,e-wallet_ovo,USSD,DEV51f4a724,Bandung,0
TXN0000486,CUST10080,2026-05-18 13:37:00,topup,5000,credit_card,USSD,DEV8cd74c27,Pekanbaru,0
TXN0000371,CUST10061,2026-05-18 13:40:00,topup,34450,e-wallet_dana,Retail_Outlet,DEVdcd1c413,Surabaya,0
TXN0002923,CUST10487,2026-05-18 13:58:00,topup,43027,virtual_account,MyApp,DEVb371d64d,Jakarta,0
TXN0000442,CUST10073,2026-05-18 14:16:00,topup,5000,e-wallet_ovo,Partner_Bank,DEVafc5c20e,Semarang,0
TXN0000802,CUST10133,2026-05-18 14:21:00,topup,42391,credit_card,Partner_Bank,DEV2bacf712,Bandung,0
TXN0001010,CUST10166,2026-05-18 14:23:00,topup,29522,virtual_account,Web_Portal,DEVfad3b44c,Malang,0
TXN0000745,CUST10125,2026-05-18 14:32:00,topup,32465,e-wallet_ovo,Retail_Outlet,DEV61223189,Makassar,0
TXN0000497,CUST10081,2026-05-18 15:13:00,topup,33924,e-wallet_gopay,Partner_Bank,DEV5893ef12,Surabaya,0
TXN0002736,CUST10456,2026-05-18 15:27:00,topup,9544,e-wallet_gopay,USSD,DEV05855672,Semarang,0
TXN0003689,CUST10606,2026-05-18 15:35:00,topup,9974,bank_transfer,USSD,DEV70b6052f,Makassar,0
TXN0001788,CUST10306,2026-05-18 15:56:00,topup,38283,virtual_account,USSD,DEV4cc6d67e,Jakarta,0
TXN0003413,CUST10564,2026-05-18 16:17:00,topup,5000,e-wallet_dana,MyApp,DEV11925880,Medan,0
TXN0000154,CUST10025,2026-05-18 16:26:00,topup,61972,bank_transfer,Partner_Bank,DEV8dda4ff2,Jakarta,0
TXN0001157,CUST10190,2026-05-18 16:30:00,topup,11062,virtual_account,Partner_Bank,DEV31ab0158,Balikpapan,0
TXN0001135,CUST10186,2026-05-18 17:07:00,topup,5108,e-wallet_ovo,Partner_Bank,DEV16718639,Palembang,0
TXN0007078,CUST11145,2026-05-18 17:29:00,topup,5000,bank_transfer,MyApp,DEV9fd90541,Balikpapan,0
TXN0003976,CUST10648,2026-05-18 17:44:00,topup,21170,bank_transfer,MyApp,DEV794f9276,Semarang,0
TXN0003635,CUST10597,2026-05-18 17:54:00,topup,21998,e-wallet_gopay,USSD,DEV3354b4be,Yogyakarta,0
TXN0003165,CUST10522,2026-05-18 18:22:00,topup,5954,credit_card,Partner_Bank,DEVfc73e358,Surabaya,0
TXN0001021,CUST10168,2026-05-18 18:25:00,topup,15883,e-wallet_dana,Web_Portal,DEV469ff562,Denpasar,0
TXN0003331,CUST10549,2026-05-18 18:30:00,topup,40422,credit_card,Partner_Bank,DEV98a91187,Yogyakarta,0
TXN0004958,CUST10805,2026-05-18 18:33:00,topup,5000,e-wallet_gopay,Web_Portal,DEVfde02b7a,Makassar,0
TXN0004714,CUST10767,2026-05-18 18:37:00,topup,31153,e-wallet_ovo,USSD,DEVd62c4be4,Yogyakarta,0
TXN0000794,CUST10131,2026-05-18 18:50:00,topup,13908,e-wallet_gopay,Retail_Outlet,DEVefd1b588,Makassar,0
TXN0002007,CUST10339,2026-05-18 19:00:00,topup,34154,e-wallet_dana,MyApp,DEV6f0d7229,Pekanbaru,0
TXN0004889,CUST10794,2026-05-18 19:06:00,topup,18516,e-wallet_dana,Web_Portal,DEV0ae4e096,Medan,0
TXN0002851,CUST10475,2026-05-18 19:43:00,topup,10743,virtual_account,Web_Portal,DEV1641d960,Semarang,0
TXN0000986,CUST10163,2026-05-18 19:53:00,topup,9259,bank_transfer,Web_Portal,DEVcd840a47,Surabaya,0
TXN0001033,CUST10169,2026-05-18 20:05:00,topup,10604,retail_counter,Retail_Outlet,DEVa7087280,Jakarta,0
TXN0002108,CUST10356,2026-05-18 20:44:00,topup,18881,retail_counter,Retail_Outlet,DEVb8b791b0,Yogyakarta,0
TXN0002576,CUST10429,2026-05-18 20:57:00,topup,27662,e-wallet_gopay,MyApp,DEV2a064fd2,Denpasar,0
TXN0007236,CUST11170,2026-05-18 21:17:00,topup,43539,credit_card,Partner_Bank,DEV76b851e9,Jakarta,0
TXN0002387,CUST10399,2026-05-18 21:18:00,topup,29591,retail_counter,USSD,DEVe1e669e5,Makassar,0
TXN0006496,CUST11044,2026-05-18 21:20:00,topup,33961,virtual_account,Partner_Bank,DEV3c9ea73a,Semarang,0
TXN0001710,CUST10292,2026-05-18 21:32:00,topup,5000,e-wallet_gopay,Retail_Outlet,DEVac95adb1,Jakarta,0
TXN0005420,CUST10874,2026-05-18 21:46:00,topup,53788,bank_transfer,Web_Portal,DEVe4529643,Palembang,0
TXN0006534,CUST11051,2026-05-18 22:13:00,topup,48121,e-wallet_gopay,Web_Portal,DEV4b2a2bb4,Makassar,0
TXN0003315,CUST10546,2026-05-18 22:25:00,topup,42597,bank_transfer,Web_Portal,DEVc2ce56bd,Yogyakarta,0
TXN0000267,CUST10045,2026-05-18 22:27:00,topup,59305,e-wallet_ovo,MyApp,DEVe82b5b36,Malang,0
TXN0005382,CUST10867,2026-05-19 06:00:00,topup,28717,retail_counter,Partner_Bank,DEVa22966c4,Surabaya,0
TXN0000206,CUST10033,2026-05-19 06:10:00,topup,30980,e-wallet_dana,MyApp,DEV9e45455e,Palembang,0
TXN0002123,CUST10359,2026-05-19 06:15:00,topup,28696,virtual_account,Web_Portal,DEV05fef7bc,Semarang,0
TXN0000824,CUST10136,2026-05-19 06:19:00,topup,27841,e-wallet_gopay,Partner_Bank,DEV3ff93134,Surabaya,0
TXN0002094,CUST10354,2026-05-19 06:23:00,topup,5000,e-wallet_ovo,MyApp,DEVe5e79add,Malang,0
TXN0005244,CUST10847,2026-05-19 06:31:00,topup,5000,e-wallet_gopay,USSD,DEVfcea545a,Pekanbaru,0
TXN0006468,CUST11039,2026-05-19 06:36:00,topup,5000,retail_counter,Retail_Outlet,DEV3f444245,Surabaya,0
TXN0001861,CUST10318,2026-05-19 06:44:00,topup,11466,e-wallet_gopay,Web_Portal,DEV552d4865,Denpasar,0
TXN0000502,CUST10082,2026-05-19 06:56:00,topup,32764,e-wallet_gopay,Partner_Bank,DEV41afeb2a,Pekanbaru,0
TXN0006207,CUST10998,2026-05-19 07:02:00,topup,13817,e-wallet_dana,MyApp,DEV506f6bc0,Makassar,0
TXN0001067,CUST10174,2026-05-19 07:06:00,topup,28157,e-wallet_gopay,Web_Portal,DEV9ba14c35,Jakarta,0
TXN0002373,CUST10397,2026-05-19 07:07:00,topup,37668,retail_counter,Web_Portal,DEV1e559419,Yogyakarta,0
TXN0001179,CUST10193,2026-05-19 07:09:00,topup,5000,virtual_account,MyApp,DEV866cfb2b,Palembang,0
TXN0000251,CUST10042,2026-05-19 07:35:00,topup,6496,credit_card,MyApp,DEV4d59616b,Yogyakarta,0
TXN0001548,CUST10265,2026-05-19 07:58:00,topup,25947,e-wallet_gopay,Partner_Bank,DEV344a21b7,Malang,0
TXN0006575,CUST11059,2026-05-19 09:47:00,topup,25420,bank_transfer,MyApp,DEV2899e850,Denpasar,0
TXN0000410,CUST10068,2026-05-19 10:05:00,topup,32419,credit_card,USSD,DEVa2379e6f,Semarang,0
TXN0001634,CUST10281,2026-05-19 10:07:00,topup,9081,e-wallet_ovo,MyApp,DEVf9690579,Yogyakarta,0
TXN0003590,CUST10590,2026-05-19 10:08:00,topup,26866,e-wallet_dana,Retail_Outlet,DEVade81084,Makassar,0
TXN0004636,CUST10753,2026-05-19 10:10:00,topup,41181,virtual_account,Partner_Bank,DEV1b98a0e3,Denpasar,0
TXN0000119,CUST10019,2026-05-19 10:17:00,topup,15472,e-wallet_dana,Web_Portal,DEV60ddc7f1,Yogyakarta,0
TXN0001227,CUST10202,2026-05-19 11:24:00,topup,20548,credit_card,Retail_Outlet,DEVdc5cd673,Makassar,0
TXN0000994,CUST10163,2026-05-19 11:29:00,topup,26492,e-wallet_ovo,USSD,DEVcde55848,Surabaya,0
TXN0001975,CUST10335,2026-05-19 11:41:00,topup,5000,e-wallet_dana,Retail_Outlet,DEV189ac35d,Makassar,0
TXN0004252,CUST10689,2026-05-19 12:07:00,topup,13281,bank_transfer,MyApp,DEV6669f679,Medan,0
TXN0006308,CUST11013,2026-05-19 12:11:00,topup,5000,e-wallet_dana,Partner_Bank,DEV3ccb9897,Yogyakarta,0
TXN0002605,CUST10434,2026-05-19 12:30:00,topup,5198,virtual_account,MyApp,DEV593c73f2,Yogyakarta,0
TXN0003459,CUST10571,2026-05-19 12:49:00,topup,34744,credit_card,Retail_Outlet,DEV55eef366,Denpasar,0
TXN0000779,CUST10130,2026-05-19 13:02:00,topup,18446,virtual_account,MyApp,DEVde46222e,Pekanbaru,0
TXN0003143,CUST10520,2026-05-19 13:14:00,topup,18574,e-wallet_gopay,Partner_Bank,DEVa03e7003,Malang,0
TXN0005698,CUST10918,2026-05-19 13:32:00,topup,5000,e-wallet_gopay,Retail_Outlet,DEVc229a415,Yogyakarta,0
TXN0000511,CUST10083,2026-05-19 13:46:00,topup,30421,e-wallet_gopay,Web_Portal,DEVa127dc6b,Bandung,0
TXN0001463,CUST10248,2026-05-19 14:16:00,topup,12402,e-wallet_gopay,Web_Portal,DEV35a7ac9b,Bandung,0
TXN0006582,CUST11060,2026-05-19 14:20:00,topup,30411,e-wallet_dana,Web_Portal,DEV7393c675,Jakarta,0
TXN0007144,CUST11156,2026-05-19 14:28:00,topup,45853,e-wallet_ovo,Partner_Bank,DEV210f0001,Semarang,0
TXN0004654,CUST10756,2026-05-19 14:40:00,topup,6135,retail_counter,MyApp,DEV46d162d6,Bandung,0
TXN0004871,CUST10791,2026-05-19 14:49:00,topup,17770,retail_counter,Web_Portal,DEV0182c481,Malang,0
TXN0000712,CUST10119,2026-05-19 14:50:00,topup,15464,credit_card,Partner_Bank,DEV420079f5,Yogyakarta,0
TXN0002824,CUST10470,2026-05-19 15:01:00,topup,6472,retail_counter,USSD,DEV2575dbd1,Pekanbaru,0
TXN0000626,CUST10103,2026-05-19 15:06:00,topup,16631,bank_transfer,Web_Portal,DEV9b4547e0,Makassar,0
TXN0004610,CUST10749,2026-05-19 15:22:00,topup,23855,credit_card,Web_Portal,DEVe1568c60,Medan,0
TXN0004041,CUST10657,2026-05-19 15:30:00,topup,5000,virtual_account,Partner_Bank,DEV1533fe82,Bandung,0
TXN0005558,CUST10893,2026-05-19 15:44:00,topup,20398,retail_counter,USSD,DEVb770beaf,Medan,0
TXN0004716,CUST10767,2026-05-19 15:47:00,topup,22351,retail_counter,MyApp,DEV108d692f,Yogyakarta,0
TXN0000335,CUST10055,2026-05-19 15:53:00,topup,44714,retail_counter,Partner_Bank,DEV82f73861,Semarang,0
TXN0007373,CUST11190,2026-05-19 16:14:00,topup,40313,virtual_account,Web_Portal,DEVd04a8ff9,Pekanbaru,0
TXN0007188,CUST11162,2026-05-19 16:32:00,topup,5981,e-wallet_gopay,Web_Portal,DEV492eb70c,Semarang,0
TXN0007293,CUST11178,2026-05-19 17:07:00,topup,5000,credit_card,USSD,DEV645261f7,Surabaya,0
TXN0003262,CUST10538,2026-05-19 17:27:00,topup,5000,credit_card,Partner_Bank,DEVe71594ff,Pekanbaru,0
TXN0005032,CUST10817,2026-05-19 17:28:00,topup,30133,credit_card,Retail_Outlet,DEV2ba95b90,Balikpapan,0
TXN0006053,CUST10972,2026-05-19 17:28:00,topup,18020,e-wallet_gopay,Web_Portal,DEVf5dab6fe,Yogyakarta,0
TXN0003581,CUST10588,2026-05-19 17:30:00,topup,51077,e-wallet_gopay,Retail_Outlet,DEVf66a015b,Jakarta,0
TXN0005526,CUST10889,2026-05-19 17:41:00,topup,31092,virtual_account,Web_Portal,DEV5583b4db,Semarang,0
TXN0003412,CUST10563,2026-05-19 17:44:00,topup,21359,e-wallet_ovo,USSD,DEV33f92a87,Pekanbaru,0
TXN0002273,CUST10382,2026-05-19 17:52:00,topup,5000,e-wallet_dana,Partner_Bank,DEVbd22f7fc,Balikpapan,0
TXN0004235,CUST10687,2026-05-19 19:19:00,topup,5000,virtual_account,Retail_Outlet,DEVfd5baf20,Palembang,0
TXN0006849,CUST11107,2026-05-19 19:26:00,topup,29360,credit_card,Web_Portal,DEV22897671,Malang,0
TXN0006080,CUST10977,2026-05-19 19:47:00,topup,5000,e-wallet_gopay,MyApp,DEVf0582911,Malang,0
TXN0003090,CUST10512,2026-05-19 19:57:00,topup,26240,retail_counter,Retail_Outlet,DEVbbab3b0e,Palembang,0
TXN0004959,CUST10805,2026-05-19 20:23:00,topup,15332,e-wallet_gopay,Retail_Outlet,DEV40b1fb20,Makassar,0
TXN0004055,CUST10659,2026-05-19 20:44:00,topup,5000,e-wallet_ovo,Retail_Outlet,DEV2c2e8ba0,Yogyakarta,0
TXN0000803,CUST10133,2026-05-19 20:53:00,topup,36609,e-wallet_gopay,Retail_Outlet,DEV5b59f28e,Bandung,0
TXN0003139,CUST10519,2026-05-19 21:03:00,topup,20490,e-wallet_ovo,Web_Portal,DEV06103d84,Yogyakarta,0
TXN0002247,CUST10379,2026-05-19 21:19:00,topup,20829,retail_counter,MyApp,DEV223bd9be,Semarang,0
TXN0005833,CUST10938,2026-05-19 21:34:00,topup,31642,e-wallet_dana,Retail_Outlet,DEV3dc0f8cf,Yogyakarta,0
TXN0003687,CUST10605,2026-05-19 21:44:00,topup,5000,retail_counter,Web_Portal,DEVb993c041,Medan,0
TXN0001700,CUST10291,2026-05-19 21:46:00,topup,8172,e-wallet_dana,Partner_Bank,DEV5c7ae8ef,Yogyakarta,0
TXN0000954,CUST10156,2026-05-19 22:02:00,topup,15951,credit_card,MyApp,DEVa46acc9a,Surabaya,0
TXN0005572,CUST10896,2026-05-19 22:25:00,topup,32923,e-wallet_ovo,Partner_Bank,DEV910aeb6f,Balikpapan,0
TXN0001509,CUST10257,2026-05-19 22:27:00,topup,12006,e-wallet_gopay,Web_Portal,DEV75938f5a,Surabaya,0
TXN0003763,CUST10617,2026-05-19 22:37:00,topup,15431,e-wallet_dana,Partner_Bank,DEVf486a251,Yogyakarta,0
TXN0005645,CUST10909,2026-05-20 06:04:00,topup,24105,retail_counter,Partner_Bank,DEV2e361846,Palembang,0
TXN0001616,CUST10279,2026-05-20 06:06:00,topup,22235,retail_counter,MyApp,DEV45f8e14d,Jakarta,0
TXN0003425,CUST10566,2026-05-20 06:12:00,topup,11842,e-wallet_gopay,Partner_Bank,DEV0c941263,Pekanbaru,0
TXN0005416,CUST10872,2026-05-20 06:18:00,topup,25027,e-wallet_dana,Web_Portal,DEV9d37c5a6,Jakarta,0
TXN0001912,CUST10325,2026-05-20 06:18:00,topup,5000,e-wallet_ovo,Retail_Outlet,DEV9b3b5b4c,Yogyakarta,0
TXN0007166,CUST11159,2026-05-20 06:49:00,topup,5000,e-wallet_ovo,Retail_Outlet,DEV634ee115,Semarang,0
TXN0003484,CUST10573,2026-05-20 06:54:00,topup,5000,e-wallet_dana,Retail_Outlet,DEVcb9aefff,Surabaya,0
TXN0006286,CUST11009,2026-05-20 06:55:00,topup,22406,retail_counter,USSD,DEV58c68877,Makassar,0
TXN0004294,CUST10695,2026-05-20 06:55:00,topup,24290,e-wallet_ovo,Web_Portal,DEV946e8ec2,Pekanbaru,0
TXN0001654,CUST10284,2026-05-20 07:03:00,topup,35894,e-wallet_ovo,USSD,DEV37c6bc5d,Denpasar,0
TXN0006064,CUST10974,2026-05-20 07:06:00,topup,6077,bank_transfer,USSD,DEVff36fe7f,Makassar,0
TXN0007103,CUST11149,2026-05-20 07:08:00,topup,5000,virtual_account,Retail_Outlet,DEVea3dbc37,Medan,0
TXN0000363,CUST10060,2026-05-20 08:03:00,topup,12942,e-wallet_gopay,Web_Portal,DEV7a6e43d0,Denpasar,0
TXN0007005,CUST11130,2026-05-20 08:03:00,topup,29138,e-wallet_dana,MyApp,DEV4d7f6dfb,Pekanbaru,0
TXN0004554,CUST10737,2026-05-20 08:07:00,topup,29521,virtual_account,Web_Portal,DEVbeb5ba0f,Yogyakarta,0
TXN0006969,CUST11124,2026-05-20 08:22:00,topup,14790,bank_transfer,Partner_Bank,DEVd586ff50,Denpasar,0
TXN0003081,CUST10510,2026-05-20 08:36:00,topup,31444,e-wallet_dana,MyApp,DEV2233212a,Pekanbaru,0
TXN0007328,CUST11185,2026-05-20 08:39:00,topup,5000,virtual_account,Web_Portal,DEVe84dfaa4,Medan,0
TXN0003074,CUST10510,2026-05-20 08:42:00,topup,12255,virtual_account,MyApp,DEV894539ec,Pekanbaru,0
TXN0002090,CUST10353,2026-05-20 08:52:00,topup,5000,retail_counter,Partner_Bank,DEVa1230193,Medan,0
TXN0006477,CUST11040,2026-05-20 08:58:00,topup,21774,bank_transfer,USSD,DEVaaae3222,Semarang,0
TXN0000887,CUST10145,2026-05-20 09:38:00,topup,19693,credit_card,MyApp,DEV730ad7de,Denpasar,0
TXN0001304,CUST10217,2026-05-20 09:41:00,topup,13573,e-wallet_gopay,Web_Portal,DEV743b9f71,Malang,0
TXN0005716,CUST10922,2026-05-20 09:46:00,topup,27033,e-wallet_gopay,Web_Portal,DEVc69ee73d,Palembang,0
TXN0000669,CUST10112,2026-05-20 10:10:00,topup,34412,e-wallet_dana,Partner_Bank,DEVdd23ff41,Semarang,0
TXN0005472,CUST10881,2026-05-20 10:20:00,topup,5000,e-wallet_ovo,Partner_Bank,DEVc7706e6d,Balikpapan,0
TXN0003796,CUST10622,2026-05-20 10:21:00,topup,5000,e-wallet_gopay,Web_Portal,DEV83d04bac,Palembang,0
TXN0006583,CUST11060,2026-05-20 10:23:00,topup,31524,bank_transfer,USSD,DEVc96e517f,Jakarta,0
TXN0006410,CUST11029,2026-05-20 10:45:00,topup,29493,e-wallet_gopay,MyApp,DEVb77c1be6,Malang,0
TXN0004555,CUST10737,2026-05-20 10:49:00,topup,41490,credit_card,Partner_Bank,DEV83b5ad03,Yogyakarta,0
TXN0001570,CUST10270,2026-05-20 10:52:00,topup,8163,e-wallet_ovo,USSD,DEV1dee4b6d,Balikpapan,0
TXN0004585,CUST10744,2026-05-20 10:55:00,topup,21889,e-wallet_dana,USSD,DEV669f9a4a,Yogyakarta,0
TXN0006248,CUST11004,2026-05-20 11:21:00,topup,12225,credit_card,Retail_Outlet,DEV731bd233,Palembang,0
TXN0002344,CUST10392,2026-05-20 11:46:00,topup,5000,e-wallet_gopay,Retail_Outlet,DEVb1420898,Makassar,0
TXN0007338,CUST11186,2026-05-20 12:10:00,topup,25867,credit_card,Partner_Bank,DEVf3098246,Pekanbaru,0
TXN0001081,CUST10176,2026-05-20 13:53:00,topup,5000,credit_card,Web_Portal,DEVeb45bc38,Malang,0
TXN0003473,CUST10572,2026-05-20 14:07:00,topup,18797,virtual_account,Partner_Bank,DEV16daa8f5,Pekanbaru,0
TXN0003745,CUST10614,2026-05-20 14:20:00,topup,25787,bank_transfer,USSD,DEV1cf98855,Jakarta,0
TXN0004385,CUST10712,2026-05-20 14:22:00,topup,20390,e-wallet_ovo,Retail_Outlet,DEVa99f8c03,Pekanbaru,0
TXN0005846,CUST10939,2026-05-20 14:22:00,topup,27463,bank_transfer,Retail_Outlet,DEV66e66f92,Semarang,0
TXN0001011,CUST10166,2026-05-20 14:31:00,topup,12171,e-wallet_dana,Web_Portal,DEVb5ae2a56,Malang,0
TXN0002245,CUST10378,2026-05-20 14:33:00,topup,29380,e-wallet_gopay,Retail_Outlet,DEV35eb728f,Semarang,0
TXN0003441,CUST10568,2026-05-20 14:50:00,topup,26953,virtual_account,Partner_Bank,DEV00cb9caa,Semarang,0
TXN0004702,CUST10765,2026-05-20 14:52:00,topup,17254,retail_counter,Retail_Outlet,DEVecedf328,Bandung,0
TXN0001701,CUST10291,2026-05-20 15:25:00,topup,5000,credit_card,USSD,DEVb8ddf15d,Yogyakarta,0
TXN0000269,CUST10045,2026-05-20 15:40:00,topup,41587,bank_transfer,USSD,DEVfea82e3a,Malang,0
TXN0003437,CUST10567,2026-05-20 15:41:00,topup,13092,e-wallet_dana,Web_Portal,DEVd2f629ca,Denpasar,0
TXN0007153,CUST11157,2026-05-20 15:55:00,topup,23103,e-wallet_ovo,Web_Portal,DEVe5b2fd55,Yogyakarta,0
TXN0000087,CUST10013,2026-05-20 16:11:00,topup,9881,retail_counter,USSD,DEV889fe107,Medan,0
TXN0003948,CUST10644,2026-05-20 16:18:00,topup,13966,credit_card,USSD,DEVb062259e,Yogyakarta,0
TXN0006382,CUST11023,2026-05-20 16:34:00,topup,5000,virtual_account,Web_Portal,DEVc1192634,Medan,0
TXN0006160,CUST10989,2026-05-20 16:36:00,topup,35969,bank_transfer,Web_Portal,DEV6d0b4f01,Jakarta,0
TXN0003259,CUST10538,2026-05-20 16:40:00,topup,5000,virtual_account,Retail_Outlet,DEVf08aba21,Pekanbaru,0
TXN0006917,CUST11117,2026-05-20 16:54:00,topup,53897,virtual_account,Partner_Bank,DEV944bad04,Yogyakarta,0
TXN0000849,CUST10140,2026-05-20 17:00:00,topup,5000,bank_transfer,MyApp,DEV61af0e8e,Balikpapan,0
TXN0006896,CUST11113,2026-05-20 17:11:00,topup,14199,credit_card,Retail_Outlet,DEV0927d2fc,Bandung,0
TXN0001874,CUST10320,2026-05-20 17:17:00,topup,26395,virtual_account,Retail_Outlet,DEV214dc588,Pekanbaru,0
TXN0002118,CUST10358,2026-05-20 17:40:00,topup,47132,e-wallet_dana,Partner_Bank,DEV63d69dd8,Makassar,0
TXN0006396,CUST11026,2026-05-20 17:45:00,topup,27179,e-wallet_ovo,Retail_Outlet,DEV0a164306,Makassar,0
TXN0004515,CUST10731,2026-05-20 18:06:00,topup,31729,e-wallet_gopay,USSD,DEV7872d73f,Jakarta,0
TXN0002079,CUST10351,2026-05-20 18:06:00,topup,26031,e-wallet_gopay,Retail_Outlet,DEV34943114,Bandung,0
TXN0001455,CUST10247,2026-05-20 18:15:00,topup,21951,retail_counter,Web_Portal,DEVdcdbf14e,Bandung,0
TXN0000934,CUST10153,2026-05-20 18:28:00,topup,28347,e-wallet_ovo,USSD,DEVbe9cafcf,Pekanbaru,0
TXN0004039,CUST10657,2026-05-20 18:34:00,topup,12237,retail_counter,MyApp,DEVb69b8391,Bandung,0
TXN0001953,CUST10331,2026-05-20 18:41:00,topup,46307,e-wallet_dana,USSD,DEV1b2765f6,Pekanbaru,0
TXN0002725,CUST10454,2026-05-20 18:42:00,topup,18742,e-wallet_ovo,MyApp,DEVd900da4b,Bandung,0
TXN0001211,CUST10199,2026-05-20 18:48:00,topup,32837,retail_counter,Retail_Outlet,DEV160beed4,Balikpapan,0
TXN0006505,CUST11045,2026-05-20 19:01:00,topup,18349,retail_counter,Web_Portal,DEVdf2ff029,Malang,0
TXN0005984,CUST10961,2026-05-20 19:02:00,topup,25214,credit_card,Web_Portal,DEV8c277f18,Surabaya,0
TXN0006072,CUST10975,2026-05-20 19:15:00,topup,24879,virtual_account,Web_Portal,DEV893e2de8,Denpasar,0
TXN0006471,CUST11039,2026-05-20 19:23:00,topup,19369,e-wallet_ovo,Partner_Bank,DEV7f849eea,Surabaya,0
TXN0003404,CUST10562,2026-05-20 19:37:00,topup,46122,e-wallet_gopay,MyApp,DEV7cd6572f,Jakarta,0
TXN0000775,CUST10129,2026-05-20 19:37:00,topup,5000,retail_counter,Partner_Bank,DEV53391df4,Bandung,0
TXN0004872,CUST10791,2026-05-20 19:42:00,topup,23609,virtual_account,Partner_Bank,DEV0ef473a2,Malang,0
TXN0004685,CUST10762,2026-05-20 20:10:00,topup,18546,e-wallet_dana,Retail_Outlet,DEV52e6ef74,Medan,0
TXN0004681,CUST10761,2026-05-20 20:11:00,topup,18497,e-wallet_gopay,Partner_Bank,DEV220e674e,Palembang,0
TXN0000790,CUST10131,2026-05-20 20:27:00,topup,5000,bank_transfer,MyApp,DEV20029d9f,Makassar,0
TXN0006229,CUST11001,2026-05-20 20:27:00,topup,20102,bank_transfer,Retail_Outlet,DEV1a037833,Surabaya,0
TXN0002622,CUST10438,2026-05-20 20:29:00,topup,5000,virtual_account,Partner_Bank,DEV802a63cc,Bandung,0
TXN0006866,CUST11109,2026-05-20 20:39:00,topup,31022,credit_card,MyApp,DEV44b2e5aa,Balikpapan,0
TXN0001686,CUST10289,2026-05-20 20:43:00,topup,50047,credit_card,Retail_Outlet,DEV117e894e,Palembang,0
TXN0007399,CUST11194,2026-05-20 20:54:00,topup,29124,e-wallet_ovo,MyApp,DEVad3c919f,Denpasar,0
TXN0004933,CUST10802,2026-05-20 20:55:00,topup,20163,credit_card,Partner_Bank,DEVe16c77ac,Semarang,0
TXN0006222,CUST11000,2026-05-20 20:57:00,topup,5000,retail_counter,USSD,DEV0c975601,Semarang,0
TXN0003674,CUST10603,2026-05-20 21:16:00,topup,12855,retail_counter,MyApp,DEV34b34dcb,Jakarta,0
TXN0006086,CUST10977,2026-05-20 21:34:00,topup,26161,retail_counter,Retail_Outlet,DEV129b1e2d,Malang,0
TXN0001015,CUST10167,2026-05-20 22:24:00,topup,48587,virtual_account,MyApp,DEVb6646199,Yogyakarta,0
TXN0006888,CUST11112,2026-05-20 22:50:00,topup,32838,e-wallet_ovo,Retail_Outlet,DEVf65a5aa3,Palembang,0
TXN0003849,CUST10629,2026-05-21 06:13:00,topup,15227,e-wallet_ovo,USSD,DEVac0d8818,Bandung,0
TXN0001332,CUST10225,2026-05-21 06:20:00,topup,7939,e-wallet_ovo,MyApp,DEV0d722918,Surabaya,0
TXN0003526,CUST10581,2026-05-21 06:43:00,topup,37686,e-wallet_ovo,MyApp,DEVe660a8e0,Makassar,0
TXN0005753,CUST10926,2026-05-21 06:58:00,topup,5151,bank_transfer,Retail_Outlet,DEV950ce835,Denpasar,0
TXN0002110,CUST10357,2026-05-21 07:03:00,topup,5000,retail_counter,Partner_Bank,DEVe67410de,Semarang,0
TXN0006652,CUST11072,2026-05-21 07:09:00,topup,5000,bank_transfer,USSD,DEVe877a70d,Palembang,0
TXN0002945,CUST10491,2026-05-21 07:15:00,topup,37056,credit_card,MyApp,DEV7dc4f12b,Malang,0
TXN0003760,CUST10617,2026-05-21 07:24:00,topup,28155,e-wallet_dana,MyApp,DEV60fba34c,Yogyakarta,0
TXN0000535,CUST10089,2026-05-21 07:35:00,topup,45441,e-wallet_ovo,USSD,DEV4b83b570,Medan,0
TXN0002058,CUST10347,2026-05-21 07:41:00,topup,38756,bank_transfer,Web_Portal,DEVcb21aa80,Yogyakarta,0
TXN0005049,CUST10819,2026-05-21 07:41:00,topup,36141,e-wallet_gopay,Web_Portal,DEV47155ad3,Yogyakarta,0
TXN0001683,CUST10289,2026-05-21 07:50:00,topup,32996,bank_transfer,Partner_Bank,DEV946a95a6,Palembang,0
TXN0006226,CUST11001,2026-05-21 08:15:00,topup,12994,e-wallet_dana,MyApp,DEV18323765,Surabaya,0
TXN0005929,CUST10951,2026-05-21 08:46:00,topup,5299,e-wallet_ovo,Partner_Bank,DEVcd88e44e,Jakarta,0
TXN0002933,CUST10489,2026-05-21 08:50:00,topup,11259,e-wallet_dana,Web_Portal,DEV615eca80,Denpasar,0
TXN0005570,CUST10896,2026-05-21 09:02:00,topup,28698,e-wallet_dana,MyApp,DEVb2879bdd,Balikpapan,0
TXN0000344,CUST10056,2026-05-21 09:29:00,topup,23803,virtual_account,Web_Portal,DEV16c8e3d7,Bandung,0
TXN0002698,CUST10449,2026-05-21 09:30:00,topup,57714,e-wallet_dana,Partner_Bank,DEV394b5d35,Yogyakarta,0
TXN0000976,CUST10160,2026-05-21 09:39:00,topup,24144,retail_counter,USSD,DEV65339cf0,Jakarta,0
TXN0004676,CUST10760,2026-05-21 09:51:00,topup,39857,bank_transfer,Retail_Outlet,DEV9e541d3e,Jakarta,0
TXN0004605,CUST10748,2026-05-21 10:06:00,topup,29883,credit_card,MyApp,DEV85475ee1,Palembang,0
TXN0002452,CUST10409,2026-05-21 10:18:00,topup,33371,retail_counter,Web_Portal,DEV9a760ea9,Surabaya,0
TXN0005282,CUST10852,2026-05-21 10:23:00,topup,23282,credit_card,MyApp,DEVacdcb47b,Palembang,0
TXN0003803,CUST10623,2026-05-21 10:23:00,topup,5000,e-wallet_dana,USSD,DEV12e1725b,Bandung,0
TXN0006065,CUST10974,2026-05-21 10:32:00,topup,18963,virtual_account,MyApp,DEVd0a05417,Makassar,0
TXN0006660,CUST11073,2026-05-21 10:45:00,topup,9955,retail_counter,Partner_Bank,DEV9186c2a1,Yogyakarta,0
TXN0006665,CUST11075,2026-05-21 11:07:00,topup,5000,e-wallet_dana,MyApp,DEV23baa2ca,Medan,0
TXN0000983,CUST10161,2026-05-21 11:09:00,topup,5000,retail_counter,MyApp,DEV5832c8de,Denpasar,0
TXN0000882,CUST10145,2026-05-21 11:13:00,topup,25350,retail_counter,USSD,DEV7d76ab58,Denpasar,0
TXN0006043,CUST10971,2026-05-21 11:22:00,topup,15216,e-wallet_ovo,Partner_Bank,DEV8643eed7,Balikpapan,0
TXN0001800,CUST10307,2026-05-21 11:37:00,topup,36354,bank_transfer,USSD,DEV335dab46,Jakarta,0
TXN0001054,CUST10172,2026-05-21 11:58:00,topup,5000,credit_card,MyApp,DEV22538040,Palembang,0
TXN0003697,CUST10608,2026-05-21 12:00:00,topup,8085,e-wallet_ovo,Retail_Outlet,DEV611b92ab,Balikpapan,0
TXN0006062,CUST10974,2026-05-21 12:04:00,topup,24089,bank_transfer,USSD,DEV87a6c63c,Makassar,0
TXN0006619,CUST11067,2026-05-21 12:13:00,topup,53540,e-wallet_dana,MyApp,DEVc6e9c9c4,Balikpapan,0
TXN0005581,CUST10898,2026-05-21 12:17:00,topup,56855,bank_transfer,Web_Portal,DEVed86a0c9,Pekanbaru,0
TXN0002099,CUST10355,2026-05-21 13:02:00,topup,18630,bank_transfer,Web_Portal,DEV569b111f,Palembang,0
TXN0004384,CUST10711,2026-05-21 13:03:00,topup,5692,e-wallet_ovo,USSD,DEV2bf998ad,Denpasar,0
TXN0002606,CUST10434,2026-05-21 13:08:00,topup,44209,virtual_account,Retail_Outlet,DEVa28e0841,Yogyakarta,0
TXN0000283,CUST10046,2026-05-21 13:51:00,topup,18220,e-wallet_ovo,MyApp,DEV95e7f614,Medan,0
TXN0004260,CUST10690,2026-05-21 13:55:00,topup,60572,credit_card,USSD,DEV9211d6cc,Balikpapan,0
TXN0003892,CUST10635,2026-05-21 14:37:00,topup,5000,bank_transfer,MyApp,DEV72984bb6,Bandung,0
TXN0006257,CUST11006,2026-05-21 14:43:00,topup,5000,bank_transfer,MyApp,DEVc3b8a22b,Bandung,0
TXN0005623,CUST10905,2026-05-21 14:48:00,topup,11582,e-wallet_ovo,Web_Portal,DEV3d3fc0e0,Yogyakarta,0
TXN0000257,CUST10043,2026-05-21 14:53:00,topup,5000,retail_counter,MyApp,DEV7b53359e,Balikpapan,0
TXN0005508,CUST10887,2026-05-21 14:56:00,topup,16438,e-wallet_ovo,Web_Portal,DEV40bf5ca2,Balikpapan,0
TXN0003752,CUST10616,2026-05-21 15:05:00,topup,5000,e-wallet_ovo,Web_Portal,DEV5fed5cb7,Palembang,0
TXN0001866,CUST10319,2026-05-21 15:13:00,topup,15453,credit_card,Partner_Bank,DEV53a71719,Malang,0
TXN0003798,CUST10622,2026-05-21 15:25:00,topup,5000,e-wallet_ovo,Partner_Bank,DEV20a0c244,Palembang,0
TXN0003489,CUST10574,2026-05-21 15:56:00,topup,5000,bank_transfer,Retail_Outlet,DEV4a2f2373,Denpasar,0
TXN0004206,CUST10682,2026-05-21 16:06:00,topup,31057,virtual_account,MyApp,DEV2f8aeb01,Palembang,0
TXN0006756,CUST11089,2026-05-21 16:09:00,topup,5000,e-wallet_gopay,Web_Portal,DEVf4c621ef,Semarang,0
TXN0006604,CUST11064,2026-05-21 16:47:00,topup,5000,e-wallet_ovo,Retail_Outlet,DEV8224153c,Makassar,0
TXN0004249,CUST10688,2026-05-21 17:03:00,topup,5000,virtual_account,Web_Portal,DEV676a504c,Yogyakarta,0
TXN0004825,CUST10783,2026-05-21 17:12:00,topup,24782,virtual_account,MyApp,DEVf0b5b7b3,Balikpapan,0
TXN0002057,CUST10347,2026-05-21 17:15:00,topup,6897,retail_counter,MyApp,DEV2804335a,Yogyakarta,0
TXN0005862,CUST10940,2026-05-21 18:04:00,topup,39829,retail_counter,USSD,DEV02fea0e2,Jakarta,0
TXN0001169,CUST10192,2026-05-21 18:14:00,topup,12589,e-wallet_gopay,MyApp,DEV10f35676,Balikpapan,0
TXN0005532,CUST10890,2026-05-21 18:22:00,topup,45930,credit_card,Partner_Bank,DEV8c490e4c,Makassar,0
TXN0006389,CUST11025,2026-05-21 18:56:00,topup,18956,credit_card,Web_Portal,DEVdde630e0,Denpasar,0
TXN0004840,CUST10787,2026-05-21 18:56:00,topup,29604,e-wallet_gopay,Partner_Bank,DEVdb029414,Pekanbaru,0
TXN0006374,CUST11022,2026-05-21 19:22:00,topup,17340,credit_card,USSD,DEV5c699e1f,Palembang,0
TXN0006578,CUST11059,2026-05-21 19:34:00,topup,25119,retail_counter,MyApp,DEV084a4052,Denpasar,0
TXN0001238,CUST10203,2026-05-21 19:40:00,topup,11511,credit_card,USSD,DEV7b7ce7cc,Makassar,0
TXN0002442,CUST10408,2026-05-21 19:46:00,topup,55471,e-wallet_dana,USSD,DEVfa2c9e79,Balikpapan,0
TXN0001514,CUST10258,2026-05-21 19:46:00,topup,42619,e-wallet_ovo,MyApp,DEVb432ece9,Surabaya,0
TXN0007071,CUST11144,2026-05-21 19:47:00,topup,33652,e-wallet_gopay,MyApp,DEVa5571020,Semarang,0
TXN0002141,CUST10361,2026-05-21 19:47:00,topup,34546,e-wallet_dana,Web_Portal,DEV314b4d36,Palembang,0
TXN0001623,CUST10280,2026-05-21 20:00:00,topup,35500,retail_counter,Web_Portal,DEV397a284f,Palembang,0
TXN0004724,CUST10767,2026-05-21 20:17:00,topup,21749,credit_card,Web_Portal,DEV6e4ae071,Yogyakarta,0
TXN0002155,CUST10362,2026-05-21 20:24:00,topup,52463,retail_counter,Partner_Bank,DEV83601fb5,Makassar,0
TXN0000443,CUST10073,2026-05-21 20:37:00,topup,46360,bank_transfer,USSD,DEV21f6c63d,Semarang,0
TXN0003859,CUST10632,2026-05-21 20:55:00,topup,24047,bank_transfer,MyApp,DEV7c08a960,Malang,0
TXN0005967,CUST10959,2026-05-21 20:58:00,topup,5000,virtual_account,USSD,DEV0c8b2089,Medan,0
TXN0000044,CUST10005,2026-05-21 21:06:00,topup,16341,e-wallet_dana,Partner_Bank,DEV370b9a29,Yogyakarta,0
TXN0001355,CUST10229,2026-05-21 21:17:00,topup,5000,credit_card,Retail_Outlet,DEV407c4370,Makassar,0
TXN0000395,CUST10065,2026-05-21 21:34:00,topup,34692,e-wallet_gopay,USSD,DEV7f9ad277,Bandung,0
TXN0001916,CUST10326,2026-05-21 21:41:00,topup,36808,bank_transfer,USSD,DEVfa3f012e,Palembang,0
TXN0004886,CUST10794,2026-05-21 21:41:00,topup,16951,bank_transfer,Retail_Outlet,DEV63719357,Medan,0
TXN0004699,CUST10764,2026-05-21 21:42:00,topup,30318,bank_transfer,Retail_Outlet,DEV42f1287b,Yogyakarta,0
TXN0006783,CUST11093,2026-05-21 22:03:00,topup,25236,bank_transfer,USSD,DEV53cbad6c,Malang,0
TXN0006128,CUST10983,2026-05-21 22:43:00,topup,38944,retail_counter,Retail_Outlet,DEVf99003d8,Yogyakarta,0
TXN0007341,CUST11186,2026-05-21 22:43:00,topup,27697,retail_counter,Web_Portal,DEVab204463,Pekanbaru,0
TXN0006789,CUST11095,2026-05-21 22:51:00,topup,45462,e-wallet_ovo,MyApp,DEV3f13d74a,Jakarta,0
TXN0002263,CUST10381,2026-05-21 22:51:00,topup,28677,e-wallet_dana,MyApp,DEVb58dfc59,Balikpapan,0
TXN0005851,CUST10939,2026-05-21 22:59:00,topup,16982,retail_counter,MyApp,DEV78ac9c5e,Semarang,0
TXN0004635,CUST10753,2026-05-22 06:00:00,topup,7829,credit_card,Web_Portal,DEVaae50490,Denpasar,0
TXN0001569,CUST10270,2026-05-22 06:01:00,topup,33415,retail_counter,MyApp,DEVcb618d75,Balikpapan,0
TXN0006697,CUST11079,2026-05-22 06:05:00,topup,15603,retail_counter,USSD,DEV903ce3b1,Jakarta,0
TXN0005660,CUST10912,2026-05-22 06:06:00,topup,25006,bank_transfer,MyApp,DEV0496122f,Bandung,0
TXN0006140,CUST10985,2026-05-22 06:08:00,topup,11512,bank_transfer,Partner_Bank,DEV4f3b81d6,Surabaya,0
TXN0004538,CUST10734,2026-05-22 06:37:00,topup,13870,credit_card,Retail_Outlet,DEV764f6842,Medan,0
TXN0006204,CUST10997,2026-05-22 06:49:00,topup,12714,credit_card,MyApp,DEV113145d2,Denpasar,0
TXN0004296,CUST10695,2026-05-22 06:50:00,topup,29116,e-wallet_dana,Retail_Outlet,DEVa812cf1b,Pekanbaru,0
TXN0003251,CUST10537,2026-05-22 06:51:00,topup,9212,bank_transfer,MyApp,DEVce4d89f3,Malang,0
TXN0003511,CUST10577,2026-05-22 06:53:00,topup,20385,virtual_account,Web_Portal,DEV4001570a,Pekanbaru,0
TXN0003374,CUST10557,2026-05-22 07:07:00,topup,10055,bank_transfer,MyApp,DEVe914ae70,Denpasar,0
TXN0006753,CUST11089,2026-05-22 07:14:00,topup,5557,retail_counter,Partner_Bank,DEV82d3c040,Semarang,0
TXN0004529,CUST10733,2026-05-22 07:18:00,topup,22202,e-wallet_dana,MyApp,DEV18ad8eeb,Malang,0
TXN0001079,CUST10176,2026-05-22 07:24:00,topup,39961,e-wallet_ovo,Partner_Bank,DEVc60fb252,Malang,0
TXN0004622,CUST10750,2026-05-22 07:45:00,topup,6752,virtual_account,USSD,DEV6eb6d54b,Surabaya,0
TXN0002491,CUST10415,2026-05-22 07:47:00,topup,5000,e-wallet_gopay,Partner_Bank,DEV2a32e553,Yogyakarta,0
TXN0003006,CUST10499,2026-05-22 07:54:00,topup,26375,virtual_account,Web_Portal,DEV34c6d620,Pekanbaru,0
TXN0004904,CUST10796,2026-05-22 07:58:00,topup,42833,credit_card,Partner_Bank,DEV64907a63,Semarang,0
TXN0004407,CUST10714,2026-05-22 08:08:00,topup,5000,e-wallet_dana,Web_Portal,DEVf105c2d8,Palembang,0
TXN0004035,CUST10656,2026-05-22 08:45:00,topup,74300,credit_card,Web_Portal,DEV7458d92c,Jakarta,0
TXN0001447,CUST10246,2026-05-22 08:57:00,topup,21591,e-wallet_dana,Partner_Bank,DEV734eab10,Bandung,0
TXN0001864,CUST10319,2026-05-22 09:59:00,topup,5000,credit_card,Web_Portal,DEV10fd7164,Malang,0
TXN0005356,CUST10863,2026-05-22 10:06:00,topup,9330,bank_transfer,Web_Portal,DEV9af4ab8a,Malang,0
TXN0000832,CUST10138,2026-05-22 10:27:00,topup,45332,e-wallet_dana,USSD,DEV1186da93,Yogyakarta,0
TXN0000878,CUST10144,2026-05-22 10:34:00,topup,5000,e-wallet_gopay,Retail_Outlet,DEV05776108,Palembang,0
TXN0002529,CUST10421,2026-05-22 10:48:00,topup,5000,credit_card,Retail_Outlet,DEV52c83bfc,Medan,0
TXN0002014,CUST10339,2026-05-22 10:53:00,topup,5654,retail_counter,MyApp,DEVf69072cf,Pekanbaru,0
TXN0001296,CUST10215,2026-05-22 11:25:00,topup,24803,bank_transfer,MyApp,DEVc02627d1,Bandung,0
TXN0001933,CUST10329,2026-05-22 11:36:00,topup,23951,credit_card,MyApp,DEV70a32883,Surabaya,0
TXN0003947,CUST10644,2026-05-22 11:47:00,topup,16625,bank_transfer,USSD,DEVd5963842,Yogyakarta,0
TXN0005245,CUST10847,2026-05-22 12:03:00,topup,9818,virtual_account,MyApp,DEVa4d6c76c,Pekanbaru,0
TXN0005018,CUST10814,2026-05-22 12:18:00,topup,5000,credit_card,Retail_Outlet,DEV0fc64cf0,Balikpapan,0
TXN0006029,CUST10969,2026-05-22 12:34:00,topup,20170,retail_counter,MyApp,DEV746a18dc,Semarang,0
TXN0005652,CUST10910,2026-05-22 12:40:00,topup,34826,credit_card,MyApp,DEVbe7a38c6,Pekanbaru,0
TXN0000451,CUST10074,2026-05-22 13:55:00,topup,33437,credit_card,USSD,DEV6c21835d,Yogyakarta,0
TXN0005421,CUST10874,2026-05-22 14:30:00,topup,52157,bank_transfer,MyApp,DEV478b640b,Palembang,0
TXN0000873,CUST10143,2026-05-22 14:34:00,topup,27914,bank_transfer,MyApp,DEV276732d3,Palembang,0
TXN0001012,CUST10166,2026-05-22 14:46:00,topup,24764,virtual_account,Retail_Outlet,DEV7c12d198,Malang,0
TXN0001646,CUST10283,2026-05-22 14:55:00,topup,9067,virtual_account,MyApp,DEV52965cf3,Semarang,0
TXN0004071,CUST10662,2026-05-22 15:07:00,topup,33347,e-wallet_dana,USSD,DEVbf5628b9,Balikpapan,0
TXN0003582,CUST10588,2026-05-22 15:14:00,topup,35207,retail_counter,MyApp,DEV2e2d0681,Jakarta,0
TXN0002915,CUST10486,2026-05-22 15:23:00,topup,32834,e-wallet_gopay,USSD,DEVaf374e8c,Bandung,0
TXN0005418,CUST10873,2026-05-22 15:23:00,topup,5000,bank_transfer,Web_Portal,DEV3f068051,Yogyakarta,0
TXN0001545,CUST10265,2026-05-22 15:46:00,topup,18472,retail_counter,Partner_Bank,DEVf5504c52,Malang,0
TXN0003606,CUST10592,2026-05-22 16:00:00,topup,27784,e-wallet_gopay,USSD,DEV874db4a6,Malang,0
TXN0002577,CUST10429,2026-05-22 16:09:00,topup,26437,bank_transfer,Web_Portal,DEV6c8c5d0e,Denpasar,0
TXN0006732,CUST11085,2026-05-22 16:19:00,topup,12601,e-wallet_dana,MyApp,DEV8bf54fa8,Bandung,0
TXN0003183,CUST10525,2026-05-22 16:38:00,topup,8312,retail_counter,Retail_Outlet,DEV5953ff90,Surabaya,0
TXN0000003,CUST10000,2026-05-22 16:51:00,topup,6710,retail_counter,Web_Portal,DEV3922a7e4,Malang,0
TXN0004267,CUST10691,2026-05-22 16:56:00,topup,16476,retail_counter,Web_Portal,DEVe9c7eb29,Yogyakarta,0
TXN0002530,CUST10422,2026-05-22 17:01:00,topup,25608,e-wallet_dana,Web_Portal,DEVa76c11cb,Denpasar,0
TXN0002842,CUST10474,2026-05-22 17:09:00,topup,48569,e-wallet_ovo,USSD,DEV44725ab7,Balikpapan,0
TXN0006512,CUST11047,2026-05-22 17:09:00,topup,5000,bank_transfer,Partner_Bank,DEV32e72520,Makassar,0
TXN0002887,CUST10480,2026-05-22 17:11:00,topup,21229,bank_transfer,Retail_Outlet,DEV4c60b543,Makassar,0
TXN0004774,CUST10774,2026-05-22 17:16:00,topup,27780,e-wallet_gopay,USSD,DEV9cfa2010,Medan,0
TXN0005440,CUST10876,2026-05-22 17:16:00,topup,5000,retail_counter,Partner_Bank,DEV61233eea,Jakarta,0
TXN0005085,CUST10825,2026-05-22 17:39:00,topup,5000,e-wallet_dana,Partner_Bank,DEV5d20d8de,Bandung,0
TXN0003513,CUST10577,2026-05-22 17:41:00,topup,36959,e-wallet_ovo,USSD,DEV4c1e172a,Pekanbaru,0
TXN0004634,CUST10753,2026-05-22 18:26:00,topup,31763,virtual_account,Retail_Outlet,DEV9b4bf636,Denpasar,0
TXN0003181,CUST10525,2026-05-22 18:35:00,topup,15282,e-wallet_ovo,Partner_Bank,DEVda948cdf,Surabaya,0
TXN0004645,CUST10756,2026-05-22 18:42:00,topup,5000,bank_transfer,MyApp,DEV6610ba20,Bandung,0
TXN0003997,CUST10652,2026-05-22 18:46:00,topup,37761,credit_card,USSD,DEVbcbd6eeb,Balikpapan,0
TXN0004556,CUST10738,2026-05-22 19:00:00,topup,35369,virtual_account,USSD,DEVff26cb58,Jakarta,0
TXN0003714,CUST10611,2026-05-22 19:02:00,topup,39945,credit_card,Partner_Bank,DEVfe1be3e9,Pekanbaru,0
TXN0004857,CUST10789,2026-05-22 19:18:00,topup,20309,bank_transfer,Retail_Outlet,DEV7647f43f,Denpasar,0
TXN0001588,CUST10274,2026-05-22 19:28:00,topup,14332,e-wallet_ovo,MyApp,DEV0a42be3f,Denpasar,0
TXN0006685,CUST11077,2026-05-22 19:38:00,topup,16760,virtual_account,Partner_Bank,DEV6624f8ed,Jakarta,0
TXN0000334,CUST10055,2026-05-22 19:49:00,topup,16433,retail_counter,Partner_Bank,DEV6b382a0a,Semarang,0
TXN0000143,CUST10024,2026-05-22 19:58:00,topup,41901,retail_counter,Retail_Outlet,DEV088dbd82,Surabaya,0
TXN0002321,CUST10389,2026-05-22 20:07:00,topup,6111,e-wallet_dana,Web_Portal,DEVacffa99f,Surabaya,0
TXN0007225,CUST11167,2026-05-22 20:11:00,topup,30067,retail_counter,USSD,DEV2b125551,Balikpapan,0
TXN0004429,CUST10718,2026-05-22 20:14:00,topup,12576,e-wallet_dana,Web_Portal,DEV523e901f,Denpasar,0
TXN0004174,CUST10679,2026-05-22 20:14:00,topup,16777,retail_counter,Web_Portal,DEV0cd19e0c,Yogyakarta,0
TXN0003695,CUST10607,2026-05-22 20:15:00,topup,16948,retail_counter,Partner_Bank,DEV04d340e8,Semarang,0
TXN0001566,CUST10269,2026-05-22 20:15:00,topup,55449,retail_counter,MyApp,DEV29298691,Bandung,0
TXN0002753,CUST10459,2026-05-22 20:26:00,topup,5000,e-wallet_dana,MyApp,DEVfb924354,Denpasar,0
TXN0005998,CUST10964,2026-05-22 20:31:00,topup,38956,e-wallet_gopay,Partner_Bank,DEVf5f5431f,Bandung,0
TXN0005619,CUST10904,2026-05-22 20:32:00,topup,24809,e-wallet_gopay,MyApp,DEVe0094827,Semarang,0
TXN0003762,CUST10617,2026-05-22 20:38:00,topup,28076,e-wallet_dana,Partner_Bank,DEVc33a8761,Yogyakarta,0
TXN0001994,CUST10337,2026-05-22 20:38:00,topup,28642,virtual_account,Partner_Bank,DEVb8663c7c,Yogyakarta,0
TXN0000691,CUST10115,2026-05-22 20:53:00,topup,17021,retail_counter,USSD,DEVf9c3ee05,Bandung,0
TXN0006185,CUST10993,2026-05-22 21:01:00,topup,57132,bank_transfer,MyApp,DEVdce6ea64,Bandung,0
TXN0006905,CUST11115,2026-05-22 21:03:00,topup,18710,e-wallet_ovo,Retail_Outlet,DEV0db1565d,Surabaya,0
TXN0003815,CUST10625,2026-05-22 21:08:00,topup,43028,e-wallet_ovo,USSD,DEV3b759faa,Denpasar,0
TXN0002809,CUST10469,2026-05-22 21:27:00,topup,9198,bank_transfer,MyApp,DEV29cf4c70,Makassar,0
TXN0006539,CUST11052,2026-05-22 21:30:00,topup,31331,e-wallet_dana,Retail_Outlet,DEV264e448e,Bandung,0
TXN0004360,CUST10707,2026-05-22 21:36:00,topup,38595,retail_counter,MyApp,DEVa48339f7,Malang,0
TXN0005849,CUST10939,2026-05-22 21:43:00,topup,12769,retail_counter,Retail_Outlet,DEV323eab00,Semarang,0
TXN0007055,CUST11140,2026-05-22 21:47:00,topup,25652,retail_counter,Web_Portal,DEV0043384a,Surabaya,0
TXN0004470,CUST10723,2026-05-22 22:20:00,topup,18664,retail_counter,USSD,DEVa87da2af,Surabaya,0
TXN0006616,CUST11067,2026-05-22 22:40:00,topup,17237,e-wallet_gopay,Partner_Bank,DEV7f0544ca,Balikpapan,0
TXN0007185,CUST11161,2026-05-22 22:43:00,topup,5000,retail_counter,MyApp,DEV02d4729d,Surabaya,0
TXN0002712,CUST10451,2026-05-22 22:44:00,topup,8287,retail_counter,USSD,DEV635d8150,Denpasar,0
TXN0007393,CUST11194,2026-05-22 22:47:00,topup,10794,bank_transfer,Partner_Bank,DEVe3a14f5d,Denpasar,0
TXN0006890,CUST11112,2026-05-23 06:18:00,topup,8581,retail_counter,Partner_Bank,DEV31c1b3f3,Palembang,0
TXN0004571,CUST10741,2026-05-23 06:21:00,topup,8865,retail_counter,Partner_Bank,DEV244700ca,Bandung,0
TXN0000680,CUST10114,2026-05-23 06:21:00,topup,22050,e-wallet_ovo,USSD,DEVb9787c4b,Yogyakarta,0
TXN0000343,CUST10056,2026-05-23 06:35:00,topup,19621,bank_transfer,USSD,DEV3c088990,Bandung,0
TXN0004975,CUST10807,2026-05-23 06:48:00,topup,48720,e-wallet_ovo,Web_Portal,DEV6cacf6d9,Balikpapan,0
TXN0006189,CUST10994,2026-05-23 07:09:00,topup,36010,e-wallet_ovo,MyApp,DEVa333639f,Balikpapan,0
TXN0004740,CUST10770,2026-05-23 07:11:00,topup,21523,virtual_account,Web_Portal,DEVba89eda3,Makassar,0
TXN0002537,CUST10423,2026-05-23 07:43:00,topup,5704,e-wallet_dana,MyApp,DEVca90001c,Pekanbaru,0
TXN0005253,CUST10848,2026-05-23 08:34:00,topup,15260,e-wallet_dana,Retail_Outlet,DEVf398d16e,Palembang,0
TXN0001539,CUST10264,2026-05-23 08:41:00,topup,26268,bank_transfer,Partner_Bank,DEVe6426f0b,Pekanbaru,0
TXN0004056,CUST10659,2026-05-23 08:42:00,topup,5000,e-wallet_gopay,Retail_Outlet,DEV9bc88efe,Yogyakarta,0
TXN0006349,CUST11019,2026-05-23 08:54:00,topup,5000,bank_transfer,Web_Portal,DEV13131048,Semarang,0
TXN0000354,CUST10058,2026-05-23 08:59:00,topup,47076,virtual_account,USSD,DEV1dabb10a,Palembang,0
TXN0003759,CUST10617,2026-05-23 09:10:00,topup,23763,e-wallet_dana,USSD,DEVb67cb2ac,Yogyakarta,0
TXN0000679,CUST10113,2026-05-23 09:14:00,topup,6227,e-wallet_ovo,Web_Portal,DEV5eef0d1e,Palembang,0
TXN0004093,CUST10665,2026-05-23 09:32:00,topup,5000,credit_card,USSD,DEV779d7db4,Surabaya,0
TXN0001205,CUST10199,2026-05-23 09:39:00,topup,5000,virtual_account,Partner_Bank,DEVf17aa7a9,Balikpapan,0
TXN0004123,CUST10669,2026-05-23 09:58:00,topup,18496,e-wallet_gopay,Retail_Outlet,DEV4eba12da,Malang,0
TXN0002030,CUST10341,2026-05-23 09:59:00,topup,9024,retail_counter,Web_Portal,DEV1a482803,Palembang,0
TXN0005621,CUST10904,2026-05-23 10:38:00,topup,12294,e-wallet_gopay,USSD,DEVb9076ff3,Semarang,0
TXN0000997,CUST10164,2026-05-23 10:58:00,topup,11231,virtual_account,Retail_Outlet,DEV8be27516,Makassar,0
TXN0002002,CUST10338,2026-05-23 11:12:00,topup,7910,e-wallet_dana,Web_Portal,DEV732fc932,Jakarta,0
TXN0003507,CUST10576,2026-05-23 11:18:00,topup,5000,e-wallet_ovo,USSD,DEVeb91d7bc,Denpasar,0
TXN0003896,CUST10636,2026-05-23 11:33:00,topup,9326,e-wallet_gopay,Partner_Bank,DEV21144198,Bandung,0
TXN0002399,CUST10401,2026-05-23 11:40:00,topup,22921,e-wallet_gopay,MyApp,DEV15b2c2b4,Yogyakarta,0
TXN0003734,CUST10613,2026-05-23 12:18:00,topup,31973,e-wallet_gopay,MyApp,DEV2cabb9ad,Makassar,0
TXN0007148,CUST11156,2026-05-23 12:26:00,topup,31302,virtual_account,MyApp,DEVaa9af6c4,Semarang,0
TXN0003020,CUST10500,2026-05-23 12:31:00,topup,12665,retail_counter,Partner_Bank,DEVa52680b3,Denpasar,0
TXN0004330,CUST10702,2026-05-23 12:35:00,topup,43883,e-wallet_ovo,USSD,DEV7fb0b7b6,Medan,0
TXN0001848,CUST10316,2026-05-23 12:37:00,topup,33966,virtual_account,Retail_Outlet,DEVe7354db2,Pekanbaru,0
TXN0005469,CUST10881,2026-05-23 12:40:00,topup,5000,virtual_account,USSD,DEV9a463e70,Balikpapan,0
TXN0005136,CUST10833,2026-05-23 12:42:00,topup,5000,credit_card,Retail_Outlet,DEV233e8b97,Semarang,0
TXN0003592,CUST10590,2026-05-23 13:03:00,topup,5000,retail_counter,MyApp,DEVead217d1,Makassar,0
TXN0000593,CUST10098,2026-05-23 13:06:00,topup,31783,bank_transfer,Web_Portal,DEV3be8a5df,Malang,0
TXN0003016,CUST10500,2026-05-23 13:06:00,topup,23069,bank_transfer,USSD,DEV4f66a914,Denpasar,0
TXN0000581,CUST10096,2026-05-23 13:08:00,topup,55575,e-wallet_ovo,Retail_Outlet,DEV96f01335,Palembang,0
TXN0005990,CUST10962,2026-05-23 13:10:00,topup,18935,credit_card,Partner_Bank,DEV666bd0ee,Bandung,0
TXN0002812,CUST10469,2026-05-23 13:27:00,topup,30685,retail_counter,Partner_Bank,DEV3429ce3b,Makassar,0
TXN0000842,CUST10139,2026-05-23 14:03:00,topup,30239,bank_transfer,USSD,DEVc9254bb5,Makassar,0
TXN0007259,CUST11173,2026-05-23 14:11:00,topup,50898,e-wallet_ovo,Web_Portal,DEVdc399fe1,Balikpapan,0
TXN0004697,CUST10764,2026-05-23 14:17:00,topup,36762,bank_transfer,MyApp,DEV664d49fa,Yogyakarta,0
TXN0001546,CUST10265,2026-05-23 14:30:00,topup,11337,retail_counter,Web_Portal,DEV2a2e1e6a,Malang,0
TXN0005700,CUST10919,2026-05-23 14:48:00,topup,13945,bank_transfer,Partner_Bank,DEV56685b02,Palembang,0
TXN0000274,CUST10046,2026-05-23 14:55:00,topup,11046,e-wallet_dana,Partner_Bank,DEV2b843ef3,Medan,0
TXN0003523,CUST10580,2026-05-23 15:08:00,topup,5000,e-wallet_dana,Retail_Outlet,DEV23fd6ade,Semarang,0
TXN0001597,CUST10275,2026-05-23 15:10:00,topup,18348,e-wallet_ovo,Retail_Outlet,DEVf9d09e26,Palembang,0
TXN0004454,CUST10721,2026-05-23 15:19:00,topup,42990,virtual_account,Web_Portal,DEVf2d1235d,Surabaya,0
TXN0005351,CUST10862,2026-05-23 15:43:00,topup,25435,bank_transfer,USSD,DEVb4586ea4,Pekanbaru,0
TXN0001690,CUST10290,2026-05-23 15:52:00,topup,27210,e-wallet_ovo,Web_Portal,DEV011bb348,Malang,0
TXN0002048,CUST10345,2026-05-23 16:04:00,topup,27214,virtual_account,Partner_Bank,DEVda7bf28b,Pekanbaru,0
TXN0003966,CUST10646,2026-05-23 16:08:00,topup,34190,retail_counter,Retail_Outlet,DEVe15680e9,Malang,0
TXN0003777,CUST10618,2026-05-23 16:23:00,topup,12992,e-wallet_ovo,USSD,DEV14669189,Malang,0
TXN0006057,CUST10973,2026-05-23 16:24:00,topup,5000,e-wallet_dana,USSD,DEVe2c94a44,Palembang,0
TXN0002450,CUST10409,2026-05-23 16:32:00,topup,5000,credit_card,Web_Portal,DEV2be26bd1,Surabaya,0
TXN0001398,CUST10239,2026-05-23 16:53:00,topup,5000,credit_card,USSD,DEVc2ad0d97,Denpasar,0
TXN0000799,CUST10132,2026-05-23 16:53:00,topup,24644,credit_card,MyApp,DEV63ccf604,Palembang,0
TXN0005921,CUST10949,2026-05-23 17:28:00,topup,5000,bank_transfer,Retail_Outlet,DEV205d8635,Malang,0
TXN0004586,CUST10744,2026-05-23 17:29:00,topup,14059,retail_counter,Partner_Bank,DEV85915047,Yogyakarta,0
TXN0004722,CUST10767,2026-05-23 17:33:00,topup,40380,e-wallet_ovo,Partner_Bank,DEV4083dcf3,Yogyakarta,0
TXN0002808,CUST10468,2026-05-23 17:41:00,topup,10287,e-wallet_gopay,MyApp,DEV42bb8f63,Bandung,0
TXN0004124,CUST10669,2026-05-23 18:08:00,topup,50583,credit_card,USSD,DEVdb964db1,Malang,0
TXN0007360,CUST11189,2026-05-23 18:46:00,topup,8815,bank_transfer,Web_Portal,DEV0207006d,Palembang,0
TXN0001913,CUST10325,2026-05-23 19:02:00,topup,30628,e-wallet_dana,MyApp,DEVcd602879,Yogyakarta,0
TXN0003170,CUST10523,2026-05-23 19:02:00,topup,5000,credit_card,MyApp,DEV68b666d6,Yogyakarta,0
TXN0003899,CUST10637,2026-05-23 19:06:00,topup,29188,credit_card,USSD,DEV55525e11,Jakarta,0
TXN0005684,CUST10916,2026-05-23 19:12:00,topup,41165,e-wallet_ovo,Retail_Outlet,DEVa7f655fb,Jakarta,0
TXN0007607,CUST10102,2026-05-23 20:00:00,promo_bundle_redeem,0,promo_credit,MyApp,DEVe37355f3,Medan,1
TXN0001743,CUST10298,2026-05-23 20:03:00,topup,14715,credit_card,Web_Portal,DEV09360f02,Semarang,0
TXN0001327,CUST10222,2026-05-23 20:15:00,topup,27361,e-wallet_dana,Web_Portal,DEV69b6f3b7,Surabaya,0
TXN0007282,CUST11177,2026-05-23 20:40:00,topup,10670,virtual_account,MyApp,DEVaf0caa3c,Yogyakarta,0
TXN0003324,CUST10548,2026-05-23 20:47:00,topup,11892,credit_card,USSD,DEVec1f0155,Medan,0
TXN0003395,CUST10561,2026-05-23 20:49:00,topup,5000,virtual_account,MyApp,DEV47d1931c,Pekanbaru,0
TXN0006709,CUST11081,2026-05-23 20:51:00,topup,42958,virtual_account,USSD,DEV1e2f9c71,Medan,0
TXN0003673,CUST10603,2026-05-23 20:57:00,topup,19721,e-wallet_gopay,Retail_Outlet,DEV138d8006,Jakarta,0
TXN0003275,CUST10541,2026-05-23 21:13:00,topup,9732,credit_card,MyApp,DEV5170a2ef,Surabaya,0
TXN0005800,CUST10933,2026-05-23 21:29:00,topup,23361,virtual_account,Web_Portal,DEV69d1b037,Bandung,0
TXN0002327,CUST10390,2026-05-23 21:36:00,topup,47656,virtual_account,Retail_Outlet,DEV5afaeb32,Jakarta,0
TXN0007065,CUST11142,2026-05-23 22:07:00,topup,53269,e-wallet_dana,USSD,DEVae344b14,Denpasar,0
TXN0003468,CUST10572,2026-05-23 22:28:00,topup,5000,e-wallet_gopay,Partner_Bank,DEV25dccca2,Pekanbaru,0
TXN0006441,CUST11035,2026-05-23 22:42:00,topup,6205,e-wallet_dana,Web_Portal,DEVdad95c71,Malang,0
TXN0004942,CUST10803,2026-05-23 22:50:00,topup,31414,e-wallet_dana,Retail_Outlet,DEV7a14cf98,Bandung,0
TXN0005188,CUST10838,2026-05-23 22:51:00,topup,13829,virtual_account,MyApp,DEVbe87dbac,Jakarta,0
TXN0000693,CUST10116,2026-05-23 22:54:00,topup,32948,e-wallet_gopay,USSD,DEVab6ef8dd,Surabaya,0
TXN0003317,CUST10547,2026-05-24 06:22:00,topup,52384,e-wallet_ovo,Partner_Bank,DEV078d27e5,Semarang,0
TXN0000084,CUST10013,2026-05-24 06:32:00,topup,15862,virtual_account,Retail_Outlet,DEV5b80b8d1,Medan,0
TXN0006082,CUST10977,2026-05-24 06:40:00,topup,5000,e-wallet_gopay,Web_Portal,DEVe28b40c6,Malang,0
TXN0004024,CUST10655,2026-05-24 06:41:00,topup,36883,bank_transfer,Retail_Outlet,DEV3222504f,Semarang,0
TXN0007024,CUST11134,2026-05-24 06:51:00,topup,38296,bank_transfer,USSD,DEVe245ed74,Balikpapan,0
TXN0003597,CUST10591,2026-05-24 06:56:00,topup,13409,e-wallet_gopay,MyApp,DEV09943e76,Yogyakarta,0
TXN0005725,CUST10923,2026-05-24 07:00:00,topup,40683,e-wallet_dana,MyApp,DEV30260bb1,Denpasar,0
TXN0001351,CUST10228,2026-05-24 07:01:00,topup,5000,e-wallet_gopay,USSD,DEV02b53d3d,Malang,0
TXN0005997,CUST10964,2026-05-24 07:21:00,topup,17631,bank_transfer,Web_Portal,DEV6e4ebe99,Bandung,0
TXN0003661,CUST10601,2026-05-24 07:22:00,topup,18242,credit_card,MyApp,DEVeb068b1e,Yogyakarta,0
TXN0001877,CUST10320,2026-05-24 07:27:00,topup,23629,virtual_account,USSD,DEV222db2cf,Pekanbaru,0
TXN0002762,CUST10460,2026-05-24 07:48:00,topup,5000,e-wallet_gopay,Retail_Outlet,DEV2c281bbd,Pekanbaru,0
TXN0000070,CUST10010,2026-05-24 07:49:00,topup,20445,e-wallet_gopay,Retail_Outlet,DEVa5b40983,Yogyakarta,0
TXN0001660,CUST10285,2026-05-24 07:49:00,topup,41479,credit_card,MyApp,DEVea8104ad,Surabaya,0
TXN0006402,CUST11027,2026-05-24 08:11:00,topup,14254,credit_card,Web_Portal,DEV537356f2,Pekanbaru,0
TXN0001620,CUST10279,2026-05-24 08:31:00,topup,43181,bank_transfer,Partner_Bank,DEV7d9704fe,Jakarta,0
TXN0000130,CUST10022,2026-05-24 08:42:00,topup,54304,e-wallet_dana,Retail_Outlet,DEVf68c62e6,Makassar,0
TXN0006353,CUST11020,2026-05-24 08:55:00,topup,25800,e-wallet_ovo,Partner_Bank,DEV3c6bad34,Malang,0
TXN0006585,CUST11061,2026-05-24 09:08:00,topup,20433,bank_transfer,Web_Portal,DEVc743eed3,Yogyakarta,0
TXN0005044,CUST10818,2026-05-24 09:13:00,topup,35660,e-wallet_ovo,Partner_Bank,DEVf22fdeb8,Medan,0
TXN0001027,CUST10169,2026-05-24 09:19:00,topup,5000,virtual_account,Retail_Outlet,DEVbada0c94,Jakarta,0
TXN0003027,CUST10502,2026-05-24 09:51:00,topup,35132,virtual_account,USSD,DEV44852295,Balikpapan,0
TXN0000798,CUST10132,2026-05-24 10:12:00,topup,18495,e-wallet_dana,Retail_Outlet,DEV15956c42,Palembang,0
TXN0003589,CUST10589,2026-05-24 10:18:00,topup,14107,e-wallet_ovo,Web_Portal,DEVaa4e8b03,Bandung,0
TXN0006309,CUST11013,2026-05-24 10:29:00,topup,23818,bank_transfer,USSD,DEV44f2a0db,Yogyakarta,0
TXN0004516,CUST10731,2026-05-24 10:46:00,topup,37125,e-wallet_gopay,USSD,DEV24f384ef,Jakarta,0
TXN0002665,CUST10444,2026-05-24 10:48:00,topup,5000,bank_transfer,Web_Portal,DEVc05e5ade,Surabaya,0
TXN0002046,CUST10344,2026-05-24 10:49:00,topup,17187,e-wallet_ovo,Retail_Outlet,DEV81f46dfd,Surabaya,0
TXN0003506,CUST10575,2026-05-24 11:11:00,topup,5000,credit_card,MyApp,DEVe7773701,Surabaya,0
TXN0005505,CUST10886,2026-05-24 11:11:00,topup,20284,e-wallet_gopay,Web_Portal,DEV23cce3bb,Semarang,0
TXN0007234,CUST11169,2026-05-24 11:36:00,topup,21814,bank_transfer,Web_Portal,DEV8cf431de,Malang,0
TXN0005033,CUST10817,2026-05-24 11:56:00,topup,21606,retail_counter,Retail_Outlet,DEV68e438e0,Balikpapan,0
TXN0006035,CUST10970,2026-05-24 11:57:00,topup,22874,e-wallet_ovo,Web_Portal,DEVffdb88d7,Semarang,0
TXN0005860,CUST10940,2026-05-24 12:11:00,topup,45726,e-wallet_ovo,Retail_Outlet,DEV3881e713,Jakarta,0
TXN0005525,CUST10889,2026-05-24 12:14:00,topup,15150,e-wallet_ovo,Retail_Outlet,DEV5f0b5135,Semarang,0
TXN0001973,CUST10334,2026-05-24 12:43:00,topup,5000,e-wallet_dana,Retail_Outlet,DEVebf484d0,Palembang,0
TXN0004133,CUST10671,2026-05-24 12:55:00,topup,23548,e-wallet_gopay,MyApp,DEV517fd316,Medan,0
TXN0004888,CUST10794,2026-05-24 13:10:00,topup,17450,bank_transfer,MyApp,DEV6e8649f1,Medan,0
TXN0005856,CUST10940,2026-05-24 13:24:00,topup,48448,e-wallet_dana,Web_Portal,DEV0b3b81a9,Jakarta,0
TXN0000052,CUST10007,2026-05-24 13:50:00,topup,35991,virtual_account,Retail_Outlet,DEVcb371d97,Medan,0
TXN0001615,CUST10279,2026-05-24 13:54:00,topup,15548,credit_card,Retail_Outlet,DEV01b1c626,Jakarta,0
TXN0007628,CUST10770,2026-05-24 14:00:00,promo_bundle_redeem,0,promo_credit,MyApp,DEV2b31b5e7,Makassar,1
TXN0007260,CUST11173,2026-05-24 14:15:00,topup,51149,e-wallet_dana,Partner_Bank,DEV10e7ee6f,Balikpapan,0
TXN0002693,CUST10448,2026-05-24 14:36:00,topup,20785,credit_card,MyApp,DEVb81bda1d,Palembang,0
TXN0006922,CUST11117,2026-05-24 14:54:00,topup,32596,retail_counter,Web_Portal,DEVb3fce44c,Yogyakarta,0
TXN0006220,CUST11000,2026-05-24 14:56:00,topup,5000,bank_transfer,USSD,DEV1307afb6,Semarang,0
TXN0001904,CUST10324,2026-05-24 14:57:00,topup,50642,bank_transfer,Web_Portal,DEVa5b13afd,Yogyakarta,0
TXN0005855,CUST10940,2026-05-24 15:02:00,topup,34685,retail_counter,USSD,DEV2312271f,Jakarta,0
TXN0007202,CUST11163,2026-05-24 15:03:00,topup,24952,e-wallet_dana,Partner_Bank,DEV624f88a5,Bandung,0
TXN0006908,CUST11115,2026-05-24 15:23:00,topup,27760,virtual_account,Partner_Bank,DEV9e9a3e83,Surabaya,0
TXN0004480,CUST10725,2026-05-24 15:24:00,topup,9473,bank_transfer,MyApp,DEV97187943,Yogyakarta,0
TXN0003231,CUST10533,2026-05-24 15:43:00,topup,5000,e-wallet_gopay,Partner_Bank,DEVf481b9cb,Makassar,0
TXN0000028,CUST10003,2026-05-24 16:19:00,topup,20847,e-wallet_gopay,USSD,DEVa3209116,Palembang,0
TXN0000993,CUST10163,2026-05-24 17:00:00,topup,5000,e-wallet_dana,Partner_Bank,DEV49a5baeb,Surabaya,0
TXN0004441,CUST10719,2026-05-24 17:27:00,topup,62880,virtual_account,Retail_Outlet,DEV5570cefc,Semarang,0
TXN0005763,CUST10928,2026-05-24 17:49:00,topup,27385,virtual_account,Retail_Outlet,DEV5550f4ea,Bandung,0
TXN0004491,CUST10727,2026-05-24 18:00:00,topup,8402,e-wallet_gopay,USSD,DEVf6295eb4,Pekanbaru,0
TXN0002127,CUST10359,2026-05-24 18:01:00,topup,15412,e-wallet_ovo,USSD,DEVbb63721d,Semarang,0
TXN0004293,CUST10695,2026-05-24 18:07:00,topup,8715,e-wallet_gopay,Retail_Outlet,DEVd8d99ad8,Pekanbaru,0
TXN0003887,CUST10635,2026-05-24 18:14:00,topup,12063,e-wallet_gopay,Web_Portal,DEVaccc1507,Bandung,0
TXN0003052,CUST10506,2026-05-24 18:32:00,topup,40804,e-wallet_gopay,MyApp,DEV55b85720,Denpasar,0
TXN0000687,CUST10115,2026-05-24 18:54:00,topup,32560,e-wallet_gopay,Web_Portal,DEV31dae817,Bandung,0
TXN0001624,CUST10280,2026-05-24 18:59:00,topup,5000,e-wallet_dana,Web_Portal,DEV276e1d67,Palembang,0
TXN0000614,CUST10102,2026-05-24 19:06:00,topup,35029,e-wallet_dana,Retail_Outlet,DEV1d03c3d5,Medan,0
TXN0006105,CUST10980,2026-05-24 19:10:00,topup,18668,e-wallet_dana,MyApp,DEV0daba507,Makassar,0
TXN0002361,CUST10395,2026-05-24 19:27:00,topup,5000,e-wallet_gopay,MyApp,DEV380cc838,Bandung,0
TXN0002571,CUST10429,2026-05-24 19:36:00,topup,33670,credit_card,MyApp,DEVfdf48930,Denpasar,0
TXN0001919,CUST10326,2026-05-24 19:56:00,topup,9039,virtual_account,Web_Portal,DEV2b7c5ee3,Palembang,0
TXN0007359,CUST11188,2026-05-24 19:58:00,topup,36989,e-wallet_gopay,Partner_Bank,DEV05aa0cd3,Makassar,0
TXN0002898,CUST10484,2026-05-24 20:12:00,topup,5000,e-wallet_ovo,Web_Portal,DEVa801f15e,Surabaya,0
TXN0006934,CUST11120,2026-05-24 20:20:00,topup,40098,retail_counter,MyApp,DEVa564ee98,Makassar,0
TXN0001778,CUST10305,2026-05-24 20:25:00,topup,5000,credit_card,Retail_Outlet,DEV13483fb3,Palembang,0
TXN0005680,CUST10915,2026-05-24 20:25:00,topup,13482,e-wallet_ovo,USSD,DEV88ba1f6f,Malang,0
TXN0005413,CUST10872,2026-05-24 20:59:00,topup,28596,virtual_account,Web_Portal,DEVf765f8a0,Jakarta,0
TXN0005947,CUST10954,2026-05-24 21:00:00,topup,17683,bank_transfer,MyApp,DEV5a744822,Yogyakarta,0
TXN0004430,CUST10718,2026-05-24 21:05:00,topup,41100,virtual_account,Retail_Outlet,DEV5cb9635c,Denpasar,0
TXN0005881,CUST10943,2026-05-24 21:13:00,topup,42330,credit_card,Retail_Outlet,DEV0577f0c3,Malang,0
TXN0002284,CUST10384,2026-05-24 21:20:00,topup,30382,e-wallet_dana,USSD,DEVa6685e80,Jakarta,0
TXN0006631,CUST11068,2026-05-24 21:22:00,topup,28083,credit_card,Web_Portal,DEV1dd19a42,Bandung,0
TXN0001784,CUST10305,2026-05-24 21:23:00,topup,9091,virtual_account,Web_Portal,DEV45fb3e8a,Palembang,0
TXN0001475,CUST10250,2026-05-24 21:25:00,topup,22795,e-wallet_dana,Partner_Bank,DEVe43081aa,Palembang,0
TXN0003428,CUST10566,2026-05-24 21:27:00,topup,27334,e-wallet_gopay,Partner_Bank,DEV46a3110a,Pekanbaru,0
TXN0004172,CUST10678,2026-05-24 21:35:00,topup,23377,retail_counter,MyApp,DEV76fab828,Denpasar,0
TXN0007227,CUST11167,2026-05-24 21:39:00,topup,65259,e-wallet_dana,MyApp,DEV1149544e,Balikpapan,0
TXN0006876,CUST11110,2026-05-24 21:51:00,topup,11500,e-wallet_dana,MyApp,DEVf0a968a6,Medan,0
TXN0005143,CUST10834,2026-05-24 21:53:00,topup,5000,retail_counter,Web_Portal,DEV7dd0a74b,Pekanbaru,0
TXN0003237,CUST10534,2026-05-24 22:59:00,topup,50959,e-wallet_ovo,USSD,DEV6d0473e7,Semarang,0
TXN0003998,CUST10652,2026-05-25 06:11:00,topup,32578,credit_card,USSD,DEVe8c347d0,Balikpapan,0
TXN0003536,CUST10582,2026-05-25 06:15:00,topup,32682,e-wallet_ovo,USSD,DEV95a97dd7,Malang,0
TXN0006650,CUST11072,2026-05-25 06:32:00,topup,31315,bank_transfer,USSD,DEV6a21ab97,Palembang,0
TXN0003116,CUST10516,2026-05-25 06:43:00,topup,20573,e-wallet_gopay,Web_Portal,DEV13c3fc1b,Palembang,0
TXN0005751,CUST10926,2026-05-25 06:54:00,topup,18814,retail_counter,Web_Portal,DEVc49b9178,Denpasar,0
TXN0001777,CUST10305,2026-05-25 07:08:00,topup,56730,virtual_account,Web_Portal,DEVa2ac7896,Palembang,0
TXN0000704,CUST10118,2026-05-25 07:14:00,topup,20517,virtual_account,Partner_Bank,DEV1df44d3e,Palembang,0
TXN0002132,CUST10360,2026-05-25 07:22:00,topup,13419,retail_counter,Web_Portal,DEV56c76990,Makassar,0
TXN0007419,CUST11198,2026-05-25 07:40:00,topup,5000,bank_transfer,Partner_Bank,DEV3a099c80,Jakarta,0
TXN0003554,CUST10585,2026-05-25 07:50:00,topup,20064,e-wallet_gopay,Retail_Outlet,DEV1f89cec2,Malang,0
TXN0004915,CUST10798,2026-05-25 08:00:00,topup,27203,retail_counter,USSD,DEVa4282ec4,Pekanbaru,0
TXN0006813,CUST11098,2026-05-25 08:08:00,topup,5000,retail_counter,USSD,DEV716ebe56,Palembang,0
TXN0004484,CUST10726,2026-05-25 08:11:00,topup,23058,e-wallet_ovo,MyApp,DEVf0d1701b,Makassar,0
TXN0004664,CUST10758,2026-05-25 08:13:00,topup,9901,virtual_account,Retail_Outlet,DEV510861bb,Malang,0
TXN0004736,CUST10769,2026-05-25 08:16:00,topup,27057,e-wallet_dana,USSD,DEV2944e059,Makassar,0
TXN0003067,CUST10509,2026-05-25 08:21:00,topup,25738,bank_transfer,Retail_Outlet,DEVc47d336f,Surabaya,0
TXN0003808,CUST10624,2026-05-25 08:26:00,topup,22391,e-wallet_gopay,Partner_Bank,DEVb944e469,Surabaya,0
TXN0005162,CUST10835,2026-05-25 08:27:00,topup,43271,credit_card,Partner_Bank,DEV4da9b236,Bandung,0
TXN0001869,CUST10319,2026-05-25 08:28:00,topup,26124,virtual_account,Web_Portal,DEVa41f0d38,Malang,0
TXN0001930,CUST10328,2026-05-25 08:34:00,topup,14380,virtual_account,Web_Portal,DEVbca37653,Pekanbaru,0
TXN0005737,CUST10924,2026-05-25 08:45:00,topup,15944,e-wallet_dana,Partner_Bank,DEV897e2ce5,Palembang,0
TXN0000229,CUST10039,2026-05-25 08:47:00,topup,5000,virtual_account,Retail_Outlet,DEV32f8dbab,Denpasar,0
TXN0005289,CUST10853,2026-05-25 08:50:00,topup,37832,virtual_account,Web_Portal,DEV73a44f97,Balikpapan,0
TXN0005721,CUST10922,2026-05-25 08:54:00,topup,17721,virtual_account,Retail_Outlet,DEVef0d44d7,Palembang,0
TXN0007068,CUST11143,2026-05-25 08:57:00,topup,32644,e-wallet_dana,USSD,DEVe093e2cf,Surabaya,0
TXN0005250,CUST10847,2026-05-25 09:07:00,topup,29029,virtual_account,Web_Portal,DEVb1e76ab9,Pekanbaru,0
TXN0001706,CUST10291,2026-05-25 09:20:00,topup,5000,bank_transfer,USSD,DEVfc267da6,Yogyakarta,0
TXN0005491,CUST10884,2026-05-25 09:21:00,topup,5000,credit_card,USSD,DEVa5b8f158,Semarang,0
TXN0001752,CUST10300,2026-05-25 09:31:00,topup,14896,e-wallet_gopay,Web_Portal,DEV436d977b,Palembang,0
TXN0002025,CUST10340,2026-05-25 09:39:00,topup,37107,e-wallet_dana,Partner_Bank,DEVbd20c36a,Denpasar,0
TXN0000720,CUST10120,2026-05-25 10:15:00,topup,6598,virtual_account,Retail_Outlet,DEV2db13deb,Jakarta,0
TXN0006892,CUST11113,2026-05-25 10:20:00,topup,18014,bank_transfer,Web_Portal,DEV53332e5d,Bandung,0
TXN0000322,CUST10053,2026-05-25 10:39:00,topup,29128,e-wallet_ovo,Partner_Bank,DEVb60b4f87,Makassar,0
TXN0004973,CUST10807,2026-05-25 10:41:00,topup,24380,credit_card,USSD,DEV60094db3,Balikpapan,0
TXN0007371,CUST11190,2026-05-25 11:07:00,topup,48701,e-wallet_dana,Web_Portal,DEV96a805bb,Pekanbaru,0
TXN0006828,CUST11101,2026-05-25 11:08:00,topup,5000,bank_transfer,MyApp,DEV1e50661f,Surabaya,0
TXN0004161,CUST10676,2026-05-25 11:12:00,topup,29262,credit_card,USSD,DEV1daf7374,Medan,0
TXN0003879,CUST10634,2026-05-25 11:13:00,topup,19084,credit_card,MyApp,DEVa91decb2,Balikpapan,0
TXN0006466,CUST11038,2026-05-25 11:38:00,topup,16597,e-wallet_gopay,Retail_Outlet,DEVbe60808d,Malang,0
TXN0005122,CUST10831,2026-05-25 11:43:00,topup,51013,e-wallet_gopay,USSD,DEV17841919,Yogyakarta,0
TXN0006796,CUST11096,2026-05-25 11:44:00,topup,47253,bank_transfer,MyApp,DEV3fa1292a,Denpasar,0
TXN0003129,CUST10518,2026-05-25 11:48:00,topup,5000,bank_transfer,Retail_Outlet,DEV0b7ce5c6,Balikpapan,0
TXN0002901,CUST10484,2026-05-25 11:48:00,topup,5000,bank_transfer,Retail_Outlet,DEVb58f67b6,Surabaya,0
TXN0002859,CUST10477,2026-05-25 11:54:00,topup,5000,bank_transfer,Web_Portal,DEVeeb47b07,Surabaya,0
TXN0002683,CUST10446,2026-05-25 12:00:00,topup,15786,e-wallet_gopay,MyApp,DEV164b85f0,Denpasar,0
TXN0003141,CUST10519,2026-05-25 12:16:00,topup,30021,e-wallet_dana,Retail_Outlet,DEV099396ff,Yogyakarta,0
TXN0002430,CUST10406,2026-05-25 12:17:00,topup,5000,e-wallet_ovo,MyApp,DEVd8867545,Yogyakarta,0
TXN0006144,CUST10986,2026-05-25 12:25:00,topup,33526,bank_transfer,Partner_Bank,DEV3e7447a2,Makassar,0
TXN0002415,CUST10402,2026-05-25 13:13:00,topup,85910,virtual_account,Partner_Bank,DEVd86f4bb4,Bandung,0
TXN0005139,CUST10833,2026-05-25 13:25:00,topup,5000,virtual_account,Retail_Outlet,DEV4a25cec8,Semarang,0
TXN0005944,CUST10954,2026-05-25 13:28:00,topup,5000,e-wallet_ovo,MyApp,DEVa5c5afe1,Yogyakarta,0
TXN0002977,CUST10494,2026-05-25 13:37:00,topup,13231,e-wallet_dana,Web_Portal,DEV8fffe845,Pekanbaru,0
TXN0002366,CUST10396,2026-05-25 13:57:00,topup,8459,bank_transfer,Web_Portal,DEV23226464,Bandung,0
TXN0000805,CUST10133,2026-05-25 14:05:00,topup,44740,e-wallet_gopay,MyApp,DEVdef3306a,Bandung,0
TXN0005872,CUST10941,2026-05-25 14:08:00,topup,22482,e-wallet_ovo,MyApp,DEV01a0960b,Surabaya,0
TXN0003338,CUST10550,2026-05-25 14:39:00,topup,16539,retail_counter,USSD,DEV9a980457,Balikpapan,0
TXN0000177,CUST10029,2026-05-25 14:44:00,topup,37579,virtual_account,Retail_Outlet,DEVf7336094,Jakarta,0
TXN0004641,CUST10755,2026-05-25 14:45:00,topup,5000,virtual_account,USSD,DEVd0b66c10,Balikpapan,0
TXN0004331,CUST10702,2026-05-25 14:58:00,topup,33768,credit_card,Partner_Bank,DEVa37dafca,Medan,0
TXN0000117,CUST10019,2026-05-25 15:02:00,topup,47999,virtual_account,MyApp,DEV9d1c0838,Yogyakarta,0
TXN0006847,CUST11106,2026-05-25 15:06:00,topup,18868,e-wallet_dana,USSD,DEVee4401c9,Bandung,0
TXN0003623,CUST10596,2026-05-25 15:06:00,topup,21743,virtual_account,USSD,DEV8a60b332,Yogyakarta,0
TXN0002402,CUST10401,2026-05-25 15:08:00,topup,16640,e-wallet_dana,Web_Portal,DEV83239ba9,Yogyakarta,0
TXN0000939,CUST10154,2026-05-25 15:10:00,topup,41381,bank_transfer,MyApp,DEV01ae7eb1,Pekanbaru,0
TXN0001137,CUST10187,2026-05-25 15:15:00,topup,5000,e-wallet_gopay,Retail_Outlet,DEVb4f136fc,Balikpapan,0
TXN0005662,CUST10912,2026-05-25 15:21:00,topup,35520,e-wallet_gopay,Web_Portal,DEVd45d91e1,Bandung,0
TXN0003678,CUST10604,2026-05-25 15:22:00,topup,14624,bank_transfer,MyApp,DEV8d28eef5,Balikpapan,0
TXN0006017,CUST10967,2026-05-25 15:47:00,topup,27736,bank_transfer,Web_Portal,DEVb9ba04a8,Bandung,0
TXN0002329,CUST10390,2026-05-25 15:52:00,topup,38221,e-wallet_gopay,MyApp,DEV233e84ac,Jakarta,0
TXN0006765,CUST11090,2026-05-25 16:28:00,topup,31776,credit_card,Web_Portal,DEV840aa19c,Denpasar,0
TXN0004067,CUST10661,2026-05-25 16:38:00,topup,29449,virtual_account,Web_Portal,DEVa3506764,Pekanbaru,0
TXN0006538,CUST11052,2026-05-25 16:42:00,topup,37484,bank_transfer,MyApp,DEV4d2cd22d,Bandung,0
TXN0003684,CUST10605,2026-05-25 16:48:00,topup,21763,virtual_account,USSD,DEVe97c0ea5,Medan,0
TXN0003954,CUST10645,2026-05-25 17:32:00,topup,17162,virtual_account,Retail_Outlet,DEV8e07d8fc,Balikpapan,0
TXN0000573,CUST10095,2026-05-25 17:35:00,topup,37744,e-wallet_dana,Partner_Bank,DEVba388c8f,Denpasar,0
TXN0007069,CUST11143,2026-05-25 17:36:00,topup,41586,bank_transfer,USSD,DEV4ff02a31,Surabaya,0
TXN0004054,CUST10659,2026-05-25 17:46:00,topup,5274,bank_transfer,Partner_Bank,DEV25c37945,Yogyakarta,0
TXN0001352,CUST10228,2026-05-25 17:56:00,topup,5000,credit_card,MyApp,DEV11654cb3,Malang,0
TXN0006453,CUST11037,2026-05-25 18:12:00,topup,5000,virtual_account,Web_Portal,DEVf48783eb,Balikpapan,0
TXN0004987,CUST10809,2026-05-25 18:19:00,topup,34224,bank_transfer,MyApp,DEVb91d8c4c,Palembang,0
TXN0002523,CUST10421,2026-05-25 18:38:00,topup,15792,e-wallet_dana,Partner_Bank,DEVb958d153,Medan,0
TXN0001356,CUST10230,2026-05-25 18:52:00,topup,5000,e-wallet_dana,USSD,DEV9e90d107,Medan,0
TXN0003888,CUST10635,2026-05-25 18:53:00,topup,5000,retail_counter,Web_Portal,DEVcf1ca021,Bandung,0
TXN0007608,CUST10102,2026-05-25 19:00:00,promo_bundle_redeem,0,promo_credit,MyApp,DEVc6573806,Medan,1
TXN0001605,CUST10277,2026-05-25 19:01:00,topup,40977,e-wallet_gopay,MyApp,DEV3737cc38,Malang,0
TXN0001281,CUST10212,2026-05-25 19:01:00,topup,11989,credit_card,USSD,DEV2320de16,Yogyakarta,0
TXN0004227,CUST10685,2026-05-25 19:05:00,topup,12870,e-wallet_ovo,Web_Portal,DEV15458478,Surabaya,0
TXN0005959,CUST10957,2026-05-25 19:08:00,topup,5000,e-wallet_dana,Retail_Outlet,DEV0c81a3cc,Bandung,0
TXN0006095,CUST10979,2026-05-25 19:28:00,topup,15160,e-wallet_gopay,Retail_Outlet,DEV86451dda,Medan,0
TXN0002728,CUST10455,2026-05-25 19:35:00,topup,28988,bank_transfer,Partner_Bank,DEV0f0e5767,Makassar,0
TXN0000606,CUST10101,2026-05-25 19:38:00,topup,23513,e-wallet_dana,Web_Portal,DEV585409d9,Yogyakarta,0
TXN0007242,CUST11171,2026-05-25 19:55:00,topup,48092,e-wallet_dana,Web_Portal,DEVb309887d,Denpasar,0
TXN0007421,CUST11198,2026-05-25 19:55:00,topup,27950,credit_card,Web_Portal,DEV37b5ba07,Jakarta,0
TXN0005449,CUST10878,2026-05-25 19:56:00,topup,28574,e-wallet_ovo,USSD,DEVe95e8740,Makassar,0
TXN0003054,CUST10507,2026-05-25 20:01:00,topup,5000,bank_transfer,USSD,DEVafe9c3dc,Malang,0
TXN0000874,CUST10143,2026-05-25 20:12:00,topup,5000,retail_counter,Partner_Bank,DEV1b7e0502,Palembang,0
TXN0003775,CUST10618,2026-05-25 20:17:00,topup,31487,e-wallet_ovo,USSD,DEVb16d3da7,Malang,0
TXN0004110,CUST10668,2026-05-25 20:55:00,topup,24543,virtual_account,Web_Portal,DEV1b9c67e0,Denpasar,0
TXN0000494,CUST10080,2026-05-25 20:57:00,topup,27522,credit_card,Web_Portal,DEV9e47a339,Pekanbaru,0
TXN0001575,CUST10271,2026-05-25 21:16:00,topup,11634,bank_transfer,USSD,DEV72cc3fc5,Pekanbaru,0
TXN0004378,CUST10711,2026-05-25 21:25:00,topup,20568,e-wallet_dana,Retail_Outlet,DEV3b576da7,Denpasar,0
TXN0000728,CUST10122,2026-05-25 21:44:00,topup,53236,credit_card,Web_Portal,DEVc7688339,Yogyakarta,0
TXN0002131,CUST10360,2026-05-25 21:51:00,topup,5746,e-wallet_gopay,Retail_Outlet,DEV928b1e4b,Makassar,0
TXN0001108,CUST10180,2026-05-25 21:57:00,topup,28797,bank_transfer,USSD,DEV7fa70485,Medan,0
TXN0004418,CUST10716,2026-05-25 22:33:00,topup,5000,e-wallet_dana,Partner_Bank,DEVd30606ae,Pekanbaru,0
TXN0006536,CUST11052,2026-05-25 22:59:00,topup,40310,e-wallet_gopay,Web_Portal,DEV036ec6cb,Bandung,0
TXN0007074,CUST11144,2026-05-26 06:05:00,topup,37000,credit_card,Web_Portal,DEVdb82b67d,Semarang,0
TXN0007228,CUST11168,2026-05-26 06:06:00,topup,26049,e-wallet_dana,Retail_Outlet,DEV86413c79,Jakarta,0
TXN0002045,CUST10344,2026-05-26 06:28:00,topup,11616,credit_card,Partner_Bank,DEV78202426,Surabaya,0
TXN0004978,CUST10808,2026-05-26 06:37:00,topup,5000,credit_card,MyApp,DEV4819a23a,Bandung,0
TXN0005559,CUST10894,2026-05-26 06:43:00,topup,15282,retail_counter,Retail_Outlet,DEV476a3991,Denpasar,0
TXN0003110,CUST10514,2026-05-26 07:05:00,topup,20409,virtual_account,Retail_Outlet,DEVee7385d8,Balikpapan,0
TXN0005279,CUST10852,2026-05-26 07:05:00,topup,5000,virtual_account,Web_Portal,DEVb43bf88c,Palembang,0
TXN0002111,CUST10357,2026-05-26 07:08:00,topup,19480,virtual_account,Web_Portal,DEV2598bc54,Semarang,0
TXN0000158,CUST10026,2026-05-26 07:16:00,topup,36242,e-wallet_gopay,Web_Portal,DEV7daec949,Bandung,0
TXN0000313,CUST10051,2026-05-26 07:33:00,topup,27432,credit_card,MyApp,DEV85319f0f,Makassar,0
TXN0006852,CUST11107,2026-05-26 08:06:00,topup,12125,retail_counter,Retail_Outlet,DEV25b3cc2e,Malang,0
TXN0004031,CUST10656,2026-05-26 08:09:00,topup,20727,retail_counter,Partner_Bank,DEVb44aad77,Jakarta,0
TXN0002168,CUST10364,2026-05-26 08:12:00,topup,42575,retail_counter,USSD,DEVbd5a6112,Denpasar,0
TXN0006234,CUST11002,2026-05-26 08:29:00,topup,5000,retail_counter,MyApp,DEV29568d7d,Semarang,0
TXN0000321,CUST10053,2026-05-26 09:31:00,topup,33148,credit_card,Web_Portal,DEV812faa38,Makassar,0
TXN0001578,CUST10272,2026-05-26 09:56:00,topup,5563,e-wallet_gopay,USSD,DEVc4bd9b59,Semarang,0
TXN0003260,CUST10538,2026-05-26 10:14:00,topup,7253,retail_counter,Partner_Bank,DEV81ef8162,Pekanbaru,0
TXN0006749,CUST11088,2026-05-26 10:17:00,topup,32110,virtual_account,Partner_Bank,DEV3b8ee0e0,Surabaya,0
TXN0004831,CUST10785,2026-05-26 11:07:00,topup,36593,bank_transfer,Partner_Bank,DEVb149324b,Surabaya,0
TXN0001560,CUST10268,2026-05-26 11:09:00,topup,14573,credit_card,MyApp,DEV913767ab,Denpasar,0
TXN0000630,CUST10104,2026-05-26 11:13:00,topup,5000,credit_card,Partner_Bank,DEV9f8acdeb,Palembang,0
TXN0003873,CUST10634,2026-05-26 11:31:00,topup,5000,retail_counter,Web_Portal,DEV8b1d2284,Balikpapan,0
TXN0006073,CUST10975,2026-05-26 11:48:00,topup,43359,e-wallet_ovo,Partner_Bank,DEV0af87147,Denpasar,0
TXN0005398,CUST10869,2026-05-26 11:55:00,topup,5000,e-wallet_gopay,Retail_Outlet,DEV23c52c31,Semarang,0
TXN0002330,CUST10390,2026-05-26 12:08:00,topup,35131,retail_counter,Retail_Outlet,DEV20afaf9e,Jakarta,0
TXN0007317,CUST11183,2026-05-26 12:24:00,topup,33794,retail_counter,MyApp,DEVc92c2f78,Denpasar,0
TXN0000141,CUST10023,2026-05-26 12:39:00,topup,28710,credit_card,Web_Portal,DEVc21c3fb3,Semarang,0
TXN0004587,CUST10744,2026-05-26 12:43:00,topup,20706,e-wallet_dana,Retail_Outlet,DEV79fee842,Yogyakarta,0
TXN0001016,CUST10167,2026-05-26 12:57:00,topup,48298,e-wallet_dana,USSD,DEVec19e4eb,Yogyakarta,0
TXN0007629,CUST10770,2026-05-26 13:00:00,promo_bundle_redeem,0,promo_credit,MyApp,DEVaaaa7602,Makassar,1
TXN0003642,CUST10598,2026-05-26 13:11:00,topup,5000,retail_counter,USSD,DEVceb7803e,Bandung,0
TXN0004396,CUST10712,2026-05-26 13:13:00,topup,24761,e-wallet_dana,USSD,DEV68a650ce,Pekanbaru,0
TXN0000034,CUST10004,2026-05-26 13:18:00,topup,25101,e-wallet_ovo,Partner_Bank,DEV73e7f042,Medan,0
TXN0004849,CUST10788,2026-05-26 13:31:00,topup,13960,retail_counter,MyApp,DEV6f9a544a,Bandung,0
TXN0005113,CUST10829,2026-05-26 13:37:00,topup,15266,retail_counter,Retail_Outlet,DEV6f2ba37e,Pekanbaru,0
TXN0004541,CUST10735,2026-05-26 13:43:00,topup,33115,retail_counter,Partner_Bank,DEV53f42383,Bandung,0
TXN0001291,CUST10213,2026-05-26 13:54:00,topup,5000,e-wallet_ovo,USSD,DEV0890f506,Medan,0
TXN0003828,CUST10627,2026-05-26 14:00:00,topup,17133,virtual_account,USSD,DEV4269f091,Makassar,0
TXN0001892,CUST10323,2026-05-26 14:04:00,topup,27725,credit_card,MyApp,DEVeda413c6,Malang,0
TXN0005451,CUST10878,2026-05-26 14:04:00,topup,5000,bank_transfer,Partner_Bank,DEV95e2f91b,Makassar,0
TXN0006186,CUST10994,2026-05-26 14:16:00,topup,30186,retail_counter,MyApp,DEVdf30f2f5,Balikpapan,0
TXN0000393,CUST10065,2026-05-26 14:18:00,topup,26875,e-wallet_gopay,USSD,DEV142e3df0,Bandung,0
TXN0000422,CUST10070,2026-05-26 14:32:00,topup,24903,e-wallet_dana,USSD,DEV75175f39,Surabaya,0
TXN0004792,CUST10777,2026-05-26 14:54:00,topup,15681,e-wallet_ovo,Partner_Bank,DEV677c25b0,Surabaya,0
TXN0004416,CUST10716,2026-05-26 15:01:00,topup,31434,e-wallet_dana,USSD,DEVe17f5e53,Pekanbaru,0
TXN0002553,CUST10426,2026-05-26 15:07:00,topup,18495,credit_card,Retail_Outlet,DEV2336d60b,Palembang,0
TXN0001873,CUST10320,2026-05-26 15:08:00,topup,13135,e-wallet_ovo,MyApp,DEVc481ea69,Pekanbaru,0
TXN0002196,CUST10369,2026-05-26 15:13:00,topup,27570,e-wallet_ovo,USSD,DEV5207c6cc,Surabaya,0
TXN0004462,CUST10722,2026-05-26 15:16:00,topup,17472,bank_transfer,USSD,DEVece42aa5,Bandung,0
TXN0003608,CUST10592,2026-05-26 15:53:00,topup,29844,bank_transfer,Web_Portal,DEVf5b79271,Malang,0
TXN0001922,CUST10327,2026-05-26 16:13:00,topup,6415,retail_counter,Retail_Outlet,DEV6ed47a6d,Semarang,0
TXN0002823,CUST10470,2026-05-26 16:38:00,topup,9551,virtual_account,Web_Portal,DEVe8c44e4c,Pekanbaru,0
TXN0000857,CUST10141,2026-05-26 16:43:00,topup,37763,e-wallet_gopay,MyApp,DEV289ac251,Semarang,0
TXN0005154,CUST10835,2026-05-26 16:50:00,topup,55398,retail_counter,Retail_Outlet,DEV720f2288,Bandung,0
TXN0004650,CUST10756,2026-05-26 17:06:00,topup,6083,e-wallet_ovo,Retail_Outlet,DEV69824369,Bandung,0
TXN0006884,CUST11112,2026-05-26 17:19:00,topup,16220,retail_counter,Retail_Outlet,DEVd1d46f58,Palembang,0
TXN0003341,CUST10551,2026-05-26 17:24:00,topup,36260,virtual_account,Retail_Outlet,DEVcf1d46be,Bandung,0
TXN0006288,CUST11009,2026-05-26 17:26:00,topup,10300,credit_card,Retail_Outlet,DEVc04cf6e6,Makassar,0
TXN0006983,CUST11127,2026-05-26 17:37:00,topup,50146,e-wallet_dana,MyApp,DEV5e065732,Makassar,0
TXN0006562,CUST11056,2026-05-26 17:47:00,topup,48848,credit_card,Partner_Bank,DEV132fdba1,Semarang,0
TXN0001714,CUST10294,2026-05-26 17:49:00,topup,33319,e-wallet_dana,Web_Portal,DEVfa42156e,Surabaya,0
TXN0002670,CUST10445,2026-05-26 17:57:00,topup,32163,e-wallet_gopay,USSD,DEV527a9f7b,Jakarta,0
TXN0007379,CUST11192,2026-05-26 18:07:00,topup,39838,bank_transfer,Partner_Bank,DEV36a7581e,Yogyakarta,0
TXN0003675,CUST10603,2026-05-26 18:33:00,topup,44334,retail_counter,Web_Portal,DEVd03c9c2c,Jakarta,0
TXN0004151,CUST10674,2026-05-26 18:33:00,topup,5000,bank_transfer,Retail_Outlet,DEV65f17e33,Pekanbaru,0
TXN0000342,CUST10056,2026-05-26 18:36:00,topup,32144,retail_counter,MyApp,DEVb02e21aa,Bandung,0
TXN0003497,CUST10574,2026-05-26 18:46:00,topup,5000,retail_counter,Partner_Bank,DEVe0f3ee66,Denpasar,0
TXN0005401,CUST10870,2026-05-26 19:07:00,topup,14062,retail_counter,USSD,DEV1b829ae1,Jakarta,0
TXN0000058,CUST10007,2026-05-26 19:07:00,topup,21120,credit_card,Partner_Bank,DEV13325c31,Medan,0
TXN0004818,CUST10781,2026-05-26 19:08:00,topup,12335,e-wallet_ovo,Partner_Bank,DEV2d53a810,Palembang,0
TXN0004861,CUST10790,2026-05-26 19:15:00,topup,24357,bank_transfer,Partner_Bank,DEV55fccc14,Malang,0
TXN0003107,CUST10514,2026-05-26 19:28:00,topup,14342,retail_counter,Partner_Bank,DEV744cc6ae,Balikpapan,0
TXN0000812,CUST10135,2026-05-26 19:35:00,topup,13329,e-wallet_ovo,Retail_Outlet,DEV7b4d8646,Bandung,0
TXN0003079,CUST10510,2026-05-26 19:38:00,topup,12989,e-wallet_ovo,USSD,DEV340a22d7,Pekanbaru,0
TXN0006986,CUST11127,2026-05-26 19:41:00,topup,5454,retail_counter,Retail_Outlet,DEV60bf684e,Makassar,0
TXN0000580,CUST10096,2026-05-26 19:55:00,topup,19181,retail_counter,MyApp,DEV647ac591,Palembang,0
TXN0007357,CUST11188,2026-05-26 20:08:00,topup,50299,e-wallet_gopay,Web_Portal,DEVe7ebff3f,Makassar,0
TXN0007003,CUST11130,2026-05-26 20:10:00,topup,25970,retail_counter,Web_Portal,DEV85a0429c,Pekanbaru,0
TXN0003614,CUST10594,2026-05-26 20:23:00,topup,5977,virtual_account,Retail_Outlet,DEV87352231,Malang,0
TXN0002258,CUST10380,2026-05-26 20:23:00,topup,41819,retail_counter,Retail_Outlet,DEVd6d24227,Medan,0
TXN0002816,CUST10469,2026-05-26 20:32:00,topup,83160,virtual_account,Partner_Bank,DEV82ece8aa,Makassar,0
TXN0005620,CUST10904,2026-05-26 20:50:00,topup,5000,virtual_account,Partner_Bank,DEVff8bb891,Semarang,0
TXN0002653,CUST10441,2026-05-26 20:55:00,topup,47914,virtual_account,USSD,DEV440dd09f,Palembang,0
TXN0002507,CUST10418,2026-05-26 21:54:00,topup,5447,retail_counter,Retail_Outlet,DEV45f3dc5a,Surabaya,0
TXN0002804,CUST10468,2026-05-26 21:59:00,topup,19112,e-wallet_ovo,Partner_Bank,DEV371831f3,Bandung,0
TXN0000006,CUST10000,2026-05-26 22:02:00,topup,14252,credit_card,Partner_Bank,DEVc605e58a,Malang,0
TXN0004389,CUST10712,2026-05-26 22:21:00,topup,5000,e-wallet_ovo,USSD,DEV434a7e17,Pekanbaru,0
TXN0004428,CUST10718,2026-05-26 22:25:00,topup,27364,credit_card,MyApp,DEVbf4d4bd8,Denpasar,0
TXN0005084,CUST10825,2026-05-26 22:32:00,topup,25384,retail_counter,Web_Portal,DEVc51b2922,Bandung,0
TXN0000816,CUST10135,2026-05-26 22:57:00,topup,5000,credit_card,Partner_Bank,DEVc21f84fc,Bandung,0
TXN0005775,CUST10930,2026-05-27 06:03:00,topup,30113,retail_counter,Retail_Outlet,DEVbce4808b,Jakarta,0
TXN0001881,CUST10321,2026-05-27 06:05:00,topup,58839,virtual_account,Web_Portal,DEV60980b94,Pekanbaru,0
TXN0001363,CUST10232,2026-05-27 06:16:00,topup,32239,bank_transfer,Retail_Outlet,DEV2f4cfefb,Semarang,0
TXN0005369,CUST10865,2026-05-27 06:17:00,topup,21757,bank_transfer,MyApp,DEV3d4a49ae,Palembang,0
TXN0004629,CUST10752,2026-05-27 06:18:00,topup,5000,bank_transfer,USSD,DEV7c4cec7d,Semarang,0
TXN0003739,CUST10614,2026-05-27 06:19:00,topup,5000,e-wallet_dana,Web_Portal,DEV3a5b171c,Jakarta,0
TXN0007307,CUST11181,2026-05-27 06:39:00,topup,53883,e-wallet_dana,MyApp,DEV0942f1cd,Surabaya,0
TXN0000641,CUST10106,2026-05-27 06:46:00,topup,36817,virtual_account,Partner_Bank,DEVa8cdf44d,Malang,0
TXN0005393,CUST10869,2026-05-27 07:03:00,topup,18155,virtual_account,Retail_Outlet,DEVd2376d22,Semarang,0
TXN0006217,CUST10999,2026-05-27 07:09:00,topup,18718,credit_card,Retail_Outlet,DEV21e219ce,Surabaya,0
TXN0002313,CUST10388,2026-05-27 07:22:00,topup,9685,e-wallet_ovo,MyApp,DEV1a115f59,Bandung,0
TXN0000855,CUST10141,2026-05-27 07:52:00,topup,24970,retail_counter,USSD,DEV355cca9c,Semarang,0
TXN0001131,CUST10186,2026-05-27 08:07:00,topup,5000,credit_card,Partner_Bank,DEV54470290,Palembang,0
TXN0007149,CUST11156,2026-05-27 08:09:00,topup,26239,e-wallet_dana,MyApp,DEV0c5332b3,Semarang,0
TXN0006385,CUST11024,2026-05-27 08:16:00,topup,9780,e-wallet_gopay,Web_Portal,DEV829d03f5,Palembang,0
TXN0005722,CUST10922,2026-05-27 08:22:00,topup,5000,retail_counter,MyApp,DEV8eb58d5c,Palembang,0
TXN0004703,CUST10765,2026-05-27 08:22:00,topup,16750,e-wallet_dana,USSD,DEV8a55a14b,Bandung,0
TXN0000675,CUST10113,2026-05-27 08:27:00,topup,5000,e-wallet_gopay,Partner_Bank,DEV639c4c6c,Palembang,0
TXN0003224,CUST10531,2026-05-27 08:42:00,topup,20224,credit_card,MyApp,DEVdb75dada,Semarang,0
TXN0005396,CUST10869,2026-05-27 08:42:00,topup,5000,credit_card,Web_Portal,DEV7d53c706,Semarang,0
TXN0005146,CUST10834,2026-05-27 08:56:00,topup,5000,virtual_account,Partner_Bank,DEV65adafab,Pekanbaru,0
TXN0006730,CUST11085,2026-05-27 08:59:00,topup,23509,credit_card,Web_Portal,DEV947ab584,Bandung,0
TXN0007207,CUST11164,2026-05-27 09:08:00,topup,33876,bank_transfer,Partner_Bank,DEVe05f8184,Palembang,0
TXN0003771,CUST10618,2026-05-27 09:36:00,topup,24735,credit_card,Web_Portal,DEV93432c76,Malang,0
TXN0004409,CUST10714,2026-05-27 09:37:00,topup,26105,retail_counter,Retail_Outlet,DEVc7fe8dee,Palembang,0
TXN0006132,CUST10984,2026-05-27 10:14:00,topup,24556,bank_transfer,Web_Portal,DEV242bba10,Denpasar,0
TXN0006997,CUST11128,2026-05-27 10:17:00,topup,42827,virtual_account,Retail_Outlet,DEV13d94ad0,Denpasar,0
TXN0006509,CUST11046,2026-05-27 10:38:00,topup,14024,bank_transfer,USSD,DEV2adff941,Denpasar,0
TXN0002678,CUST10445,2026-05-27 10:44:00,topup,55288,e-wallet_gopay,Partner_Bank,DEV19b7775f,Jakarta,0
TXN0004025,CUST10655,2026-05-27 10:44:00,topup,52443,credit_card,Retail_Outlet,DEV31e43850,Semarang,0
TXN0006537,CUST11052,2026-05-27 11:12:00,topup,28757,retail_counter,Web_Portal,DEVa68f75ac,Bandung,0
TXN0006618,CUST11067,2026-05-27 11:30:00,topup,28142,e-wallet_gopay,USSD,DEVfff03027,Balikpapan,0
TXN0005350,CUST10862,2026-05-27 11:57:00,topup,22056,e-wallet_ovo,Web_Portal,DEV6ad5401e,Pekanbaru,0
TXN0006729,CUST11085,2026-05-27 12:04:00,topup,10833,credit_card,USSD,DEV28e9209e,Bandung,0
TXN0005703,CUST10919,2026-05-27 12:20:00,topup,14441,e-wallet_ovo,Partner_Bank,DEV9d47172c,Palembang,0
TXN0004453,CUST10721,2026-05-27 12:54:00,topup,18983,credit_card,USSD,DEVc7f7040b,Surabaya,0
TXN0007609,CUST10102,2026-05-27 13:00:00,promo_bundle_redeem,0,promo_credit,MyApp,DEVa93dbf91,Medan,1
TXN0002979,CUST10494,2026-05-27 13:01:00,topup,48201,e-wallet_dana,Retail_Outlet,DEV00ebf725,Pekanbaru,0
TXN0004386,CUST10712,2026-05-27 13:15:00,topup,19490,e-wallet_gopay,Partner_Bank,DEV84372286,Pekanbaru,0
TXN0006666,CUST11075,2026-05-27 13:30:00,topup,8914,e-wallet_ovo,MyApp,DEV0d0d13d3,Medan,0
TXN0005056,CUST10820,2026-05-27 13:42:00,topup,5000,e-wallet_dana,USSD,DEV84cda1d2,Jakarta,0
TXN0006511,CUST11047,2026-05-27 13:45:00,topup,5000,e-wallet_ovo,USSD,DEVa9fc73da,Makassar,0
TXN0005248,CUST10847,2026-05-27 13:47:00,topup,41033,virtual_account,Retail_Outlet,DEVf822c3b6,Pekanbaru,0
TXN0005624,CUST10905,2026-05-27 13:49:00,topup,48044,e-wallet_gopay,USSD,DEV68edeed7,Yogyakarta,0
TXN0006001,CUST10964,2026-05-27 14:02:00,topup,16839,e-wallet_dana,Partner_Bank,DEVa1b2a7e5,Bandung,0
TXN0006834,CUST11102,2026-05-27 14:41:00,topup,36990,bank_transfer,USSD,DEV071a8d53,Denpasar,0
TXN0006456,CUST11037,2026-05-27 14:47:00,topup,5000,retail_counter,Web_Portal,DEV6d566dcc,Balikpapan,0
TXN0004072,CUST10662,2026-05-27 15:02:00,topup,12305,virtual_account,Retail_Outlet,DEV4f7c1491,Balikpapan,0
TXN0001884,CUST10322,2026-05-27 15:17:00,topup,17087,virtual_account,Retail_Outlet,DEV9cac3d21,Makassar,0
TXN0006625,CUST11068,2026-05-27 15:27:00,topup,15694,retail_counter,Retail_Outlet,DEV3d948afd,Bandung,0
TXN0006470,CUST11039,2026-05-27 15:31:00,topup,29082,credit_card,USSD,DEV93de2da0,Surabaya,0
TXN0002624,CUST10438,2026-05-27 15:53:00,topup,23172,e-wallet_ovo,Web_Portal,DEVbbe30fd2,Bandung,0
TXN0001318,CUST10220,2026-05-27 15:56:00,topup,23788,e-wallet_ovo,Partner_Bank,DEVbdce4d4d,Yogyakarta,0
TXN0004809,CUST10780,2026-05-27 16:19:00,topup,5000,bank_transfer,Web_Portal,DEV36e90637,Surabaya,0
TXN0007345,CUST11187,2026-05-27 16:28:00,topup,31161,retail_counter,USSD,DEVb098a176,Medan,0
TXN0000717,CUST10120,2026-05-27 16:34:00,topup,51645,e-wallet_gopay,Partner_Bank,DEV436ae2bb,Jakarta,0
TXN0003297,CUST10544,2026-05-27 16:48:00,topup,45878,e-wallet_gopay,MyApp,DEV1f683d6f,Balikpapan,0
TXN0001804,CUST10308,2026-05-27 16:48:00,topup,23256,retail_counter,Web_Portal,DEVe94053af,Makassar,0
TXN0006556,CUST11055,2026-05-27 17:02:00,topup,22004,e-wallet_gopay,MyApp,DEV3a96c7f5,Balikpapan,0
TXN0005061,CUST10822,2026-05-27 17:06:00,topup,18694,bank_transfer,USSD,DEV995fa798,Jakarta,0
TXN0003160,CUST10522,2026-05-27 17:12:00,topup,14946,e-wallet_dana,MyApp,DEV7fb8b6c6,Surabaya,0
TXN0004711,CUST10766,2026-05-27 17:17:00,topup,5000,retail_counter,MyApp,DEV592cfe25,Denpasar,0
TXN0003501,CUST10575,2026-05-27 17:29:00,topup,23493,e-wallet_gopay,USSD,DEVbba95ec4,Surabaya,0
TXN0005488,CUST10884,2026-05-27 17:30:00,topup,27007,e-wallet_ovo,Retail_Outlet,DEV7d6dca57,Semarang,0
TXN0002717,CUST10452,2026-05-27 17:37:00,topup,21371,credit_card,Partner_Bank,DEVda3465d9,Bandung,0
TXN0001988,CUST10336,2026-05-27 17:49:00,topup,5000,e-wallet_dana,MyApp,DEVfbf3a106,Pekanbaru,0
TXN0005487,CUST10883,2026-05-27 18:04:00,topup,11992,bank_transfer,USSD,DEV49861a4a,Palembang,0
TXN0003135,CUST10519,2026-05-27 18:38:00,topup,41451,e-wallet_dana,MyApp,DEV5b182716,Yogyakarta,0
TXN0007006,CUST11130,2026-05-27 18:45:00,topup,16594,virtual_account,USSD,DEVdad2e66e,Pekanbaru,0
TXN0003145,CUST10520,2026-05-27 19:05:00,topup,21416,bank_transfer,MyApp,DEVae742530,Malang,0
TXN0002292,CUST10385,2026-05-27 19:13:00,topup,33417,retail_counter,MyApp,DEV55af47da,Denpasar,0
TXN0000991,CUST10163,2026-05-27 19:25:00,topup,5000,e-wallet_ovo,Retail_Outlet,DEV3e3869e2,Surabaya,0
TXN0000370,CUST10061,2026-05-27 19:40:00,topup,5007,e-wallet_ovo,MyApp,DEVc7774fae,Surabaya,0
TXN0001626,CUST10280,2026-05-27 19:54:00,topup,48457,retail_counter,Web_Portal,DEV1fca0f16,Palembang,0
TXN0005651,CUST10910,2026-05-27 19:58:00,topup,39625,retail_counter,Partner_Bank,DEVae2bcab8,Pekanbaru,0
TXN0007220,CUST11167,2026-05-27 20:18:00,topup,53521,bank_transfer,Web_Portal,DEV2046eeb5,Balikpapan,0
TXN0006718,CUST11084,2026-05-27 20:18:00,topup,25488,e-wallet_gopay,Retail_Outlet,DEVcc40d3a5,Malang,0
TXN0002257,CUST10380,2026-05-27 20:30:00,topup,60596,e-wallet_dana,Partner_Bank,DEV99ef827f,Medan,0
TXN0005021,CUST10814,2026-05-27 20:32:00,topup,9279,bank_transfer,Retail_Outlet,DEVac8d8f32,Balikpapan,0
TXN0005666,CUST10912,2026-05-27 20:42:00,topup,15924,e-wallet_ovo,Retail_Outlet,DEV43c36988,Bandung,0
TXN0006191,CUST10995,2026-05-27 21:10:00,topup,36905,retail_counter,Web_Portal,DEV994d4c03,Balikpapan,0
TXN0004707,CUST10765,2026-05-27 21:10:00,topup,29783,retail_counter,MyApp,DEV18bc2e3b,Bandung,0
TXN0005919,CUST10949,2026-05-27 21:26:00,topup,10434,e-wallet_dana,Partner_Bank,DEV229da816,Malang,0
TXN0000766,CUST10128,2026-05-27 21:32:00,topup,56593,e-wallet_dana,Partner_Bank,DEV411920f6,Bandung,0
TXN0003770,CUST10618,2026-05-27 22:06:00,topup,15389,e-wallet_gopay,MyApp,DEV5122f001,Malang,0
TXN0005933,CUST10952,2026-05-27 22:12:00,topup,5000,e-wallet_ovo,USSD,DEVbcdc99ef,Denpasar,0
TXN0007218,CUST11166,2026-05-27 22:17:00,topup,21963,credit_card,Web_Portal,DEV417e5edc,Palembang,0
TXN0006472,CUST11039,2026-05-27 22:33:00,topup,13025,e-wallet_dana,Partner_Bank,DEV1dd18fcf,Surabaya,0
TXN0005345,CUST10861,2026-05-27 22:40:00,topup,5029,retail_counter,Web_Portal,DEVf30b15eb,Semarang,0
TXN0005227,CUST10844,2026-05-27 22:59:00,topup,38845,retail_counter,Partner_Bank,DEVdc160e3d,Balikpapan,0
TXN0002235,CUST10375,2026-05-28 06:15:00,topup,14413,bank_transfer,USSD,DEV29529420,Denpasar,0
TXN0004167,CUST10677,2026-05-28 06:19:00,topup,5000,credit_card,USSD,DEVdecceaea,Medan,0
TXN0003871,CUST10633,2026-05-28 06:35:00,topup,42565,e-wallet_dana,USSD,DEVab00764e,Pekanbaru,0
TXN0003333,CUST10550,2026-05-28 06:53:00,topup,26976,bank_transfer,Retail_Outlet,DEV620f4af4,Balikpapan,0
TXN0001489,CUST10253,2026-05-28 06:53:00,topup,29460,e-wallet_dana,MyApp,DEV8d8164b0,Palembang,0
TXN0005161,CUST10835,2026-05-28 07:08:00,topup,5000,retail_counter,Retail_Outlet,DEV36df253c,Bandung,0
TXN0001960,CUST10331,2026-05-28 07:13:00,topup,45180,e-wallet_gopay,Partner_Bank,DEVfff446b9,Pekanbaru,0
TXN0006027,CUST10969,2026-05-28 07:21:00,topup,5000,e-wallet_gopay,Retail_Outlet,DEVce8437fc,Semarang,0
TXN0006836,CUST11102,2026-05-28 07:42:00,topup,5000,e-wallet_dana,Partner_Bank,DEV17a0fba1,Denpasar,0
TXN0004865,CUST10790,2026-05-28 08:19:00,topup,5000,e-wallet_dana,Web_Portal,DEV8c1046bf,Malang,0
TXN0002528,CUST10421,2026-05-28 08:29:00,topup,5000,e-wallet_ovo,Web_Portal,DEV3b7f1998,Medan,0
TXN0004601,CUST10747,2026-05-28 08:46:00,topup,10054,credit_card,USSD,DEVb9d9c1dc,Palembang,0
TXN0001214,CUST10200,2026-05-28 08:50:00,topup,28499,e-wallet_ovo,MyApp,DEV7222534d,Pekanbaru,0
TXN0001579,CUST10272,2026-05-28 08:59:00,topup,5594,e-wallet_gopay,Partner_Bank,DEVed850a6d,Semarang,0
TXN0006174,CUST10992,2026-05-28 09:09:00,topup,14477,bank_transfer,Retail_Outlet,DEV1006e0eb,Yogyakarta,0
TXN0003710,CUST10611,2026-05-28 09:11:00,topup,52640,e-wallet_dana,MyApp,DEVfdab0afa,Pekanbaru,0
TXN0006475,CUST11040,2026-05-28 09:15:00,topup,12609,e-wallet_gopay,Partner_Bank,DEV922fe35d,Semarang,0
TXN0003113,CUST10515,2026-05-28 09:21:00,topup,33412,bank_transfer,Web_Portal,DEV6680c5e3,Denpasar,0
TXN0004974,CUST10807,2026-05-28 09:37:00,topup,28304,credit_card,USSD,DEV8338b815,Balikpapan,0
TXN0005910,CUST10947,2026-05-28 09:37:00,topup,10057,credit_card,Retail_Outlet,DEVc5954f39,Balikpapan,0
TXN0006530,CUST11051,2026-05-28 10:07:00,topup,30442,e-wallet_dana,Partner_Bank,DEV57cad887,Makassar,0
TXN0006546,CUST11054,2026-05-28 10:13:00,topup,16328,e-wallet_dana,Web_Portal,DEV6025cf7c,Medan,0
TXN0001040,CUST10170,2026-05-28 10:36:00,topup,8690,bank_transfer,Web_Portal,DEV115c42cd,Pekanbaru,0
TXN0000064,CUST10009,2026-05-28 10:52:00,topup,35686,e-wallet_dana,Web_Portal,DEV6ee35607,Malang,0
TXN0000640,CUST10106,2026-05-28 10:57:00,topup,10204,e-wallet_gopay,MyApp,DEVc09c2ebe,Malang,0
TXN0007630,CUST10770,2026-05-28 11:00:00,promo_bundle_redeem,0,promo_credit,MyApp,DEVddebaa54,Makassar,1
TXN0004567,CUST10740,2026-05-28 11:06:00,topup,5000,e-wallet_dana,MyApp,DEV8da4f916,Denpasar,0
TXN0005352,CUST10862,2026-05-28 11:32:00,topup,33171,bank_transfer,Retail_Outlet,DEVc5ddf574,Pekanbaru,0
TXN0003416,CUST10564,2026-05-28 12:32:00,topup,44002,e-wallet_gopay,Retail_Outlet,DEV760116cf,Medan,0
TXN0000394,CUST10065,2026-05-28 12:43:00,topup,16675,e-wallet_dana,MyApp,DEV92b26acd,Bandung,0
TXN0003921,CUST10639,2026-05-28 13:01:00,topup,5000,credit_card,Retail_Outlet,DEV187666ec,Pekanbaru,0
TXN0001454,CUST10247,2026-05-28 13:05:00,topup,5000,credit_card,Retail_Outlet,DEVfa0f01a4,Bandung,0
TXN0005000,CUST10811,2026-05-28 13:23:00,topup,15211,virtual_account,Partner_Bank,DEVd14b049b,Bandung,0
TXN0007215,CUST11165,2026-05-28 13:46:00,topup,5000,virtual_account,MyApp,DEV2ddecd40,Balikpapan,0
TXN0003146,CUST10520,2026-05-28 13:53:00,topup,22166,e-wallet_gopay,Web_Portal,DEVb7f330ad,Malang,0
TXN0004157,CUST10675,2026-05-28 13:53:00,topup,34529,e-wallet_dana,Web_Portal,DEVafb144b5,Denpasar,0
TXN0003457,CUST10571,2026-05-28 13:56:00,topup,38026,virtual_account,Retail_Outlet,DEVc1472ff2,Denpasar,0
TXN0002874,CUST10478,2026-05-28 13:58:00,topup,6019,credit_card,Web_Portal,DEV0d08367e,Denpasar,0
TXN0005359,CUST10863,2026-05-28 14:02:00,topup,44540,bank_transfer,Partner_Bank,DEVd6e9fa04,Malang,0
TXN0003548,CUST10584,2026-05-28 14:17:00,topup,18149,e-wallet_ovo,MyApp,DEV817c6779,Yogyakarta,0
TXN0000308,CUST10050,2026-05-28 14:21:00,topup,19990,e-wallet_dana,Web_Portal,DEV39ec8ca1,Palembang,0
TXN0004380,CUST10711,2026-05-28 14:31:00,topup,11050,bank_transfer,Partner_Bank,DEV78ccd788,Denpasar,0
TXN0000333,CUST10055,2026-05-28 14:37:00,topup,28374,virtual_account,USSD,DEV9f6facc1,Semarang,0
TXN0003411,CUST10563,2026-05-28 14:40:00,topup,5000,credit_card,Retail_Outlet,DEV73d2939e,Pekanbaru,0
TXN0004114,CUST10668,2026-05-28 15:04:00,topup,5248,e-wallet_ovo,Retail_Outlet,DEV98cb3cb4,Denpasar,0
TXN0003600,CUST10591,2026-05-28 15:10:00,topup,10045,e-wallet_ovo,Partner_Bank,DEV2c8fabbc,Yogyakarta,0
TXN0004129,CUST10670,2026-05-28 15:15:00,topup,60337,e-wallet_ovo,MyApp,DEV64e04880,Pekanbaru,0
TXN0006473,CUST11039,2026-05-28 15:32:00,topup,5000,credit_card,Partner_Bank,DEV9a86040e,Surabaya,0
TXN0000718,CUST10120,2026-05-28 15:49:00,topup,25353,e-wallet_dana,USSD,DEV66205167,Jakarta,0
TXN0000468,CUST10077,2026-05-28 16:02:00,topup,27835,e-wallet_gopay,Partner_Bank,DEVbe6127a8,Semarang,0
TXN0005365,CUST10864,2026-05-28 16:13:00,topup,5000,bank_transfer,Web_Portal,DEV101c778c,Bandung,0
TXN0003676,CUST10604,2026-05-28 17:04:00,topup,16748,virtual_account,Partner_Bank,DEVdbd7b4b4,Balikpapan,0
TXN0006250,CUST11005,2026-05-28 17:04:00,topup,46106,virtual_account,Partner_Bank,DEV8b6acc43,Pekanbaru,0
TXN0002848,CUST10475,2026-05-28 17:15:00,topup,36428,bank_transfer,Retail_Outlet,DEVf3dea9dc,Semarang,0
TXN0005372,CUST10866,2026-05-28 17:25:00,topup,30926,virtual_account,Partner_Bank,DEV474d3a1a,Medan,0
TXN0000645,CUST10107,2026-05-28 17:33:00,topup,28533,retail_counter,USSD,DEVdff47c51,Balikpapan,0
TXN0002688,CUST10447,2026-05-28 18:01:00,topup,25967,virtual_account,Partner_Bank,DEV2ba17f78,Semarang,0
TXN0004723,CUST10767,2026-05-28 19:13:00,topup,45098,e-wallet_ovo,Retail_Outlet,DEV070f48c2,Yogyakarta,0
TXN0001029,CUST10169,2026-05-28 19:14:00,topup,5000,credit_card,Web_Portal,DEVafbffde4,Jakarta,0
TXN0004854,CUST10789,2026-05-28 19:25:00,topup,27128,e-wallet_ovo,Retail_Outlet,DEV0b33b7a0,Denpasar,0
TXN0001728,CUST10296,2026-05-28 19:27:00,topup,13242,e-wallet_dana,USSD,DEVf14152c7,Jakarta,0
TXN0004822,CUST10782,2026-05-28 19:28:00,topup,30015,e-wallet_dana,Partner_Bank,DEV42186e6d,Yogyakarta,0
TXN0006280,CUST11008,2026-05-28 19:49:00,topup,10116,e-wallet_dana,USSD,DEVb81cc43b,Surabaya,0
TXN0004467,CUST10723,2026-05-28 20:05:00,topup,38060,retail_counter,Partner_Bank,DEV0a199083,Surabaya,0
TXN0001496,CUST10255,2026-05-28 20:08:00,topup,5000,e-wallet_gopay,Retail_Outlet,DEVed6f4ee3,Jakarta,0
TXN0001382,CUST10236,2026-05-28 20:19:00,topup,5000,e-wallet_dana,Web_Portal,DEV7f695b97,Jakarta,0
TXN0004027,CUST10655,2026-05-28 20:44:00,topup,19578,e-wallet_dana,Web_Portal,DEVea725584,Semarang,0
TXN0006628,CUST11068,2026-05-28 20:48:00,topup,17010,e-wallet_dana,Partner_Bank,DEV6a3098aa,Bandung,0
TXN0003155,CUST10521,2026-05-28 20:50:00,topup,16556,e-wallet_dana,MyApp,DEVf540838e,Balikpapan,0
TXN0001762,CUST10302,2026-05-28 20:56:00,topup,13674,virtual_account,MyApp,DEV3c10316d,Malang,0
TXN0000754,CUST10126,2026-05-28 20:57:00,topup,16669,virtual_account,Web_Portal,DEVaf9e7a0e,Malang,0
TXN0006624,CUST11068,2026-05-28 20:58:00,topup,28035,credit_card,Web_Portal,DEV5a6d86ba,Bandung,0
TXN0005499,CUST10885,2026-05-28 21:12:00,topup,28112,e-wallet_ovo,Partner_Bank,DEVe7775ef5,Semarang,0
TXN0001991,CUST10337,2026-05-28 21:15:00,topup,5000,retail_counter,Retail_Outlet,DEV8d0df6f6,Yogyakarta,0
TXN0004162,CUST10676,2026-05-28 21:41:00,topup,39617,credit_card,MyApp,DEVe88081f9,Medan,0
TXN0004853,CUST10789,2026-05-28 22:06:00,topup,5000,virtual_account,Web_Portal,DEVc4bfa424,Denpasar,0
TXN0002805,CUST10468,2026-05-28 22:18:00,topup,10757,e-wallet_ovo,MyApp,DEV8d548038,Bandung,0
TXN0002221,CUST10373,2026-05-28 22:26:00,topup,17386,e-wallet_dana,Retail_Outlet,DEV91788bdd,Medan,0
TXN0006412,CUST11030,2026-05-28 22:29:00,topup,5000,virtual_account,MyApp,DEVefc87fc9,Medan,0
TXN0002208,CUST10371,2026-05-28 22:41:00,topup,7357,retail_counter,Web_Portal,DEV24784b7d,Medan,0
TXN0005205,CUST10841,2026-05-28 22:45:00,topup,17757,retail_counter,Web_Portal,DEV3c1d10be,Balikpapan,0
TXN0003955,CUST10645,2026-05-28 22:48:00,topup,28889,e-wallet_ovo,Web_Portal,DEVbbaa6e4a,Balikpapan,0
TXN0007391,CUST11194,2026-05-28 22:58:00,topup,5087,retail_counter,USSD,DEVd0ce2457,Denpasar,0
TXN0001598,CUST10275,2026-05-29 06:00:00,topup,15341,e-wallet_dana,MyApp,DEV7d8f2350,Palembang,0
TXN0004356,CUST10707,2026-05-29 06:03:00,topup,38451,bank_transfer,Partner_Bank,DEV96e15645,Malang,0
TXN0002675,CUST10445,2026-05-29 06:13:00,topup,45536,e-wallet_ovo,Partner_Bank,DEV592c6a0e,Jakarta,0
TXN0004677,CUST10760,2026-05-29 06:19:00,topup,17631,virtual_account,Partner_Bank,DEV17e6ae99,Jakarta,0
TXN0000815,CUST10135,2026-05-29 06:33:00,topup,13737,e-wallet_ovo,Partner_Bank,DEV02b3c948,Bandung,0
TXN0002969,CUST10493,2026-05-29 06:33:00,topup,11701,e-wallet_dana,MyApp,DEVca77736e,Bandung,0
TXN0002801,CUST10467,2026-05-29 06:55:00,topup,32301,e-wallet_dana,USSD,DEVb01c337e,Balikpapan,0
TXN0002306,CUST10387,2026-05-29 07:15:00,topup,32238,credit_card,Retail_Outlet,DEV187de0c5,Palembang,0
TXN0004171,CUST10678,2026-05-29 07:18:00,topup,11105,e-wallet_gopay,MyApp,DEVdf48d6fa,Denpasar,0
TXN0006519,CUST11048,2026-05-29 07:32:00,topup,8654,credit_card,Partner_Bank,DEV65d77fc8,Jakarta,0
TXN0000417,CUST10069,2026-05-29 07:35:00,topup,38399,retail_counter,Partner_Bank,DEV3730dfba,Bandung,0
TXN0000426,CUST10070,2026-05-29 07:44:00,topup,17007,credit_card,Web_Portal,DEV95ca788d,Surabaya,0
TXN0007014,CUST11132,2026-05-29 07:59:00,topup,35874,e-wallet_ovo,Web_Portal,DEV6295b041,Malang,0
TXN0004194,CUST10681,2026-05-29 08:20:00,topup,7131,bank_transfer,Retail_Outlet,DEV56784633,Jakarta,0
TXN0004364,CUST10708,2026-05-29 08:26:00,topup,15176,e-wallet_dana,Web_Portal,DEVa1919e12,Palembang,0
TXN0002473,CUST10412,2026-05-29 08:39:00,topup,33338,bank_transfer,Web_Portal,DEV1752815c,Malang,0
TXN0007610,CUST10102,2026-05-29 09:00:00,promo_bundle_redeem,0,promo_credit,MyApp,DEV496d4895,Medan,1
TXN0000572,CUST10095,2026-05-29 09:09:00,topup,24777,e-wallet_dana,USSD,DEVbbc99473,Denpasar,0
TXN0003832,CUST10627,2026-05-29 09:11:00,topup,37149,bank_transfer,Partner_Bank,DEV2b39e995,Makassar,0
TXN0003742,CUST10614,2026-05-29 09:18:00,topup,8463,credit_card,Partner_Bank,DEVd972c236,Jakarta,0
TXN0004918,CUST10799,2026-05-29 09:18:00,topup,49247,bank_transfer,USSD,DEVbd0c1656,Surabaya,0
TXN0003466,CUST10572,2026-05-29 09:31:00,topup,5000,bank_transfer,MyApp,DEV7bfeadd1,Pekanbaru,0
TXN0001472,CUST10249,2026-05-29 09:33:00,topup,5000,virtual_account,Partner_Bank,DEV3ae56c8d,Semarang,0
TXN0006203,CUST10997,2026-05-29 09:35:00,topup,18953,e-wallet_dana,USSD,DEV8623a5ca,Denpasar,0
TXN0002139,CUST10361,2026-05-29 09:36:00,topup,27830,credit_card,MyApp,DEV60aeb372,Palembang,0
TXN0007012,CUST11131,2026-05-29 09:36:00,topup,18683,e-wallet_gopay,USSD,DEV4a7109c6,Pekanbaru,0
TXN0002360,CUST10395,2026-05-29 09:38:00,topup,24872,credit_card,Web_Portal,DEV32f9b771,Bandung,0
TXN0006392,CUST11026,2026-05-29 09:48:00,topup,35997,e-wallet_ovo,Retail_Outlet,DEV9d482c49,Makassar,0
TXN0004893,CUST10795,2026-05-29 09:55:00,topup,5000,e-wallet_dana,USSD,DEV67e2020e,Malang,0
TXN0006812,CUST11098,2026-05-29 10:14:00,topup,30581,retail_counter,MyApp,DEVdd7c5485,Palembang,0
TXN0002302,CUST10387,2026-05-29 10:14:00,topup,12665,bank_transfer,USSD,DEVf574175b,Palembang,0
TXN0007279,CUST11176,2026-05-29 10:16:00,topup,17156,credit_card,Web_Portal,DEV75a8457d,Makassar,0
TXN0005363,CUST10864,2026-05-29 10:27:00,topup,18846,e-wallet_dana,MyApp,DEVb1012b0f,Bandung,0
TXN0000635,CUST10105,2026-05-29 11:06:00,topup,29875,e-wallet_gopay,Web_Portal,DEV85d0691c,Bandung,0
TXN0001766,CUST10303,2026-05-29 11:16:00,topup,38337,e-wallet_dana,Web_Portal,DEV0991946d,Balikpapan,0
TXN0001962,CUST10332,2026-05-29 11:25:00,topup,36598,e-wallet_ovo,Partner_Bank,DEVdcffd7b6,Jakarta,0
TXN0000230,CUST10039,2026-05-29 11:43:00,topup,5000,e-wallet_dana,Retail_Outlet,DEV76d70561,Denpasar,0
TXN0003595,CUST10590,2026-05-29 11:52:00,topup,5000,e-wallet_ovo,Web_Portal,DEVf92b7b46,Makassar,0
TXN0001749,CUST10299,2026-05-29 12:11:00,topup,19233,e-wallet_gopay,USSD,DEV8dc4c81f,Denpasar,0
TXN0001387,CUST10237,2026-05-29 12:16:00,topup,13100,e-wallet_dana,Partner_Bank,DEVc55fa445,Pekanbaru,0
TXN0006253,CUST11005,2026-05-29 12:17:00,topup,11602,virtual_account,Retail_Outlet,DEV0fa38669,Pekanbaru,0
TXN0003667,CUST10602,2026-05-29 12:22:00,topup,5000,bank_transfer,Retail_Outlet,DEV0e8fed60,Jakarta,0
TXN0003809,CUST10624,2026-05-29 12:35:00,topup,19656,e-wallet_dana,Retail_Outlet,DEVd1f2789b,Surabaya,0
TXN0003853,CUST10630,2026-05-29 12:38:00,topup,12997,virtual_account,Retail_Outlet,DEV30bdf7be,Pekanbaru,0
TXN0005818,CUST10936,2026-05-29 13:03:00,topup,12486,e-wallet_ovo,Partner_Bank,DEV87935d69,Semarang,0
TXN0000381,CUST10062,2026-05-29 13:05:00,topup,14053,e-wallet_ovo,Retail_Outlet,DEV9e44e98c,Yogyakarta,0
TXN0005764,CUST10928,2026-05-29 13:31:00,topup,5782,virtual_account,Retail_Outlet,DEV230b5490,Bandung,0
TXN0003477,CUST10573,2026-05-29 13:53:00,topup,31235,e-wallet_gopay,Web_Portal,DEVfcc1c48c,Surabaya,0
TXN0005801,CUST10933,2026-05-29 13:54:00,topup,10341,bank_transfer,Retail_Outlet,DEV72737998,Bandung,0
TXN0001023,CUST10168,2026-05-29 14:08:00,topup,14311,e-wallet_ovo,Retail_Outlet,DEVfffcd743,Denpasar,0
TXN0000926,CUST10151,2026-05-29 14:11:00,topup,16195,retail_counter,MyApp,DEVa854027e,Malang,0
TXN0005202,CUST10840,2026-05-29 14:11:00,topup,35339,e-wallet_gopay,Retail_Outlet,DEV4814e14e,Pekanbaru,0
TXN0005237,CUST10846,2026-05-29 14:12:00,topup,5000,credit_card,USSD,DEV2a29e752,Jakarta,0
TXN0006336,CUST11017,2026-05-29 14:23:00,topup,5000,bank_transfer,Retail_Outlet,DEV879d19c3,Denpasar,0
TXN0002505,CUST10417,2026-05-29 15:20:00,topup,11188,e-wallet_ovo,Web_Portal,DEVbdcf6fd4,Pekanbaru,0
TXN0004917,CUST10799,2026-05-29 15:21:00,topup,48472,virtual_account,USSD,DEV510588a9,Surabaya,0
TXN0000075,CUST10011,2026-05-29 15:34:00,topup,13369,virtual_account,Web_Portal,DEVfe7c80e9,Makassar,0
TXN0004908,CUST10797,2026-05-29 15:37:00,topup,28172,virtual_account,Web_Portal,DEV330c8461,Surabaya,0
TXN0004078,CUST10663,2026-05-29 15:38:00,topup,62796,credit_card,MyApp,DEV17a85108,Palembang,0
TXN0005762,CUST10928,2026-05-29 16:02:00,topup,28313,virtual_account,Web_Portal,DEVe0c2442e,Bandung,0
TXN0006098,CUST10979,2026-05-29 16:22:00,topup,5000,e-wallet_dana,MyApp,DEV0144fe67,Medan,0
TXN0006791,CUST11095,2026-05-29 16:38:00,topup,37899,e-wallet_ovo,Partner_Bank,DEV1d0707aa,Jakarta,0
TXN0000936,CUST10153,2026-05-29 16:48:00,topup,5312,retail_counter,Partner_Bank,DEV000cd21a,Pekanbaru,0
TXN0003328,CUST10549,2026-05-29 16:55:00,topup,24124,e-wallet_dana,Partner_Bank,DEV966b91e7,Yogyakarta,0
TXN0005288,CUST10853,2026-05-29 17:09:00,topup,18765,credit_card,USSD,DEV8448d4ed,Balikpapan,0
TXN0003376,CUST10557,2026-05-29 17:39:00,topup,26361,credit_card,MyApp,DEV39590149,Denpasar,0
TXN0004250,CUST10689,2026-05-29 17:48:00,topup,6382,credit_card,USSD,DEV4949ded7,Medan,0
TXN0004352,CUST10706,2026-05-29 17:51:00,topup,5000,e-wallet_dana,USSD,DEVe1b33498,Jakarta,0
TXN0005802,CUST10933,2026-05-29 18:19:00,topup,25529,e-wallet_dana,Retail_Outlet,DEVa5e0ecfd,Bandung,0
TXN0003474,CUST10572,2026-05-29 18:29:00,topup,9186,bank_transfer,Web_Portal,DEV60b61367,Pekanbaru,0
TXN0005128,CUST10832,2026-05-29 18:32:00,topup,44604,bank_transfer,Web_Portal,DEV16e7bff3,Semarang,0
TXN0002145,CUST10361,2026-05-29 18:35:00,topup,17169,e-wallet_gopay,Retail_Outlet,DEV214bd473,Palembang,0
TXN0000801,CUST10133,2026-05-29 18:58:00,topup,43807,e-wallet_ovo,MyApp,DEV205c8491,Bandung,0
TXN0003647,CUST10599,2026-05-29 19:04:00,topup,15807,e-wallet_dana,MyApp,DEV1aa3c18e,Pekanbaru,0
TXN0007122,CUST11153,2026-05-29 19:16:00,topup,10332,e-wallet_dana,MyApp,DEV6399c513,Malang,0
TXN0006928,CUST11118,2026-05-29 19:27:00,topup,41727,credit_card,Web_Portal,DEVb5e18851,Makassar,0
TXN0005117,CUST10830,2026-05-29 19:33:00,topup,5000,e-wallet_gopay,Web_Portal,DEV0a14e77e,Denpasar,0
TXN0004005,CUST10653,2026-05-29 19:38:00,topup,6048,bank_transfer,USSD,DEV6ce763e1,Denpasar,0
TXN0002987,CUST10496,2026-05-29 19:49:00,topup,5000,e-wallet_gopay,Retail_Outlet,DEVa3bdd4d6,Surabaya,0
TXN0006516,CUST11047,2026-05-29 20:20:00,topup,5000,e-wallet_ovo,Partner_Bank,DEVfdff67de,Makassar,0
TXN0006482,CUST11041,2026-05-29 20:23:00,topup,9509,bank_transfer,MyApp,DEVf2203acf,Semarang,0
TXN0005206,CUST10841,2026-05-29 20:44:00,topup,48343,retail_counter,Partner_Bank,DEV007fb3cb,Balikpapan,0
TXN0006169,CUST10990,2026-05-29 20:51:00,topup,15247,e-wallet_gopay,Web_Portal,DEV0a6246b9,Yogyakarta,0
TXN0004545,CUST10736,2026-05-29 20:58:00,topup,37249,bank_transfer,USSD,DEVcb505aa3,Yogyakarta,0
TXN0003335,CUST10550,2026-05-29 21:23:00,topup,5000,e-wallet_dana,MyApp,DEVd1c06099,Balikpapan,0
TXN0000407,CUST10068,2026-05-29 21:44:00,topup,29563,e-wallet_gopay,Web_Portal,DEV5d00df1b,Semarang,0
TXN0004632,CUST10752,2026-05-29 21:46:00,topup,11453,virtual_account,Web_Portal,DEVd385d453,Semarang,0
TXN0003743,CUST10614,2026-05-29 22:13:00,topup,5000,e-wallet_gopay,MyApp,DEV0b73a040,Jakarta,0
TXN0000160,CUST10026,2026-05-29 22:18:00,topup,28937,e-wallet_ovo,Web_Portal,DEVd2eaef18,Bandung,0
TXN0004884,CUST10794,2026-05-29 22:24:00,topup,13590,retail_counter,MyApp,DEV394d9156,Medan,0
TXN0004112,CUST10668,2026-05-29 22:29:00,topup,25409,bank_transfer,Retail_Outlet,DEV97d3d50e,Denpasar,0
TXN0000823,CUST10136,2026-05-29 22:36:00,topup,6767,retail_counter,USSD,DEVe1d55f85,Surabaya,0
TXN0005379,CUST10866,2026-05-29 22:55:00,topup,55459,retail_counter,Retail_Outlet,DEV85261ad4,Medan,0
TXN0001042,CUST10170,2026-05-30 06:07:00,topup,18239,e-wallet_dana,MyApp,DEVd6eaf269,Pekanbaru,0
TXN0005811,CUST10934,2026-05-30 06:09:00,topup,12872,bank_transfer,Retail_Outlet,DEV00c85e9a,Denpasar,0
TXN0005524,CUST10889,2026-05-30 06:15:00,topup,35902,e-wallet_dana,Retail_Outlet,DEV826f081a,Semarang,0
TXN0005281,CUST10852,2026-05-30 06:28:00,topup,28505,retail_counter,USSD,DEVaf0f134e,Palembang,0
TXN0004970,CUST10807,2026-05-30 06:42:00,topup,19810,bank_transfer,Web_Portal,DEV4d7e6eeb,Balikpapan,0
TXN0000943,CUST10154,2026-05-30 06:44:00,topup,15564,retail_counter,USSD,DEV82e2b02d,Pekanbaru,0
TXN0005877,CUST10942,2026-05-30 06:53:00,topup,32069,retail_counter,Retail_Outlet,DEV6d56ccd8,Medan,0
TXN0004318,CUST10700,2026-05-30 07:00:00,topup,16365,credit_card,Web_Portal,DEV844e2e8b,Medan,0
TXN0006939,CUST11120,2026-05-30 07:08:00,topup,32904,e-wallet_dana,MyApp,DEVb6315c55,Makassar,0
TXN0005663,CUST10912,2026-05-30 07:08:00,topup,32835,e-wallet_ovo,USSD,DEV76aac248,Bandung,0
TXN0006157,CUST10989,2026-05-30 07:17:00,topup,5000,virtual_account,Partner_Bank,DEV60d8039e,Jakarta,0
TXN0001433,CUST10244,2026-05-30 07:23:00,topup,50187,e-wallet_dana,USSD,DEV0bab8f53,Medan,0
TXN0006690,CUST11078,2026-05-30 07:39:00,topup,20529,retail_counter,MyApp,DEVfb9c7376,Pekanbaru,0
TXN0005221,CUST10843,2026-05-30 07:44:00,topup,31566,e-wallet_dana,Retail_Outlet,DEV5c3e82e9,Yogyakarta,0
TXN0006324,CUST11015,2026-05-30 07:56:00,topup,31051,bank_transfer,Web_Portal,DEV6431d4a9,Surabaya,0
TXN0000901,CUST10147,2026-05-30 07:59:00,topup,6725,e-wallet_dana,Partner_Bank,DEV1b67f7bb,Semarang,0
TXN0001860,CUST10318,2026-05-30 08:05:00,topup,5000,retail_counter,USSD,DEVbca83a82,Denpasar,0
TXN0005182,CUST10838,2026-05-30 08:08:00,topup,42767,virtual_account,USSD,DEV137b41c2,Jakarta,0
TXN0006007,CUST10965,2026-05-30 08:12:00,topup,29453,bank_transfer,Retail_Outlet,DEV31116b6a,Palembang,0
TXN0001420,CUST10242,2026-05-30 08:52:00,topup,5000,e-wallet_ovo,Retail_Outlet,DEV3e20718a,Palembang,0
TXN0000217,CUST10036,2026-05-30 08:55:00,topup,6232,retail_counter,MyApp,DEVba92992e,Balikpapan,0
TXN0005490,CUST10884,2026-05-30 09:11:00,topup,46513,bank_transfer,Web_Portal,DEVe387eb15,Semarang,0
TXN0004496,CUST10728,2026-05-30 09:34:00,topup,31193,e-wallet_gopay,Retail_Outlet,DEVcf674365,Palembang,0
TXN0001249,CUST10207,2026-05-30 10:41:00,topup,50330,bank_transfer,USSD,DEVaf7d7f21,Malang,0
TXN0004985,CUST10809,2026-05-30 10:44:00,topup,22629,bank_transfer,Partner_Bank,DEV92689d81,Palembang,0
TXN0007631,CUST10770,2026-05-30 11:00:00,promo_bundle_redeem,0,promo_credit,MyApp,DEV22cdf6a0,Makassar,1
TXN0000159,CUST10026,2026-05-30 11:03:00,topup,36404,virtual_account,MyApp,DEV00fa0eb4,Bandung,0
TXN0005568,CUST10896,2026-05-30 11:12:00,topup,5357,virtual_account,USSD,DEVe1789474,Balikpapan,0
TXN0001604,CUST10277,2026-05-30 11:14:00,topup,34270,e-wallet_gopay,Retail_Outlet,DEV72114575,Malang,0
TXN0006171,CUST10991,2026-05-30 11:14:00,topup,33116,bank_transfer,USSD,DEV3946ad23,Medan,0
TXN0007339,CUST11186,2026-05-30 11:45:00,topup,5000,virtual_account,Web_Portal,DEVb084aab8,Pekanbaru,0
TXN0002871,CUST10478,2026-05-30 11:46:00,topup,5000,virtual_account,MyApp,DEVc3828725,Denpasar,0
TXN0002603,CUST10434,2026-05-30 11:57:00,topup,44766,e-wallet_gopay,Retail_Outlet,DEVc350bf4f,Yogyakarta,0
TXN0000016,CUST10002,2026-05-30 11:59:00,topup,5578,credit_card,Web_Portal,DEVa2cd1590,Makassar,0
TXN0007145,CUST11156,2026-05-30 12:02:00,topup,24378,retail_counter,USSD,DEV0cad2d63,Semarang,0
TXN0004758,CUST10772,2026-05-30 12:27:00,topup,30595,virtual_account,Retail_Outlet,DEV5ff540ca,Surabaya,0
TXN0006182,CUST10993,2026-05-30 13:03:00,topup,15950,credit_card,Retail_Outlet,DEV4b045067,Bandung,0
TXN0006153,CUST10988,2026-05-30 13:18:00,topup,44658,credit_card,MyApp,DEV25b1ad19,Denpasar,0
TXN0006675,CUST11076,2026-05-30 13:34:00,topup,40167,e-wallet_gopay,Retail_Outlet,DEVb3aa475c,Pekanbaru,0
TXN0001596,CUST10275,2026-05-30 13:50:00,topup,5000,e-wallet_dana,USSD,DEVad5406bc,Palembang,0
TXN0005274,CUST10850,2026-05-30 13:50:00,topup,23844,virtual_account,Partner_Bank,DEV3ed1d8f8,Pekanbaru,0
TXN0000078,CUST10012,2026-05-30 13:59:00,topup,5000,e-wallet_dana,Partner_Bank,DEVc80c2195,Bandung,0
TXN0001181,CUST10194,2026-05-30 14:12:00,topup,37401,e-wallet_gopay,Retail_Outlet,DEV33bcb8a9,Bandung,0
TXN0004747,CUST10771,2026-05-30 14:23:00,topup,29167,retail_counter,Partner_Bank,DEV4083ff8f,Surabaya,0
TXN0007387,CUST11193,2026-05-30 14:39:00,topup,36638,bank_transfer,MyApp,DEVee926321,Denpasar,0
TXN0002882,CUST10480,2026-05-30 14:49:00,topup,60165,credit_card,USSD,DEVedda1677,Makassar,0
TXN0003945,CUST10644,2026-05-30 14:55:00,topup,19472,virtual_account,Retail_Outlet,DEV0f163af8,Yogyakarta,0
TXN0002072,CUST10349,2026-05-30 15:16:00,topup,22587,virtual_account,MyApp,DEV0ce87570,Palembang,0
TXN0005988,CUST10962,2026-05-30 15:18:00,topup,16833,credit_card,USSD,DEV66534f79,Bandung,0
TXN0004196,CUST10681,2026-05-30 15:22:00,topup,17199,bank_transfer,Retail_Outlet,DEV2f160f3d,Jakarta,0
TXN0004328,CUST10702,2026-05-30 15:44:00,topup,10421,virtual_account,Retail_Outlet,DEV9bcfe969,Medan,0
TXN0007172,CUST11160,2026-05-30 16:30:00,topup,50018,credit_card,Partner_Bank,DEV630915e1,Palembang,0
TXN0003546,CUST10584,2026-05-30 16:41:00,topup,5000,credit_card,MyApp,DEV8513176c,Yogyakarta,0
TXN0003159,CUST10522,2026-05-30 17:05:00,topup,14899,e-wallet_dana,Partner_Bank,DEVcc214b4e,Surabaya,0
TXN0000826,CUST10136,2026-05-30 17:21:00,topup,9014,retail_counter,Retail_Outlet,DEV3878becf,Surabaya,0
TXN0007365,CUST11189,2026-05-30 17:26:00,topup,26013,virtual_account,Web_Portal,DEVc959dbb9,Palembang,0
TXN0004769,CUST10774,2026-05-30 17:27:00,topup,20723,e-wallet_gopay,Retail_Outlet,DEV1ecadf24,Medan,0
TXN0006380,CUST11023,2026-05-30 17:43:00,topup,16906,bank_transfer,Web_Portal,DEVf49eaaa3,Medan,0
TXN0006216,CUST10999,2026-05-30 18:08:00,topup,16196,virtual_account,USSD,DEV83674372,Surabaya,0
TXN0003941,CUST10643,2026-05-30 18:44:00,topup,37992,e-wallet_ovo,MyApp,DEVf12d0664,Semarang,0
TXN0005731,CUST10924,2026-05-30 18:48:00,topup,5000,bank_transfer,Partner_Bank,DEV85406adb,Palembang,0
TXN0000063,CUST10009,2026-05-30 18:50:00,topup,21961,credit_card,Retail_Outlet,DEV0cf697a5,Malang,0
TXN0003148,CUST10520,2026-05-30 19:11:00,topup,31497,credit_card,Web_Portal,DEV9bd65068,Malang,0
TXN0006958,CUST11123,2026-05-30 19:43:00,topup,13794,e-wallet_dana,Retail_Outlet,DEVc87533e5,Denpasar,0
TXN0001191,CUST10197,2026-05-30 20:04:00,topup,47472,credit_card,MyApp,DEV1da76d69,Medan,0
TXN0001715,CUST10294,2026-05-30 20:09:00,topup,38760,e-wallet_gopay,Retail_Outlet,DEVe476231a,Surabaya,0
TXN0001106,CUST10180,2026-05-30 20:25:00,topup,26155,e-wallet_gopay,Partner_Bank,DEV00e78824,Medan,0
TXN0000625,CUST10103,2026-05-30 20:43:00,topup,6318,e-wallet_gopay,Web_Portal,DEVf27f3ad7,Makassar,0
TXN0004030,CUST10655,2026-05-30 20:49:00,topup,42237,virtual_account,MyApp,DEV65f69897,Semarang,0
TXN0005483,CUST10883,2026-05-30 21:06:00,topup,5000,credit_card,Partner_Bank,DEV74773879,Palembang,0
TXN0002726,CUST10454,2026-05-30 21:21:00,topup,11052,retail_counter,MyApp,DEVa18e4440,Bandung,0
TXN0000396,CUST10065,2026-05-30 21:42:00,topup,5000,retail_counter,USSD,DEVfb0d3cda,Bandung,0
TXN0005897,CUST10945,2026-05-30 21:50:00,topup,10733,retail_counter,MyApp,DEV275b7c2c,Denpasar,0
TXN0002287,CUST10385,2026-05-30 22:04:00,topup,13089,e-wallet_dana,Partner_Bank,DEV84aeffbe,Denpasar,0
TXN0000097,CUST10015,2026-05-30 22:07:00,topup,18770,bank_transfer,Partner_Bank,DEVf2c84743,Balikpapan,0
TXN0002272,CUST10382,2026-05-30 22:09:00,topup,5000,e-wallet_dana,USSD,DEV2ba46308,Balikpapan,0
TXN0003580,CUST10588,2026-05-30 22:31:00,topup,34823,e-wallet_ovo,Partner_Bank,DEVd6de0902,Jakarta,0
TXN0006723,CUST11084,2026-05-30 22:39:00,topup,5000,credit_card,Partner_Bank,DEV60562765,Malang,0
TXN0004653,CUST10756,2026-05-31 06:19:00,topup,9659,retail_counter,USSD,DEV5a357945,Bandung,0
TXN0004910,CUST10797,2026-05-31 06:45:00,topup,58447,e-wallet_ovo,Retail_Outlet,DEVefe739dd,Surabaya,0
TXN0002863,CUST10478,2026-05-31 06:59:00,topup,5000,retail_counter,Partner_Bank,DEV30afe613,Denpasar,0
TXN0004401,CUST10713,2026-05-31 07:00:00,topup,19335,retail_counter,Partner_Bank,DEV060fd3b6,Medan,0
TXN0002279,CUST10384,2026-05-31 07:02:00,topup,44276,credit_card,Web_Portal,DEVd900b745,Jakarta,0
TXN0000060,CUST10008,2026-05-31 07:23:00,topup,25443,e-wallet_ovo,Web_Portal,DEVcf2e3296,Surabaya,0
TXN0002719,CUST10452,2026-05-31 07:46:00,topup,16437,e-wallet_dana,MyApp,DEV380a1bb7,Bandung,0
TXN0002447,CUST10408,2026-05-31 08:10:00,topup,29960,credit_card,Web_Portal,DEV62ed5403,Balikpapan,0
TXN0007291,CUST11177,2026-05-31 08:23:00,topup,29468,virtual_account,Partner_Bank,DEVf721e45e,Yogyakarta,0
TXN0004957,CUST10805,2026-05-31 08:28:00,topup,16872,credit_card,Partner_Bank,DEV9f325c4c,Makassar,0
TXN0005649,CUST10910,2026-05-31 08:46:00,topup,17095,e-wallet_gopay,Web_Portal,DEVc5857b6b,Pekanbaru,0
TXN0006399,CUST11027,2026-05-31 08:47:00,topup,36979,e-wallet_gopay,Web_Portal,DEV129f9fa5,Pekanbaru,0
TXN0002772,CUST10462,2026-05-31 08:52:00,topup,16965,e-wallet_dana,Web_Portal,DEVb198047f,Yogyakarta,0
TXN0000649,CUST10108,2026-05-31 08:53:00,topup,5000,virtual_account,USSD,DEVe869707c,Semarang,0
TXN0000864,CUST10142,2026-05-31 09:26:00,topup,29198,virtual_account,MyApp,DEVcb5d2b59,Semarang,0
TXN0006126,CUST10983,2026-05-31 09:31:00,topup,5000,e-wallet_dana,MyApp,DEV05722bc5,Yogyakarta,0
TXN0003802,CUST10623,2026-05-31 09:46:00,topup,13025,retail_counter,Web_Portal,DEV1b96ee81,Bandung,0
TXN0002750,CUST10458,2026-05-31 09:48:00,topup,18468,retail_counter,Web_Portal,DEV5cbad410,Makassar,0
TXN0004344,CUST10705,2026-05-31 09:52:00,topup,5000,e-wallet_gopay,Retail_Outlet,DEVb7a63ca5,Denpasar,0
TXN0003914,CUST10638,2026-05-31 09:53:00,topup,36191,retail_counter,Web_Portal,DEVd0207ede,Yogyakarta,0
TXN0006761,CUST11090,2026-05-31 09:59:00,topup,27981,e-wallet_ovo,Retail_Outlet,DEVc9a692f0,Denpasar,0
TXN0003870,CUST10633,2026-05-31 10:00:00,topup,38606,e-wallet_gopay,Partner_Bank,DEVd73794d5,Pekanbaru,0
TXN0002019,CUST10339,2026-05-31 10:02:00,topup,23058,retail_counter,Partner_Bank,DEV7b2a7f10,Pekanbaru,0
TXN0001673,CUST10287,2026-05-31 10:08:00,topup,18964,e-wallet_ovo,Partner_Bank,DEV6e663c0a,Medan,0
TXN0005332,CUST10860,2026-05-31 10:11:00,topup,5639,e-wallet_gopay,Partner_Bank,DEVaac5e8a3,Pekanbaru,0
TXN0002458,CUST10410,2026-05-31 10:24:00,topup,17853,e-wallet_gopay,Web_Portal,DEVe8e977f0,Jakarta,0
TXN0006391,CUST11026,2026-05-31 10:50:00,topup,51657,virtual_account,MyApp,DEV80851d53,Makassar,0
TXN0001536,CUST10264,2026-05-31 11:24:00,topup,9823,retail_counter,MyApp,DEV73d12f3e,Pekanbaru,0
TXN0006006,CUST10965,2026-05-31 11:24:00,topup,24978,e-wallet_dana,Retail_Outlet,DEV8b20cc44,Palembang,0
TXN0001909,CUST10325,2026-05-31 11:36:00,topup,44003,virtual_account,MyApp,DEV12b3c5eb,Yogyakarta,0
TXN0004062,CUST10661,2026-05-31 11:43:00,topup,10409,virtual_account,USSD,DEVee265c95,Pekanbaru,0
TXN0005886,CUST10944,2026-05-31 12:01:00,topup,16079,e-wallet_ovo,USSD,DEVa962a21a,Pekanbaru,0
TXN0001740,CUST10298,2026-05-31 12:36:00,topup,54694,bank_transfer,MyApp,DEVfd9f45f4,Semarang,0
TXN0000137,CUST10023,2026-05-31 12:46:00,topup,35408,credit_card,USSD,DEV2a9527f6,Semarang,0
TXN0001934,CUST10329,2026-05-31 12:51:00,topup,5000,retail_counter,Partner_Bank,DEV0df81d2b,Surabaya,0
TXN0002385,CUST10399,2026-05-31 13:14:00,topup,29549,e-wallet_gopay,Retail_Outlet,DEVca7ecb33,Makassar,0
TXN0005681,CUST10915,2026-05-31 13:21:00,topup,5000,virtual_account,USSD,DEVc798c498,Malang,0
TXN0006771,CUST11091,2026-05-31 13:27:00,topup,5000,virtual_account,Partner_Bank,DEV4580ee86,Pekanbaru,0
TXN0004718,CUST10767,2026-05-31 13:29:00,topup,25691,e-wallet_ovo,MyApp,DEVa6789753,Yogyakarta,0
TXN0006125,CUST10983,2026-05-31 13:36:00,topup,5000,e-wallet_gopay,MyApp,DEV5492112f,Yogyakarta,0
TXN0002157,CUST10363,2026-05-31 13:39:00,topup,16063,credit_card,USSD,DEV0858f527,Medan,0
TXN0001061,CUST10173,2026-05-31 13:50:00,topup,12771,e-wallet_dana,USSD,DEVabdce0da,Jakarta,0
TXN0001372,CUST10234,2026-05-31 13:59:00,topup,17429,virtual_account,USSD,DEV421becca,Semarang,0
TXN0003978,CUST10648,2026-05-31 14:04:00,topup,6294,e-wallet_ovo,Web_Portal,DEVfe4995a4,Semarang,0
TXN0004102,CUST10667,2026-05-31 14:38:00,topup,40891,credit_card,Partner_Bank,DEV7062dff6,Surabaya,0
TXN0000979,CUST10161,2026-05-31 15:24:00,topup,15517,virtual_account,Partner_Bank,DEV44296ca2,Denpasar,0
TXN0006205,CUST10997,2026-05-31 15:59:00,topup,7135,e-wallet_ovo,MyApp,DEV33e1f2af,Denpasar,0
TXN0001517,CUST10259,2026-05-31 16:01:00,topup,40135,e-wallet_gopay,MyApp,DEV4bed523c,Balikpapan,0
TXN0001814,CUST10311,2026-05-31 16:09:00,topup,35902,credit_card,Partner_Bank,DEVca27cd69,Surabaya,0
TXN0004325,CUST10702,2026-05-31 16:10:00,topup,13361,retail_counter,MyApp,DEV613f50db,Medan,0
TXN0006748,CUST11088,2026-05-31 16:56:00,topup,7497,e-wallet_dana,Web_Portal,DEV345ec501,Surabaya,0
TXN0003089,CUST10512,2026-05-31 17:06:00,topup,26178,credit_card,Partner_Bank,DEVb21eafab,Palembang,0
TXN0000133,CUST10022,2026-05-31 17:25:00,topup,8646,retail_counter,MyApp,DEV35adde88,Makassar,0
TXN0000758,CUST10127,2026-05-31 17:45:00,topup,9965,e-wallet_gopay,Partner_Bank,DEVbd1116ee,Makassar,0
TXN0005299,CUST10855,2026-05-31 18:06:00,topup,22166,bank_transfer,Web_Portal,DEVb6bd6dbe,Surabaya,0
TXN0003535,CUST10582,2026-05-31 18:19:00,topup,69255,e-wallet_dana,MyApp,DEVdd43b0cf,Malang,0
TXN0001970,CUST10333,2026-05-31 18:25:00,topup,5000,e-wallet_ovo,MyApp,DEVa5accd5a,Bandung,0
TXN0001876,CUST10320,2026-05-31 18:33:00,topup,40956,e-wallet_dana,Web_Portal,DEV7394d796,Pekanbaru,0
TXN0006952,CUST11122,2026-05-31 18:36:00,topup,18520,e-wallet_dana,Partner_Bank,DEV17caf26b,Jakarta,0
TXN0003719,CUST10611,2026-05-31 18:39:00,topup,28810,e-wallet_dana,Partner_Bank,DEV09e218a7,Pekanbaru,0
TXN0002539,CUST10424,2026-05-31 19:10:00,topup,28281,e-wallet_ovo,Partner_Bank,DEV18412e07,Palembang,0
TXN0006712,CUST11082,2026-05-31 19:15:00,topup,5000,e-wallet_dana,USSD,DEV7e8e148b,Makassar,0
TXN0004598,CUST10746,2026-05-31 19:24:00,topup,5000,bank_transfer,MyApp,DEV3fa27ffd,Semarang,0
TXN0006432,CUST11034,2026-05-31 19:42:00,topup,18999,e-wallet_dana,Retail_Outlet,DEV676e34be,Surabaya,0
TXN0001732,CUST10297,2026-05-31 19:44:00,topup,7533,e-wallet_ovo,Retail_Outlet,DEV53b3618b,Bandung,0
TXN0007143,CUST11156,2026-05-31 19:44:00,topup,49682,retail_counter,USSD,DEV7164a9a2,Semarang,0
TXN0003576,CUST10588,2026-05-31 20:15:00,topup,33401,virtual_account,Web_Portal,DEV902a73ae,Jakarta,0
TXN0005163,CUST10836,2026-05-31 20:41:00,topup,9249,virtual_account,USSD,DEVa5d83148,Pekanbaru,0
TXN0004863,CUST10790,2026-05-31 20:52:00,topup,5000,virtual_account,Retail_Outlet,DEVd7ea8625,Malang,0
TXN0001628,CUST10280,2026-05-31 20:53:00,topup,27147,e-wallet_gopay,USSD,DEVe8239943,Palembang,0
TXN0002741,CUST10456,2026-05-31 20:58:00,topup,26081,credit_card,MyApp,DEVb37bdb99,Semarang,0
TXN0000298,CUST10049,2026-05-31 21:16:00,topup,11053,credit_card,Retail_Outlet,DEVc606ddc4,Palembang,0
TXN0001204,CUST10199,2026-05-31 21:20:00,topup,19430,virtual_account,Retail_Outlet,DEV8ca33a54,Balikpapan,0
TXN0002242,CUST10377,2026-05-31 21:55:00,topup,5000,virtual_account,Partner_Bank,DEVa29a7e5f,Semarang,0
TXN0006970,CUST11125,2026-05-31 22:03:00,topup,10677,bank_transfer,Partner_Bank,DEVe7270909,Bandung,0
TXN0000467,CUST10077,2026-05-31 22:06:00,topup,39707,e-wallet_ovo,Web_Portal,DEVf740d87c,Semarang,0
TXN0001393,CUST10238,2026-05-31 22:34:00,topup,38153,e-wallet_ovo,Partner_Bank,DEVfdd99681,Denpasar,0
TXN0000089,CUST10014,2026-06-01 06:06:00,topup,16956,e-wallet_ovo,Retail_Outlet,DEVf2a32efd,Jakarta,0
TXN0002461,CUST10410,2026-06-01 06:35:00,topup,21529,e-wallet_ovo,Web_Portal,DEV639509c4,Jakarta,0
TXN0006671,CUST11075,2026-06-01 06:40:00,topup,49979,e-wallet_ovo,Retail_Outlet,DEVa9129abc,Medan,0
TXN0002991,CUST10497,2026-06-01 06:53:00,topup,36859,e-wallet_dana,Web_Portal,DEV35c0c003,Yogyakarta,0
TXN0002175,CUST10365,2026-06-01 06:59:00,topup,5000,virtual_account,Web_Portal,DEVa2ef0f53,Balikpapan,0
TXN0007027,CUST11134,2026-06-01 07:05:00,topup,32873,virtual_account,MyApp,DEVae570403,Balikpapan,0
TXN0006772,CUST11091,2026-06-01 07:06:00,topup,15489,credit_card,Web_Portal,DEV69e83561,Pekanbaru,0
TXN0002412,CUST10402,2026-06-01 07:06:00,topup,15005,e-wallet_dana,MyApp,DEV8bc85d37,Bandung,0
TXN0001720,CUST10295,2026-06-01 07:13:00,topup,17391,e-wallet_gopay,Web_Portal,DEVc3cb0c28,Pekanbaru,0
TXN0002631,CUST10439,2026-06-01 07:26:00,topup,42311,credit_card,MyApp,DEV7de1936b,Malang,0
TXN0003427,CUST10566,2026-06-01 07:46:00,topup,15610,retail_counter,MyApp,DEV307fc576,Pekanbaru,0
TXN0004242,CUST10687,2026-06-01 08:00:00,topup,5000,virtual_account,USSD,DEV8cd1692d,Palembang,0
TXN0001898,CUST10323,2026-06-01 08:16:00,topup,64285,credit_card,Web_Portal,DEV372f5f47,Malang,0
TXN0003603,CUST10592,2026-06-01 08:22:00,topup,13787,e-wallet_ovo,Partner_Bank,DEV321a9240,Malang,0
TXN0005025,CUST10814,2026-06-01 08:29:00,topup,5000,e-wallet_dana,USSD,DEVb2b51b60,Balikpapan,0
TXN0005215,CUST10842,2026-06-01 08:33:00,topup,41773,bank_transfer,Retail_Outlet,DEV254c5028,Pekanbaru,0
TXN0004743,CUST10770,2026-06-01 08:40:00,topup,32656,virtual_account,Partner_Bank,DEVce0ed735,Makassar,0
TXN0006386,CUST11024,2026-06-01 08:40:00,topup,12221,credit_card,USSD,DEVe4a6da33,Palembang,0
TXN0006429,CUST11033,2026-06-01 08:44:00,topup,5000,e-wallet_ovo,Partner_Bank,DEV7d525a4e,Bandung,0
TXN0000688,CUST10115,2026-06-01 08:49:00,topup,44962,retail_counter,USSD,DEV82b34384,Bandung,0
TXN0005791,CUST10932,2026-06-01 08:51:00,topup,25993,virtual_account,Web_Portal,DEV939d1b61,Semarang,0
TXN0006715,CUST11083,2026-06-01 09:03:00,topup,29898,bank_transfer,Web_Portal,DEV8d9f42bc,Surabaya,0
TXN0005601,CUST10901,2026-06-01 09:23:00,topup,49945,e-wallet_gopay,Retail_Outlet,DEVe5a5788e,Surabaya,0
TXN0002713,CUST10451,2026-06-01 09:27:00,topup,10995,e-wallet_gopay,MyApp,DEVc572aa5b,Denpasar,0
TXN0003004,CUST10498,2026-06-01 09:33:00,topup,19830,e-wallet_ovo,MyApp,DEVf216880d,Balikpapan,0
TXN0002925,CUST10487,2026-06-01 09:43:00,topup,18938,credit_card,MyApp,DEVc86022c4,Jakarta,0
TXN0007378,CUST11192,2026-06-01 09:54:00,topup,5000,virtual_account,MyApp,DEVc6d93097,Yogyakarta,0
TXN0003696,CUST10608,2026-06-01 10:19:00,topup,12898,bank_transfer,MyApp,DEV71ab4711,Balikpapan,0
TXN0006781,CUST11093,2026-06-01 10:32:00,topup,38856,e-wallet_gopay,Partner_Bank,DEV81b89c44,Malang,0
TXN0006326,CUST11015,2026-06-01 10:48:00,topup,29650,e-wallet_gopay,MyApp,DEVf5e1ab65,Surabaya,0
TXN0006860,CUST11108,2026-06-01 10:51:00,topup,17885,e-wallet_gopay,Web_Portal,DEV2b36b6f5,Medan,0
TXN0000960,CUST10157,2026-06-01 11:00:00,topup,7241,e-wallet_gopay,USSD,DEVbf67de42,Semarang,0
TXN0002963,CUST10493,2026-06-01 11:02:00,topup,5978,e-wallet_gopay,MyApp,DEVe43f05c8,Bandung,0
TXN0005377,CUST10866,2026-06-01 11:04:00,topup,19301,e-wallet_ovo,USSD,DEVb66e550b,Medan,0
TXN0005820,CUST10936,2026-06-01 11:22:00,topup,5000,e-wallet_ovo,MyApp,DEV730825d1,Semarang,0
TXN0006175,CUST10992,2026-06-01 11:35:00,topup,5000,virtual_account,MyApp,DEVd56e0949,Yogyakarta,0
TXN0001047,CUST10171,2026-06-01 11:46:00,topup,28542,e-wallet_ovo,MyApp,DEVbd03d33b,Bandung,0
TXN0000176,CUST10029,2026-06-01 12:11:00,topup,41954,e-wallet_gopay,Retail_Outlet,DEV6319629b,Jakarta,0
TXN0002041,CUST10344,2026-06-01 12:13:00,topup,45599,bank_transfer,MyApp,DEVe39eb7c2,Surabaya,0
TXN0003051,CUST10506,2026-06-01 12:21:00,topup,27420,credit_card,MyApp,DEV26aeaf29,Denpasar,0
TXN0001150,CUST10189,2026-06-01 12:36:00,topup,39527,credit_card,Partner_Bank,DEV365bc763,Pekanbaru,0
TXN0002482,CUST10413,2026-06-01 12:43:00,topup,25845,e-wallet_dana,Partner_Bank,DEV0b2d983a,Yogyakarta,0
TXN0002331,CUST10391,2026-06-01 12:48:00,topup,5000,bank_transfer,Partner_Bank,DEV835c3541,Yogyakarta,0
TXN0006197,CUST10995,2026-06-01 12:51:00,topup,33687,bank_transfer,Web_Portal,DEVbef0e0f1,Balikpapan,0
TXN0002396,CUST10400,2026-06-01 13:05:00,topup,5000,e-wallet_dana,USSD,DEV37f5c238,Semarang,0
TXN0006863,CUST11108,2026-06-01 13:09:00,topup,5000,e-wallet_dana,Retail_Outlet,DEVb1d8ea69,Medan,0
TXN0006991,CUST11127,2026-06-01 13:19:00,topup,23423,credit_card,Partner_Bank,DEVe5d0111f,Makassar,0
TXN0003794,CUST10622,2026-06-01 13:52:00,topup,11731,e-wallet_dana,Web_Portal,DEVd577c131,Palembang,0
TXN0000917,CUST10150,2026-06-01 14:02:00,topup,13456,virtual_account,USSD,DEV3b23feed,Semarang,0
TXN0004221,CUST10684,2026-06-01 14:05:00,topup,36799,e-wallet_ovo,USSD,DEV26daf6d1,Medan,0
TXN0002086,CUST10352,2026-06-01 14:23:00,topup,31416,credit_card,Retail_Outlet,DEV01afb939,Yogyakarta,0
TXN0007004,CUST11130,2026-06-01 14:31:00,topup,26453,virtual_account,Partner_Bank,DEVdf681283,Pekanbaru,0
TXN0007213,CUST11165,2026-06-01 14:46:00,topup,5000,e-wallet_dana,USSD,DEV3b1f38f0,Balikpapan,0
TXN0004640,CUST10754,2026-06-01 14:48:00,topup,15116,bank_transfer,USSD,DEVb5950807,Semarang,0
TXN0000858,CUST10141,2026-06-01 14:57:00,topup,36316,credit_card,MyApp,DEVbea6450f,Semarang,0
TXN0004244,CUST10688,2026-06-01 15:02:00,topup,25449,e-wallet_dana,MyApp,DEV4764a956,Yogyakarta,0
TXN0003200,CUST10527,2026-06-01 15:06:00,topup,5000,e-wallet_ovo,MyApp,DEV4087be6a,Surabaya,0
TXN0002706,CUST10450,2026-06-01 15:29:00,topup,11873,e-wallet_dana,Retail_Outlet,DEV5719d3e4,Denpasar,0
TXN0004606,CUST10748,2026-06-01 15:45:00,topup,31077,e-wallet_gopay,Retail_Outlet,DEVc58b6161,Palembang,0
TXN0006373,CUST11022,2026-06-01 15:56:00,topup,20000,credit_card,Partner_Bank,DEVc1fcdfc3,Palembang,0
TXN0000742,CUST10124,2026-06-01 16:14:00,topup,5000,bank_transfer,Retail_Outlet,DEV750acc98,Makassar,0
TXN0002035,CUST10342,2026-06-01 16:54:00,topup,19967,bank_transfer,MyApp,DEV836b47c3,Balikpapan,0
TXN0007632,CUST10770,2026-06-01 17:00:00,promo_bundle_redeem,0,promo_credit,MyApp,DEV2650d902,Makassar,1
TXN0004914,CUST10798,2026-06-01 17:07:00,topup,13222,e-wallet_ovo,MyApp,DEVae3dc742,Pekanbaru,0
TXN0005013,CUST10813,2026-06-01 17:14:00,topup,19645,e-wallet_ovo,Retail_Outlet,DEVa3fe085b,Malang,0
TXN0001194,CUST10197,2026-06-01 17:48:00,topup,25514,virtual_account,Retail_Outlet,DEVe3a1af97,Medan,0
TXN0001926,CUST10327,2026-06-01 18:01:00,topup,5000,credit_card,Retail_Outlet,DEV6e1a1e1b,Semarang,0
TXN0005713,CUST10921,2026-06-01 18:10:00,topup,42836,e-wallet_dana,USSD,DEVa1ae96a0,Bandung,0
TXN0000165,CUST10027,2026-06-01 18:17:00,topup,5000,e-wallet_ovo,Web_Portal,DEV788fd0cd,Jakarta,0
TXN0001364,CUST10232,2026-06-01 18:19:00,topup,13765,retail_counter,Retail_Outlet,DEV2f2bdc13,Semarang,0
TXN0003789,CUST10620,2026-06-01 18:35:00,topup,5000,bank_transfer,MyApp,DEV32b6f533,Surabaya,0
TXN0002005,CUST10338,2026-06-01 18:35:00,topup,11069,retail_counter,Web_Portal,DEV140642a8,Jakarta,0
TXN0007041,CUST11136,2026-06-01 18:38:00,topup,46262,virtual_account,USSD,DEV9c6c3c4e,Medan,0
TXN0006921,CUST11117,2026-06-01 18:42:00,topup,21767,credit_card,Web_Portal,DEVfc3b8f4d,Yogyakarta,0
TXN0003426,CUST10566,2026-06-01 18:58:00,topup,5000,e-wallet_dana,Web_Portal,DEVed92b753,Pekanbaru,0
TXN0007161,CUST11158,2026-06-01 19:49:00,topup,27323,e-wallet_ovo,USSD,DEVe16874df,Pekanbaru,0
TXN0004457,CUST10722,2026-06-01 19:50:00,topup,5000,e-wallet_gopay,Partner_Bank,DEV022f8a47,Bandung,0
TXN0003487,CUST10574,2026-06-01 19:53:00,topup,18066,e-wallet_gopay,MyApp,DEVed5f24c3,Denpasar,0
TXN0001807,CUST10309,2026-06-01 20:19:00,topup,35379,retail_counter,Retail_Outlet,DEVafd5b90b,Bandung,0
TXN0006335,CUST11017,2026-06-01 20:49:00,topup,5000,e-wallet_ovo,Web_Portal,DEVde4b2801,Denpasar,0
TXN0005399,CUST10870,2026-06-01 21:51:00,topup,22254,e-wallet_dana,MyApp,DEVc2978392,Jakarta,0
TXN0004712,CUST10766,2026-06-01 22:00:00,topup,22847,e-wallet_dana,USSD,DEVf9fb722d,Denpasar,0
TXN0000072,CUST10010,2026-06-01 22:12:00,topup,5000,e-wallet_ovo,USSD,DEV1674eb65,Yogyakarta,0
TXN0000918,CUST10150,2026-06-01 22:17:00,topup,9881,credit_card,USSD,DEV317046b9,Semarang,0
TXN0006529,CUST11050,2026-06-01 22:59:00,topup,33641,e-wallet_dana,USSD,DEV082bbc6f,Makassar,0
TXN0003467,CUST10572,2026-06-02 06:12:00,topup,5000,e-wallet_gopay,Retail_Outlet,DEV84f16d9d,Pekanbaru,0
TXN0001322,CUST10221,2026-06-02 06:35:00,topup,5000,e-wallet_gopay,Partner_Bank,DEV3c775558,Malang,0
TXN0004241,CUST10687,2026-06-02 07:19:00,topup,15610,credit_card,MyApp,DEVfc00814b,Palembang,0
TXN0000837,CUST10138,2026-06-02 07:20:00,topup,14961,bank_transfer,Partner_Bank,DEV05aa5eab,Yogyakarta,0
TXN0007306,CUST11181,2026-06-02 07:23:00,topup,35372,virtual_account,MyApp,DEVc881464b,Surabaya,0
TXN0003387,CUST10560,2026-06-02 07:29:00,topup,16917,e-wallet_ovo,USSD,DEV612a9cc6,Denpasar,0
TXN0002074,CUST10350,2026-06-02 07:32:00,topup,9013,credit_card,Partner_Bank,DEVc179c596,Yogyakarta,0
TXN0003717,CUST10611,2026-06-02 07:37:00,topup,5000,retail_counter,Web_Portal,DEVffb1c192,Pekanbaru,0
TXN0002554,CUST10426,2026-06-02 07:38:00,topup,25029,virtual_account,Web_Portal,DEV33b70b63,Palembang,0
TXN0002400,CUST10401,2026-06-02 08:35:00,topup,30473,bank_transfer,MyApp,DEV4b88445a,Yogyakarta,0
TXN0004348,CUST10706,2026-06-02 09:07:00,topup,22622,bank_transfer,MyApp,DEVe7f8daa8,Jakarta,0
TXN0002497,CUST10415,2026-06-02 09:13:00,topup,14903,retail_counter,Web_Portal,DEVb5878d33,Yogyakarta,0
TXN0002538,CUST10424,2026-06-02 10:34:00,topup,27774,e-wallet_ovo,MyApp,DEV91b76c45,Palembang,0
TXN0002243,CUST10377,2026-06-02 10:53:00,topup,19874,e-wallet_dana,Retail_Outlet,DEVb52f5f46,Semarang,0
TXN0000756,CUST10127,2026-06-02 11:01:00,topup,36949,e-wallet_ovo,Partner_Bank,DEV8e2ac3ff,Makassar,0
TXN0006123,CUST10983,2026-06-02 11:06:00,topup,42523,e-wallet_gopay,Partner_Bank,DEV5dbe0139,Yogyakarta,0
TXN0001997,CUST10337,2026-06-02 11:08:00,topup,8164,credit_card,MyApp,DEVbd9277a4,Yogyakarta,0
TXN0004135,CUST10671,2026-06-02 11:35:00,topup,29906,bank_transfer,Partner_Bank,DEV487f70f0,Medan,0
TXN0003665,CUST10602,2026-06-02 11:52:00,topup,6900,e-wallet_gopay,Partner_Bank,DEV0bb8382f,Jakarta,0
TXN0006857,CUST11108,2026-06-02 12:01:00,topup,9300,bank_transfer,MyApp,DEVbac043ca,Medan,0
TXN0004443,CUST10720,2026-06-02 12:02:00,topup,19768,e-wallet_gopay,USSD,DEV8eec22a4,Pekanbaru,0
TXN0002190,CUST10368,2026-06-02 12:06:00,topup,40918,retail_counter,USSD,DEV80acefb5,Medan,0
TXN0006398,CUST11027,2026-06-02 12:20:00,topup,5000,credit_card,MyApp,DEV9619cf44,Pekanbaru,0
TXN0006811,CUST11098,2026-06-02 12:29:00,topup,5000,retail_counter,Retail_Outlet,DEVee6fc3f3,Palembang,0
TXN0006156,CUST10989,2026-06-02 12:43:00,topup,10440,virtual_account,Web_Portal,DEVc89a10a3,Jakarta,0
TXN0006854,CUST11107,2026-06-02 12:46:00,topup,28523,e-wallet_gopay,USSD,DEV40508324,Malang,0
TXN0000194,CUST10031,2026-06-02 12:50:00,topup,44016,bank_transfer,Retail_Outlet,DEV850a48d4,Bandung,0
TXN0004727,CUST10768,2026-06-02 12:52:00,topup,11379,virtual_account,Partner_Bank,DEVb27c1721,Malang,0
TXN0002748,CUST10458,2026-06-02 12:56:00,topup,5000,credit_card,MyApp,DEV35b33f54,Makassar,0
TXN0004965,CUST10806,2026-06-02 12:56:00,topup,19437,bank_transfer,Retail_Outlet,DEV45d89da6,Jakarta,0
TXN0006648,CUST11071,2026-06-02 13:16:00,topup,15450,virtual_account,MyApp,DEV10ab9db1,Yogyakarta,0
TXN0002996,CUST10498,2026-06-02 13:25:00,topup,15819,credit_card,USSD,DEVe5f95507,Balikpapan,0
TXN0005566,CUST10896,2026-06-02 13:40:00,topup,54395,e-wallet_dana,Web_Portal,DEV1b435fdc,Balikpapan,0
TXN0004461,CUST10722,2026-06-02 13:45:00,topup,5000,e-wallet_dana,Web_Portal,DEV3348eda0,Bandung,0
TXN0002931,CUST10489,2026-06-02 13:52:00,topup,16342,retail_counter,USSD,DEV256df639,Denpasar,0
TXN0007264,CUST11174,2026-06-02 14:05:00,topup,17675,e-wallet_gopay,Web_Portal,DEVbc1af663,Surabaya,0
TXN0002033,CUST10341,2026-06-02 14:07:00,topup,6442,credit_card,USSD,DEVbb27f6bc,Palembang,0
TXN0005478,CUST10882,2026-06-02 14:23:00,topup,27579,e-wallet_gopay,Partner_Bank,DEVe5141d91,Makassar,0
TXN0006110,CUST10981,2026-06-02 14:38:00,topup,37704,bank_transfer,USSD,DEV4927db4a,Pekanbaru,0
TXN0001781,CUST10305,2026-06-02 14:39:00,topup,43060,credit_card,Partner_Bank,DEVcdfa76af,Palembang,0
TXN0000964,CUST10157,2026-06-02 14:41:00,topup,7305,e-wallet_ovo,USSD,DEV909e21ba,Semarang,0
TXN0006944,CUST11121,2026-06-02 14:58:00,topup,5000,e-wallet_dana,Partner_Bank,DEV85a33467,Makassar,0
TXN0003319,CUST10547,2026-06-02 14:59:00,topup,17310,credit_card,Web_Portal,DEV2067902b,Semarang,0
TXN0002601,CUST10434,2026-06-02 15:10:00,topup,67453,retail_counter,USSD,DEVfe12ace5,Yogyakarta,0
TXN0003117,CUST10516,2026-06-02 15:16:00,topup,44035,retail_counter,USSD,DEV7a37f3d6,Palembang,0
TXN0000829,CUST10137,2026-06-02 15:24:00,topup,20990,retail_counter,USSD,DEVb1a50a3d,Pekanbaru,0
TXN0003192,CUST10526,2026-06-02 15:28:00,topup,6771,virtual_account,USSD,DEV8b8a7166,Denpasar,0
TXN0006155,CUST10989,2026-06-02 15:29:00,topup,5000,e-wallet_dana,Retail_Outlet,DEV6f242a0f,Jakarta,0
TXN0004374,CUST10710,2026-06-02 15:34:00,topup,42176,bank_transfer,Web_Portal,DEVac482af2,Malang,0
TXN0004208,CUST10683,2026-06-02 15:45:00,topup,44189,e-wallet_dana,Retail_Outlet,DEV2e671517,Palembang,0
TXN0000457,CUST10076,2026-06-02 15:52:00,topup,29717,e-wallet_dana,USSD,DEVc8cba592,Bandung,0
TXN0005949,CUST10955,2026-06-02 15:53:00,topup,15157,virtual_account,USSD,DEVa54680ad,Palembang,0
TXN0000532,CUST10087,2026-06-02 16:08:00,topup,11855,retail_counter,Partner_Bank,DEV07e3c39a,Makassar,0
TXN0001085,CUST10177,2026-06-02 16:14:00,topup,12896,virtual_account,Partner_Bank,DEV95dfe6cb,Denpasar,0
TXN0003206,CUST10529,2026-06-02 16:21:00,topup,39561,retail_counter,Partner_Bank,DEVe51bdfff,Semarang,0
TXN0005596,CUST10900,2026-06-02 16:25:00,topup,5000,retail_counter,MyApp,DEV1667b920,Denpasar,0
TXN0007397,CUST11194,2026-06-02 16:37:00,topup,24032,e-wallet_dana,MyApp,DEV31a9b14c,Denpasar,0
TXN0003854,CUST10630,2026-06-02 16:48:00,topup,30541,e-wallet_dana,MyApp,DEVd66f3fff,Pekanbaru,0
TXN0007049,CUST11139,2026-06-02 16:54:00,topup,15570,e-wallet_dana,MyApp,DEV8ad09042,Malang,0
TXN0006680,CUST11076,2026-06-02 17:18:00,topup,35704,e-wallet_ovo,MyApp,DEV05bcde63,Pekanbaru,0
TXN0002836,CUST10473,2026-06-02 17:40:00,topup,44102,bank_transfer,MyApp,DEVad851456,Bandung,0
TXN0001119,CUST10183,2026-06-02 18:17:00,topup,5000,e-wallet_dana,Partner_Bank,DEV54c3b22e,Surabaya,0
TXN0002508,CUST10418,2026-06-02 18:18:00,topup,26115,virtual_account,Web_Portal,DEV2d8d7db8,Surabaya,0
TXN0002092,CUST10354,2026-06-02 18:26:00,topup,18075,e-wallet_ovo,Web_Portal,DEVc986f893,Malang,0
TXN0005542,CUST10891,2026-06-02 18:26:00,topup,44188,e-wallet_gopay,Retail_Outlet,DEV3193fb1c,Malang,0
TXN0000033,CUST10004,2026-06-02 18:37:00,topup,5000,e-wallet_ovo,Web_Portal,DEVd4f76322,Medan,0
TXN0002680,CUST10446,2026-06-02 18:49:00,topup,8172,credit_card,Web_Portal,DEVdeaf0fa9,Denpasar,0
TXN0006147,CUST10987,2026-06-02 18:56:00,topup,20742,e-wallet_dana,USSD,DEVfb1eaa6e,Jakarta,0
TXN0006359,CUST11020,2026-06-02 19:08:00,topup,19846,bank_transfer,USSD,DEV9e8fa807,Malang,0
TXN0006602,CUST11063,2026-06-02 19:08:00,topup,22854,e-wallet_gopay,Partner_Bank,DEV1bb1ca48,Bandung,0
TXN0003895,CUST10636,2026-06-02 19:19:00,topup,16671,e-wallet_ovo,Partner_Bank,DEVf7df9baf,Bandung,0
TXN0005486,CUST10883,2026-06-02 19:22:00,topup,5000,e-wallet_dana,Retail_Outlet,DEVfb9c7872,Palembang,0
TXN0007043,CUST11136,2026-06-02 19:26:00,topup,23072,e-wallet_gopay,Retail_Outlet,DEV0ef40214,Medan,0
TXN0005180,CUST10837,2026-06-02 19:30:00,topup,39282,credit_card,Web_Portal,DEV371e7782,Pekanbaru,0
TXN0004688,CUST10763,2026-06-02 20:00:00,topup,21958,e-wallet_gopay,MyApp,DEV06bf79cf,Jakarta,0
TXN0004988,CUST10809,2026-06-02 20:12:00,topup,21071,credit_card,Retail_Outlet,DEV57549c43,Palembang,0
TXN0005882,CUST10943,2026-06-02 20:23:00,topup,8177,bank_transfer,Partner_Bank,DEV2c0ca9c0,Malang,0
TXN0000537,CUST10089,2026-06-02 20:33:00,topup,5825,retail_counter,Partner_Bank,DEVf7222fbe,Medan,0
TXN0002710,CUST10451,2026-06-02 20:35:00,topup,5000,e-wallet_dana,MyApp,DEVbca6a6b0,Denpasar,0
TXN0005419,CUST10873,2026-06-02 20:48:00,topup,5000,virtual_account,Web_Portal,DEV3df5516b,Yogyakarta,0
TXN0005316,CUST10858,2026-06-02 20:48:00,topup,43772,e-wallet_ovo,MyApp,DEV8bc15738,Pekanbaru,0
TXN0005040,CUST10818,2026-06-02 21:16:00,topup,50317,retail_counter,USSD,DEV61a73056,Medan,0
TXN0006809,CUST11097,2026-06-02 21:38:00,topup,48166,virtual_account,Partner_Bank,DEV53ae0bce,Yogyakarta,0
TXN0006500,CUST11045,2026-06-02 21:48:00,topup,12883,credit_card,Retail_Outlet,DEV047032f6,Malang,0
TXN0005309,CUST10857,2026-06-02 21:50:00,topup,37378,e-wallet_dana,USSD,DEV1122e28f,Malang,0
TXN0003637,CUST10597,2026-06-02 22:04:00,topup,16463,retail_counter,MyApp,DEVd11756d5,Yogyakarta,0
TXN0004583,CUST10743,2026-06-02 22:05:00,topup,5158,retail_counter,MyApp,DEV6c8c4bac,Medan,0
TXN0006004,CUST10965,2026-06-02 22:30:00,topup,5000,e-wallet_gopay,Partner_Bank,DEV2fc44d65,Palembang,0
TXN0003261,CUST10538,2026-06-02 22:32:00,topup,5000,retail_counter,Web_Portal,DEVa89f5f9d,Pekanbaru,0
TXN0003716,CUST10611,2026-06-02 22:35:00,topup,23166,e-wallet_dana,Retail_Outlet,DEVaebeca58,Pekanbaru,0
TXN0007121,CUST11153,2026-06-02 22:36:00,topup,46036,e-wallet_gopay,USSD,DEVb443cda3,Malang,0
TXN0000846,CUST10139,2026-06-02 22:41:00,topup,16644,virtual_account,Partner_Bank,DEV4439940d,Makassar,0
TXN0004368,CUST10709,2026-06-02 22:49:00,topup,75536,e-wallet_gopay,Partner_Bank,DEVad8716e1,Balikpapan,0
TXN0006342,CUST11018,2026-06-02 22:55:00,topup,10775,e-wallet_dana,USSD,DEV62e32fa7,Bandung,0
TXN0006621,CUST11067,2026-06-02 22:59:00,topup,26314,e-wallet_gopay,USSD,DEVf0514b1d,Balikpapan,0
TXN0000146,CUST10024,2026-06-03 06:07:00,topup,26694,bank_transfer,Partner_Bank,DEV29310971,Surabaya,0
TXN0000785,CUST10131,2026-06-03 06:25:00,topup,6644,virtual_account,USSD,DEV9afa8267,Makassar,0
TXN0007059,CUST11141,2026-06-03 06:33:00,topup,48790,retail_counter,MyApp,DEVbf5e39fb,Semarang,0
TXN0006933,CUST11119,2026-06-03 06:33:00,topup,16869,virtual_account,Retail_Outlet,DEV26a4850d,Balikpapan,0
TXN0006577,CUST11059,2026-06-03 06:37:00,topup,44976,retail_counter,MyApp,DEVb381e8b0,Denpasar,0
TXN0006920,CUST11117,2026-06-03 06:41:00,topup,24407,bank_transfer,USSD,DEV994e4303,Yogyakarta,0
TXN0002564,CUST10428,2026-06-03 06:43:00,topup,22362,e-wallet_ovo,Web_Portal,DEV0dd7cac2,Jakarta,0
TXN0000571,CUST10094,2026-06-03 06:49:00,topup,19636,e-wallet_gopay,USSD,DEVe42c0aea,Medan,0
TXN0004984,CUST10808,2026-06-03 07:05:00,topup,37075,e-wallet_dana,Partner_Bank,DEV2d56e616,Bandung,0
TXN0006764,CUST11090,2026-06-03 07:40:00,topup,7214,bank_transfer,Partner_Bank,DEVee6d7a27,Denpasar,0
TXN0000435,CUST10071,2026-06-03 07:50:00,topup,10576,credit_card,Partner_Bank,DEV4b4ef503,Palembang,0
TXN0005939,CUST10953,2026-06-03 07:59:00,topup,39912,bank_transfer,USSD,DEV15690641,Medan,0
TXN0007633,CUST10770,2026-06-03 08:00:00,promo_bundle_redeem,0,promo_credit,MyApp,DEV33a83451,Makassar,1
TXN0002640,CUST10440,2026-06-03 08:05:00,topup,33313,e-wallet_dana,USSD,DEV311f5d4a,Pekanbaru,0
TXN0003920,CUST10639,2026-06-03 08:06:00,topup,21515,credit_card,USSD,DEV8aacb783,Pekanbaru,0
TXN0007257,CUST11173,2026-06-03 08:13:00,topup,65481,credit_card,Retail_Outlet,DEVfcc6713a,Balikpapan,0
TXN0004264,CUST10691,2026-06-03 08:17:00,topup,12033,credit_card,MyApp,DEV05d0f23a,Yogyakarta,0
TXN0006316,CUST11014,2026-06-03 08:43:00,topup,31904,e-wallet_gopay,Web_Portal,DEV57b6b27c,Makassar,0
TXN0002763,CUST10461,2026-06-03 09:05:00,topup,25004,e-wallet_dana,MyApp,DEVc69e17c9,Denpasar,0
TXN0005376,CUST10866,2026-06-03 09:09:00,topup,37281,e-wallet_dana,Web_Portal,DEV30a19d7d,Medan,0
TXN0001223,CUST10201,2026-06-03 09:11:00,topup,19252,e-wallet_ovo,USSD,DEVf28bf846,Semarang,0
TXN0002784,CUST10465,2026-06-03 09:25:00,topup,9298,credit_card,USSD,DEV351c586a,Surabaya,0
TXN0001527,CUST10262,2026-06-03 09:36:00,topup,5000,e-wallet_ovo,Partner_Bank,DEV8f8dd995,Jakarta,0
TXN0006289,CUST11009,2026-06-03 09:48:00,topup,29755,bank_transfer,Web_Portal,DEVa7a3208e,Makassar,0
TXN0006592,CUST11062,2026-06-03 09:59:00,topup,26109,bank_transfer,MyApp,DEVc89a0cbd,Balikpapan,0
TXN0004524,CUST10732,2026-06-03 10:03:00,topup,37567,bank_transfer,USSD,DEVdb5ed35a,Semarang,0
TXN0001653,CUST10284,2026-06-03 10:06:00,topup,17769,credit_card,Partner_Bank,DEVebc095f5,Denpasar,0
TXN0004306,CUST10697,2026-06-03 10:14:00,topup,40967,retail_counter,Web_Portal,DEV06a4093b,Medan,0
TXN0000684,CUST10114,2026-06-03 10:16:00,topup,25848,e-wallet_gopay,Partner_Bank,DEV2cde9187,Yogyakarta,0
TXN0005109,CUST10829,2026-06-03 10:18:00,topup,5686,virtual_account,Web_Portal,DEV04573e35,Pekanbaru,0
TXN0002779,CUST10464,2026-06-03 10:18:00,topup,27505,e-wallet_gopay,MyApp,DEV64cfd9b9,Balikpapan,0
TXN0002446,CUST10408,2026-06-03 10:19:00,topup,39524,e-wallet_gopay,Retail_Outlet,DEVf2dd85f6,Balikpapan,0
TXN0004591,CUST10745,2026-06-03 10:20:00,topup,32798,e-wallet_dana,Retail_Outlet,DEVbbc41107,Bandung,0
TXN0004550,CUST10737,2026-06-03 10:33:00,topup,38548,credit_card,Web_Portal,DEV30104525,Yogyakarta,0
TXN0003544,CUST10583,2026-06-03 10:42:00,topup,37198,virtual_account,MyApp,DEV33611134,Balikpapan,0
TXN0003613,CUST10593,2026-06-03 10:46:00,topup,5676,credit_card,MyApp,DEVf52eaf63,Yogyakarta,0
TXN0003552,CUST10584,2026-06-03 10:57:00,topup,40760,e-wallet_ovo,Partner_Bank,DEV42a1279b,Yogyakarta,0
TXN0004399,CUST10712,2026-06-03 11:11:00,topup,38058,e-wallet_dana,Partner_Bank,DEV33c43cd1,Pekanbaru,0
TXN0005639,CUST10909,2026-06-03 11:28:00,topup,34299,e-wallet_ovo,Web_Portal,DEVde823285,Palembang,0
TXN0001425,CUST10243,2026-06-03 11:33:00,topup,9269,bank_transfer,Partner_Bank,DEVd145bd7f,Denpasar,0
TXN0001774,CUST10305,2026-06-03 11:34:00,topup,13191,virtual_account,MyApp,DEVcfbba84a,Palembang,0
TXN0002666,CUST10444,2026-06-03 11:38:00,topup,9446,e-wallet_ovo,Retail_Outlet,DEV73b0e73d,Surabaya,0
TXN0000288,CUST10048,2026-06-03 12:08:00,topup,19184,bank_transfer,Retail_Outlet,DEVae423568,Balikpapan,0
TXN0002853,CUST10476,2026-06-03 12:23:00,topup,26735,credit_card,Retail_Outlet,DEVa27a2bda,Bandung,0
TXN0000924,CUST10151,2026-06-03 12:24:00,topup,5000,e-wallet_dana,Retail_Outlet,DEV1aa67474,Malang,0
TXN0001448,CUST10246,2026-06-03 12:24:00,topup,34019,virtual_account,Web_Portal,DEV2caf3d2f,Bandung,0
TXN0005787,CUST10932,2026-06-03 12:28:00,topup,5000,e-wallet_ovo,Partner_Bank,DEVb4f7af31,Semarang,0
TXN0002980,CUST10495,2026-06-03 12:29:00,topup,31424,e-wallet_gopay,USSD,DEV9794b389,Surabaya,0
TXN0001486,CUST10252,2026-06-03 12:35:00,topup,12910,bank_transfer,Web_Portal,DEV4b8fb475,Balikpapan,0
TXN0001518,CUST10259,2026-06-03 13:08:00,topup,16914,e-wallet_dana,Partner_Bank,DEVb2b3bb39,Balikpapan,0
TXN0000524,CUST10086,2026-06-03 13:10:00,topup,5000,virtual_account,Web_Portal,DEV1e494952,Pekanbaru,0
TXN0004177,CUST10679,2026-06-03 13:13:00,topup,34454,e-wallet_ovo,USSD,DEV060615bf,Yogyakarta,0
TXN0000624,CUST10103,2026-06-03 13:41:00,topup,26389,e-wallet_gopay,USSD,DEVba5c865d,Makassar,0
TXN0005955,CUST10956,2026-06-03 13:45:00,topup,5889,credit_card,MyApp,DEVc362f40b,Yogyakarta,0
TXN0000408,CUST10068,2026-06-03 13:57:00,topup,22281,bank_transfer,Partner_Bank,DEV18f1a1e4,Semarang,0
TXN0004028,CUST10655,2026-06-03 14:00:00,topup,33962,bank_transfer,MyApp,DEV03539b9a,Semarang,0
TXN0006900,CUST11114,2026-06-03 14:04:00,topup,14607,credit_card,Web_Portal,DEV8151ef6c,Balikpapan,0
TXN0002841,CUST10473,2026-06-03 14:10:00,topup,25249,retail_counter,MyApp,DEV248607c2,Bandung,0
TXN0004624,CUST10751,2026-06-03 14:13:00,topup,31531,bank_transfer,Web_Portal,DEVd7a29c6c,Bandung,0
TXN0001237,CUST10203,2026-06-03 14:39:00,topup,26135,credit_card,USSD,DEV3e628981,Makassar,0
TXN0002144,CUST10361,2026-06-03 14:40:00,topup,34942,credit_card,Partner_Bank,DEV179d9ae3,Palembang,0
TXN0007140,CUST11155,2026-06-03 14:40:00,topup,12649,e-wallet_gopay,Retail_Outlet,DEVe3fe266b,Yogyakarta,0
TXN0001595,CUST10275,2026-06-03 14:44:00,topup,10041,e-wallet_dana,USSD,DEV15661feb,Palembang,0
TXN0005138,CUST10833,2026-06-03 15:21:00,topup,6479,e-wallet_gopay,USSD,DEV6553b96b,Semarang,0
TXN0006672,CUST11076,2026-06-03 15:32:00,topup,36412,virtual_account,Retail_Outlet,DEVd980a784,Pekanbaru,0
TXN0002018,CUST10339,2026-06-03 16:09:00,topup,20424,credit_card,Partner_Bank,DEV302f420e,Pekanbaru,0
TXN0006720,CUST11084,2026-06-03 16:12:00,topup,7562,e-wallet_ovo,USSD,DEV4af83592,Malang,0
TXN0004108,CUST10668,2026-06-03 16:34:00,topup,11117,e-wallet_gopay,Retail_Outlet,DEVedd24200,Denpasar,0
TXN0005029,CUST10816,2026-06-03 17:02:00,topup,53613,virtual_account,Partner_Bank,DEV5ed560c3,Denpasar,0
TXN0004995,CUST10810,2026-06-03 17:06:00,topup,25433,bank_transfer,Web_Portal,DEV2f81d4b2,Malang,0
TXN0003025,CUST10501,2026-06-03 17:12:00,topup,39788,virtual_account,USSD,DEVd49cc547,Malang,0
TXN0005346,CUST10861,2026-06-03 17:33:00,topup,5283,credit_card,Web_Portal,DEV68127855,Semarang,0
TXN0003152,CUST10521,2026-06-03 17:39:00,topup,8011,e-wallet_dana,Retail_Outlet,DEV0a3e4918,Balikpapan,0
TXN0004618,CUST10750,2026-06-03 17:47:00,topup,5000,credit_card,Partner_Bank,DEV16acb78e,Surabaya,0
TXN0000970,CUST10158,2026-06-03 17:54:00,topup,5000,e-wallet_ovo,MyApp,DEV25e42403,Malang,0
TXN0001261,CUST10209,2026-06-03 18:19:00,topup,59882,e-wallet_gopay,MyApp,DEVb7c12a4c,Palembang,0
TXN0005555,CUST10892,2026-06-03 18:29:00,topup,49040,credit_card,Partner_Bank,DEVe6bd4bbc,Yogyakarta,0
TXN0000432,CUST10071,2026-06-03 18:34:00,topup,33953,e-wallet_ovo,Partner_Bank,DEV6b2d9ccc,Palembang,0
TXN0001224,CUST10202,2026-06-03 18:47:00,topup,15460,e-wallet_dana,USSD,DEVe54ca6ca,Makassar,0
TXN0005191,CUST10839,2026-06-03 18:49:00,topup,12139,e-wallet_dana,MyApp,DEV160a56e1,Jakarta,0
TXN0000623,CUST10103,2026-06-03 18:50:00,topup,34855,retail_counter,Partner_Bank,DEVa33b3dfd,Makassar,0
TXN0001832,CUST10314,2026-06-03 18:53:00,topup,8463,retail_counter,USSD,DEVef7cef26,Pekanbaru,0
TXN0006735,CUST11085,2026-06-03 18:56:00,topup,18215,e-wallet_gopay,Web_Portal,DEV666ef491,Bandung,0
TXN0002627,CUST10438,2026-06-03 19:26:00,topup,26453,credit_card,Web_Portal,DEVcc2b2f49,Bandung,0
TXN0003187,CUST10525,2026-06-03 19:58:00,topup,34294,e-wallet_dana,MyApp,DEV659e2deb,Surabaya,0
TXN0004300,CUST10696,2026-06-03 20:05:00,topup,32938,e-wallet_dana,MyApp,DEVb58674b5,Surabaya,0
TXN0006381,CUST11023,2026-06-03 20:13:00,topup,38640,e-wallet_dana,USSD,DEV9564a7bd,Medan,0
TXN0006209,CUST10998,2026-06-03 20:22:00,topup,26732,e-wallet_ovo,Web_Portal,DEVf605070b,Makassar,0
TXN0003503,CUST10575,2026-06-03 20:37:00,topup,35914,e-wallet_ovo,Web_Portal,DEV083a1c27,Surabaya,0
TXN0006963,CUST11124,2026-06-03 20:43:00,topup,5000,retail_counter,Retail_Outlet,DEV00ef3377,Denpasar,0
TXN0007274,CUST11176,2026-06-03 20:45:00,topup,50321,e-wallet_dana,Retail_Outlet,DEVe2e6e895,Makassar,0
TXN0003842,CUST10629,2026-06-03 21:05:00,topup,5000,virtual_account,Retail_Outlet,DEV7e45fee4,Bandung,0
TXN0006798,CUST11096,2026-06-03 21:12:00,topup,38204,e-wallet_ovo,USSD,DEV944af6a6,Denpasar,0
TXN0004355,CUST10707,2026-06-03 21:18:00,topup,53892,retail_counter,Web_Portal,DEV79dd7b95,Malang,0
TXN0005267,CUST10849,2026-06-03 21:30:00,topup,21915,e-wallet_dana,Retail_Outlet,DEVc0bf3b37,Palembang,0
TXN0005583,CUST10898,2026-06-03 21:38:00,topup,58939,virtual_account,USSD,DEV3c304193,Pekanbaru,0
TXN0007315,CUST11183,2026-06-03 21:42:00,topup,27391,e-wallet_dana,USSD,DEVd5828d59,Denpasar,0
TXN0006721,CUST11084,2026-06-03 21:44:00,topup,11902,virtual_account,Retail_Outlet,DEV9ad0afdc,Malang,0
TXN0003992,CUST10650,2026-06-03 21:49:00,topup,8139,retail_counter,Partner_Bank,DEV2da6b974,Balikpapan,0
TXN0004560,CUST10739,2026-06-03 21:52:00,topup,23285,credit_card,Retail_Outlet,DEVc3659e51,Semarang,0
TXN0004765,CUST10773,2026-06-03 22:20:00,topup,46113,credit_card,Partner_Bank,DEVc5a0b7c3,Palembang,0
TXN0002222,CUST10373,2026-06-03 22:25:00,topup,40319,e-wallet_dana,Retail_Outlet,DEVd8a5aa52,Medan,0
TXN0005960,CUST10957,2026-06-03 22:57:00,topup,25229,e-wallet_gopay,MyApp,DEVe2c350af,Bandung,0
TXN0005840,CUST10938,2026-06-04 06:03:00,topup,27941,virtual_account,Retail_Outlet,DEVc4bbf711,Yogyakarta,0
TXN0002278,CUST10384,2026-06-04 06:09:00,topup,34032,e-wallet_ovo,USSD,DEVba991da0,Jakarta,0
TXN0003713,CUST10611,2026-06-04 06:21:00,topup,50410,e-wallet_gopay,Web_Portal,DEVf5d68c8f,Pekanbaru,0
TXN0007174,CUST11160,2026-06-04 06:22:00,topup,25403,e-wallet_ovo,Web_Portal,DEVe53b7727,Palembang,0
TXN0003288,CUST10543,2026-06-04 06:39:00,topup,5000,bank_transfer,Retail_Outlet,DEVc7101f3d,Pekanbaru,0
TXN0002395,CUST10400,2026-06-04 07:03:00,topup,5000,e-wallet_gopay,Partner_Bank,DEV73bb84e5,Semarang,0
TXN0002766,CUST10462,2026-06-04 07:08:00,topup,17825,bank_transfer,Retail_Outlet,DEV61d15db2,Yogyakarta,0
TXN0002707,CUST10451,2026-06-04 07:12:00,topup,7227,e-wallet_gopay,Partner_Bank,DEV302b0401,Denpasar,0
TXN0000242,CUST10041,2026-06-04 07:20:00,topup,15385,bank_transfer,Web_Portal,DEV83666636,Balikpapan,0
TXN0000985,CUST10162,2026-06-04 07:23:00,topup,47897,bank_transfer,Partner_Bank,DEV5987038a,Jakarta,0
TXN0004471,CUST10724,2026-06-04 07:25:00,topup,5000,e-wallet_ovo,Retail_Outlet,DEV29cd4d5c,Semarang,0
TXN0004539,CUST10735,2026-06-04 07:26:00,topup,5000,virtual_account,USSD,DEV8453d803,Bandung,0
TXN0003681,CUST10605,2026-06-04 07:58:00,topup,43780,credit_card,Web_Portal,DEV1ab88733,Medan,0
TXN0005028,CUST10816,2026-06-04 08:04:00,topup,46029,credit_card,Retail_Outlet,DEV5bad4331,Denpasar,0
TXN0001209,CUST10199,2026-06-04 08:11:00,topup,19272,e-wallet_ovo,Retail_Outlet,DEV076c108d,Balikpapan,0
TXN0004231,CUST10686,2026-06-04 08:14:00,topup,28496,e-wallet_gopay,MyApp,DEV95be6c8a,Balikpapan,0
TXN0001696,CUST10290,2026-06-04 08:14:00,topup,8006,e-wallet_gopay,MyApp,DEV6c914882,Malang,0
TXN0006101,CUST10980,2026-06-04 08:22:00,topup,5000,virtual_account,USSD,DEVaac782ac,Makassar,0
TXN0004621,CUST10750,2026-06-04 08:53:00,topup,5000,bank_transfer,Partner_Bank,DEV7e99a2c2,Surabaya,0
TXN0007183,CUST11161,2026-06-04 08:56:00,topup,24286,bank_transfer,Partner_Bank,DEV558c7208,Surabaya,0
TXN0006281,CUST11008,2026-06-04 09:09:00,topup,13498,credit_card,Retail_Outlet,DEV40328c40,Surabaya,0
TXN0001309,CUST10218,2026-06-04 09:22:00,topup,45067,retail_counter,Web_Portal,DEV4dd7962b,Medan,0
TXN0003731,CUST10613,2026-06-04 09:53:00,topup,18052,e-wallet_gopay,Partner_Bank,DEV70c0a4f6,Makassar,0
TXN0004808,CUST10780,2026-06-04 10:42:00,topup,5000,e-wallet_ovo,Web_Portal,DEVae5ec1fc,Surabaya,0
TXN0001582,CUST10273,2026-06-04 10:48:00,topup,17627,retail_counter,Retail_Outlet,DEV4ba99d78,Palembang,0
TXN0002183,CUST10367,2026-06-04 11:27:00,topup,17019,bank_transfer,Web_Portal,DEV2a65bae3,Balikpapan,0
TXN0007395,CUST11194,2026-06-04 11:44:00,topup,36872,e-wallet_ovo,MyApp,DEVae269692,Denpasar,0
TXN0006498,CUST11045,2026-06-04 11:46:00,topup,35113,credit_card,MyApp,DEVec2c1148,Malang,0
TXN0000364,CUST10060,2026-06-04 12:04:00,topup,16607,e-wallet_gopay,USSD,DEVe2d903c8,Denpasar,0
TXN0006020,CUST10967,2026-06-04 12:04:00,topup,43049,virtual_account,Partner_Bank,DEV4a298783,Bandung,0
TXN0003826,CUST10627,2026-06-04 12:20:00,topup,42057,credit_card,Partner_Bank,DEV7c9428af,Makassar,0
TXN0005822,CUST10936,2026-06-04 12:29:00,topup,8679,bank_transfer,MyApp,DEV63fe0717,Semarang,0
TXN0000876,CUST10144,2026-06-04 12:35:00,topup,16627,e-wallet_dana,USSD,DEVa50784cb,Palembang,0
TXN0005848,CUST10939,2026-06-04 12:55:00,topup,24304,e-wallet_ovo,Partner_Bank,DEV1899598d,Semarang,0
TXN0004763,CUST10773,2026-06-04 13:50:00,topup,5000,credit_card,Web_Portal,DEV5fc97e64,Palembang,0
TXN0005946,CUST10954,2026-06-04 13:57:00,topup,23986,bank_transfer,Retail_Outlet,DEV069d887f,Yogyakarta,0
TXN0004766,CUST10773,2026-06-04 14:16:00,topup,8541,e-wallet_dana,MyApp,DEVd079fe4e,Palembang,0
TXN0001477,CUST10251,2026-06-04 14:39:00,topup,24404,retail_counter,Web_Portal,DEV6f94da50,Makassar,0
TXN0004299,CUST10696,2026-06-04 14:59:00,topup,12929,virtual_account,USSD,DEVb197603c,Surabaya,0
TXN0005755,CUST10927,2026-06-04 15:08:00,topup,8771,bank_transfer,USSD,DEVc2b8efc0,Medan,0
TXN0006990,CUST11127,2026-06-04 15:24:00,topup,45140,e-wallet_ovo,Web_Portal,DEV6ef68419,Makassar,0
TXN0000859,CUST10142,2026-06-04 15:35:00,topup,30736,credit_card,Retail_Outlet,DEV1f44aa88,Semarang,0
TXN0006547,CUST11054,2026-06-04 15:48:00,topup,5000,e-wallet_dana,Web_Portal,DEVd2bfbcf2,Medan,0
TXN0002527,CUST10421,2026-06-04 15:56:00,topup,18994,e-wallet_ovo,USSD,DEV6522e8b9,Medan,0
TXN0000642,CUST10106,2026-06-04 15:59:00,topup,37296,credit_card,Partner_Bank,DEV8a0ea57a,Malang,0
TXN0003356,CUST10553,2026-06-04 16:25:00,topup,43680,e-wallet_dana,MyApp,DEV0cb68029,Malang,0
TXN0001378,CUST10235,2026-06-04 16:31:00,topup,26430,e-wallet_dana,Partner_Bank,DEV1b332e43,Denpasar,0
TXN0001966,CUST10333,2026-06-04 16:36:00,topup,23678,e-wallet_ovo,Web_Portal,DEV41526bff,Bandung,0
TXN0001295,CUST10214,2026-06-04 16:40:00,topup,38479,e-wallet_gopay,Partner_Bank,DEV86c2ad8f,Yogyakarta,0
TXN0006193,CUST10995,2026-06-04 16:47:00,topup,9778,virtual_account,Retail_Outlet,DEVe2abe6e3,Balikpapan,0
TXN0007129,CUST11154,2026-06-04 16:50:00,topup,43827,e-wallet_gopay,Web_Portal,DEVaab76dd1,Balikpapan,0
TXN0000747,CUST10125,2026-06-04 16:56:00,topup,32236,e-wallet_dana,Retail_Outlet,DEV2fe938e4,Makassar,0
TXN0001063,CUST10174,2026-06-04 17:02:00,topup,28546,bank_transfer,Web_Portal,DEVf4672866,Jakarta,0
TXN0006773,CUST11091,2026-06-04 17:09:00,topup,10156,virtual_account,Retail_Outlet,DEV1ac62a63,Pekanbaru,0
TXN0000331,CUST10054,2026-06-04 17:36:00,topup,25964,retail_counter,MyApp,DEV0261c87a,Pekanbaru,0
TXN0003325,CUST10549,2026-06-04 17:47:00,topup,29594,e-wallet_gopay,USSD,DEV32a807cc,Yogyakarta,0
TXN0005759,CUST10927,2026-06-04 17:50:00,topup,5000,retail_counter,USSD,DEVe8048c91,Medan,0
TXN0007558,CUST10061,2026-06-04 18:00:00,promo_bundle_redeem,0,promo_credit,MyApp,DEVb0f1d209,Surabaya,1
TXN0005153,CUST10835,2026-06-04 18:10:00,topup,62895,e-wallet_ovo,MyApp,DEVa684b83b,Bandung,0
TXN0001887,CUST10322,2026-06-04 18:36:00,topup,7192,e-wallet_dana,Web_Portal,DEV0cbe938d,Makassar,0
TXN0006681,CUST11076,2026-06-04 18:50:00,topup,43028,e-wallet_dana,Retail_Outlet,DEV80ef2ccf,Pekanbaru,0
TXN0003435,CUST10567,2026-06-04 18:52:00,topup,40830,retail_counter,USSD,DEVb3133c8e,Denpasar,0
TXN0006360,CUST11020,2026-06-04 18:56:00,topup,63435,virtual_account,Retail_Outlet,DEV6b6348f4,Malang,0
TXN0001783,CUST10305,2026-06-04 19:19:00,topup,30657,virtual_account,MyApp,DEV94047909,Palembang,0
TXN0006054,CUST10972,2026-06-04 19:41:00,topup,26072,e-wallet_ovo,MyApp,DEVeaab0629,Yogyakarta,0
TXN0004639,CUST10754,2026-06-04 19:55:00,topup,16696,retail_counter,USSD,DEV3d15d3ee,Semarang,0
TXN0002408,CUST10402,2026-06-04 19:55:00,topup,35094,e-wallet_dana,Retail_Outlet,DEV4b658517,Bandung,0
TXN0004478,CUST10724,2026-06-04 20:04:00,topup,18162,e-wallet_gopay,Partner_Bank,DEV0c994ec1,Semarang,0
TXN0004799,CUST10778,2026-06-04 20:24:00,topup,27169,e-wallet_gopay,Retail_Outlet,DEV16d4fdff,Pekanbaru,0
TXN0001744,CUST10298,2026-06-04 20:31:00,topup,5922,credit_card,Retail_Outlet,DEVa8cf2936,Semarang,0
TXN0005912,CUST10947,2026-06-04 20:35:00,topup,9632,e-wallet_gopay,Web_Portal,DEV89131a4a,Balikpapan,0
TXN0005364,CUST10864,2026-06-04 20:39:00,topup,39503,e-wallet_ovo,Partner_Bank,DEV8861972e,Bandung,0
TXN0004032,CUST10656,2026-06-04 20:58:00,topup,43119,e-wallet_ovo,Partner_Bank,DEV0ea66dbf,Jakarta,0
TXN0002206,CUST10371,2026-06-04 21:04:00,topup,5960,virtual_account,Partner_Bank,DEV2e740569,Medan,0
TXN0003610,CUST10593,2026-06-04 21:15:00,topup,5000,virtual_account,Retail_Outlet,DEV01572a56,Yogyakarta,0
TXN0003294,CUST10544,2026-06-04 21:17:00,topup,25588,retail_counter,Web_Portal,DEV24ce1460,Balikpapan,0
TXN0004588,CUST10744,2026-06-04 21:28:00,topup,27344,e-wallet_dana,Retail_Outlet,DEVb8b758b8,Yogyakarta,0
TXN0001734,CUST10297,2026-06-04 21:38:00,topup,19733,e-wallet_gopay,Web_Portal,DEVa93c9413,Bandung,0
TXN0003198,CUST10527,2026-06-04 21:41:00,topup,23450,e-wallet_ovo,Retail_Outlet,DEV362465c1,Surabaya,0
TXN0003786,CUST10620,2026-06-04 21:45:00,topup,5000,credit_card,USSD,DEV1e32e3e1,Surabaya,0
TXN0000291,CUST10048,2026-06-04 21:48:00,topup,13804,e-wallet_dana,Web_Portal,DEV57b936b0,Balikpapan,0
TXN0005835,CUST10938,2026-06-04 21:48:00,topup,20340,bank_transfer,Partner_Bank,DEVab1f5666,Yogyakarta,0
TXN0004900,CUST10796,2026-06-04 21:57:00,topup,64789,bank_transfer,Web_Portal,DEVbab3d9a3,Semarang,0
TXN0002207,CUST10371,2026-06-04 22:09:00,topup,38354,e-wallet_ovo,USSD,DEV4c4b52aa,Medan,0
TXN0005405,CUST10870,2026-06-04 22:30:00,topup,52062,e-wallet_ovo,Web_Portal,DEV0f5449d1,Jakarta,0
TXN0004590,CUST10745,2026-06-04 22:34:00,topup,18297,e-wallet_ovo,USSD,DEVab09ec62,Bandung,0
TXN0000774,CUST10129,2026-06-04 22:42:00,topup,13866,e-wallet_dana,Partner_Bank,DEVfab8328f,Bandung,0
TXN0006626,CUST11068,2026-06-04 22:55:00,topup,27558,e-wallet_gopay,Partner_Bank,DEVda8f55c4,Bandung,0
TXN0001485,CUST10252,2026-06-04 22:57:00,topup,24858,e-wallet_gopay,Partner_Bank,DEVc2a59d7b,Balikpapan,0
TXN0002073,CUST10350,2026-06-04 22:57:00,topup,29030,e-wallet_gopay,Web_Portal,DEVcc8a6796,Yogyakarta,0
TXN0006315,CUST11014,2026-06-05 06:05:00,topup,40721,virtual_account,Web_Portal,DEV8ab171e0,Makassar,0
TXN0006641,CUST11070,2026-06-05 06:06:00,topup,13123,bank_transfer,Web_Portal,DEV5111044c,Jakarta,0
TXN0003453,CUST10569,2026-06-05 06:09:00,topup,7785,virtual_account,Partner_Bank,DEVdf8b4008,Pekanbaru,0
TXN0001389,CUST10237,2026-06-05 06:14:00,topup,26507,e-wallet_ovo,MyApp,DEVcff14c0e,Pekanbaru,0
TXN0002587,CUST10431,2026-06-05 06:49:00,topup,23535,e-wallet_gopay,Retail_Outlet,DEV154ebf91,Medan,0
TXN0006387,CUST11024,2026-06-05 06:50:00,topup,6285,bank_transfer,MyApp,DEVa1d60cf1,Palembang,0
TXN0000599,CUST10099,2026-06-05 07:26:00,topup,11461,bank_transfer,MyApp,DEV4603c9ee,Balikpapan,0
TXN0000797,CUST10132,2026-06-05 07:50:00,topup,39087,bank_transfer,Retail_Outlet,DEV1a9b0d42,Palembang,0
TXN0004856,CUST10789,2026-06-05 08:11:00,topup,20481,e-wallet_dana,USSD,DEV40349202,Denpasar,0
TXN0000834,CUST10138,2026-06-05 08:28:00,topup,5000,e-wallet_gopay,Retail_Outlet,DEV73e88db6,Yogyakarta,0
TXN0003130,CUST10518,2026-06-05 08:40:00,topup,39784,bank_transfer,USSD,DEV7bdac670,Balikpapan,0
TXN0000424,CUST10070,2026-06-05 08:41:00,topup,11585,e-wallet_gopay,Retail_Outlet,DEV011c4544,Surabaya,0
TXN0000765,CUST10128,2026-06-05 08:45:00,topup,31663,virtual_account,Web_Portal,DEV29d0c613,Bandung,0
TXN0000592,CUST10098,2026-06-05 09:02:00,topup,34522,e-wallet_ovo,MyApp,DEV3b53f64b,Malang,0
TXN0005234,CUST10845,2026-06-05 09:10:00,topup,32009,bank_transfer,Retail_Outlet,DEV805aadb5,Semarang,0
TXN0002349,CUST10393,2026-06-05 09:25:00,topup,8939,retail_counter,Partner_Bank,DEVeb821435,Malang,0
TXN0006566,CUST11057,2026-06-05 09:31:00,topup,5000,e-wallet_gopay,Partner_Bank,DEV7ab417d6,Yogyakarta,0
TXN0006267,CUST11007,2026-06-05 09:31:00,topup,5000,virtual_account,Partner_Bank,DEVc524a1be,Surabaya,0
TXN0001990,CUST10337,2026-06-05 10:07:00,topup,32574,e-wallet_dana,Partner_Bank,DEV6d7fd4e2,Yogyakarta,0
TXN0000168,CUST10027,2026-06-05 10:07:00,topup,16941,e-wallet_dana,Retail_Outlet,DEV61a66444,Jakarta,0
TXN0006971,CUST11125,2026-06-05 10:13:00,topup,19346,e-wallet_gopay,Web_Portal,DEV6ecf4ff1,Bandung,0
TXN0004212,CUST10683,2026-06-05 10:19:00,topup,46096,e-wallet_gopay,USSD,DEVca4e5cc5,Palembang,0
TXN0003812,CUST10625,2026-06-05 10:41:00,topup,31229,virtual_account,USSD,DEV741a5b09,Denpasar,0
TXN0002299,CUST10386,2026-06-05 10:52:00,topup,60634,virtual_account,MyApp,DEV062667fc,Malang,0
TXN0007634,CUST10770,2026-06-05 11:00:00,promo_bundle_redeem,0,promo_credit,MyApp,DEVb7696e0e,Makassar,1
TXN0001065,CUST10174,2026-06-05 11:24:00,topup,5000,retail_counter,Web_Portal,DEVdde4f5c1,Jakarta,0
TXN0007285,CUST11177,2026-06-05 11:37:00,topup,21269,retail_counter,USSD,DEVfa709240,Yogyakarta,0
TXN0003400,CUST10562,2026-06-05 11:54:00,topup,71367,e-wallet_dana,USSD,DEVdb19de67,Jakarta,0
TXN0003086,CUST10511,2026-06-05 12:17:00,topup,26720,bank_transfer,USSD,DEVee6c69f7,Semarang,0
TXN0004406,CUST10713,2026-06-05 12:34:00,topup,20920,e-wallet_dana,Retail_Outlet,DEV2911268f,Medan,0
TXN0002456,CUST10409,2026-06-05 12:44:00,topup,5098,bank_transfer,MyApp,DEV7464d6f2,Surabaya,0
TXN0004756,CUST10772,2026-06-05 12:51:00,topup,55621,e-wallet_gopay,USSD,DEV53ad132c,Surabaya,0
TXN0002989,CUST10496,2026-06-05 13:07:00,topup,42905,retail_counter,Web_Portal,DEVdf96048a,Surabaya,0
TXN0004578,CUST10742,2026-06-05 13:16:00,topup,48914,credit_card,USSD,DEV2ab05af8,Surabaya,0
TXN0000249,CUST10042,2026-06-05 13:20:00,topup,27017,e-wallet_dana,MyApp,DEVe53e5f4c,Yogyakarta,0
TXN0002581,CUST10430,2026-06-05 14:12:00,topup,5427,bank_transfer,Web_Portal,DEVf37599aa,Denpasar,0
TXN0001841,CUST10316,2026-06-05 14:25:00,topup,12959,bank_transfer,USSD,DEV5e24296e,Pekanbaru,0
TXN0002903,CUST10484,2026-06-05 14:33:00,topup,5000,e-wallet_gopay,Partner_Bank,DEV6bca4f86,Surabaya,0
TXN0000360,CUST10059,2026-06-05 14:40:00,topup,23804,e-wallet_gopay,MyApp,DEV57bcad3a,Semarang,0
TXN0001577,CUST10272,2026-06-05 14:43:00,topup,11099,e-wallet_ovo,USSD,DEV06617f95,Semarang,0
TXN0001627,CUST10280,2026-06-05 14:50:00,topup,18386,retail_counter,Retail_Outlet,DEV49a5fd0d,Palembang,0
TXN0007063,CUST11142,2026-06-05 14:56:00,topup,17481,retail_counter,Web_Portal,DEV0b39c366,Denpasar,0
TXN0000667,CUST10112,2026-06-05 15:09:00,topup,19423,e-wallet_gopay,Web_Portal,DEV93e0f235,Semarang,0
TXN0000051,CUST10006,2026-06-05 15:18:00,topup,5669,credit_card,Web_Portal,DEV183fea70,Makassar,0
TXN0007170,CUST11159,2026-06-05 15:29:00,topup,7044,e-wallet_gopay,Web_Portal,DEVf16231e0,Semarang,0
TXN0002962,CUST10493,2026-06-05 15:41:00,topup,5000,bank_transfer,Web_Portal,DEV6b0ffa79,Bandung,0
TXN0001089,CUST10177,2026-06-05 15:42:00,topup,46827,bank_transfer,USSD,DEVe552d0a8,Denpasar,0
TXN0003419,CUST10565,2026-06-05 15:49:00,topup,28587,e-wallet_gopay,Partner_Bank,DEV79eae461,Bandung,0
TXN0001233,CUST10203,2026-06-05 16:00:00,topup,24266,e-wallet_dana,Web_Portal,DEVb6da99cd,Makassar,0
TXN0004492,CUST10727,2026-06-05 16:20:00,topup,29814,credit_card,MyApp,DEV5c42adcf,Pekanbaru,0
TXN0005193,CUST10839,2026-06-05 16:39:00,topup,52751,e-wallet_ovo,Partner_Bank,DEV8eb4b40e,Jakarta,0
TXN0007222,CUST11167,2026-06-05 16:53:00,topup,32139,bank_transfer,Retail_Outlet,DEVd783b9d0,Balikpapan,0
TXN0002618,CUST10437,2026-06-05 17:22:00,topup,45105,retail_counter,Retail_Outlet,DEVb4c0fd18,Jakarta,0
TXN0003938,CUST10642,2026-06-05 17:46:00,topup,5000,credit_card,Partner_Bank,DEV4f842010,Semarang,0
TXN0004425,CUST10717,2026-06-05 17:48:00,topup,7065,retail_counter,Web_Portal,DEVdee7dad7,Makassar,0
TXN0004201,CUST10682,2026-06-05 17:56:00,topup,5000,virtual_account,Retail_Outlet,DEV9d96bf5e,Palembang,0
TXN0001450,CUST10247,2026-06-05 18:36:00,topup,5000,e-wallet_ovo,USSD,DEV9caf4bfe,Bandung,0
TXN0001547,CUST10265,2026-06-05 19:08:00,topup,34638,e-wallet_ovo,Web_Portal,DEV25e050f6,Malang,0
TXN0003179,CUST10524,2026-06-05 19:32:00,topup,29836,bank_transfer,MyApp,DEV279163f4,Malang,0
TXN0002214,CUST10372,2026-06-05 19:43:00,topup,24918,bank_transfer,Partner_Bank,DEV44f00717,Semarang,0
TXN0004693,CUST10763,2026-06-05 19:48:00,topup,28140,e-wallet_gopay,MyApp,DEVdb872c8f,Jakarta,0
TXN0002308,CUST10387,2026-06-05 19:55:00,topup,36484,retail_counter,USSD,DEVeaadcb2f,Palembang,0
TXN0002534,CUST10422,2026-06-05 19:55:00,topup,42995,e-wallet_ovo,Retail_Outlet,DEVe2ad828b,Denpasar,0
TXN0003105,CUST10513,2026-06-05 20:13:00,topup,23050,e-wallet_dana,Retail_Outlet,DEV290c9e51,Balikpapan,0
TXN0003865,CUST10633,2026-06-05 20:14:00,topup,14921,virtual_account,USSD,DEVb5c1f027,Pekanbaru,0
TXN0002936,CUST10489,2026-06-05 20:31:00,topup,21793,e-wallet_gopay,Web_Portal,DEV0fb49d98,Denpasar,0
TXN0001592,CUST10275,2026-06-05 20:38:00,topup,5000,virtual_account,Retail_Outlet,DEV9bafcc20,Palembang,0
TXN0006199,CUST10996,2026-06-05 20:53:00,topup,43915,retail_counter,USSD,DEV626cd59a,Medan,0
TXN0000069,CUST10010,2026-06-05 21:17:00,topup,15847,e-wallet_ovo,USSD,DEV9d3616a1,Yogyakarta,0
TXN0002810,CUST10469,2026-06-05 21:30:00,topup,28326,bank_transfer,USSD,DEVf1da833d,Makassar,0
TXN0004807,CUST10780,2026-06-05 22:04:00,topup,5000,virtual_account,MyApp,DEVd96688c9,Surabaya,0
TXN0005287,CUST10853,2026-06-05 22:16:00,topup,47490,e-wallet_dana,USSD,DEV40d1ff56,Balikpapan,0
TXN0001669,CUST10286,2026-06-06 06:30:00,topup,21700,e-wallet_ovo,Web_Portal,DEV4eb39f63,Jakarta,0
TXN0006829,CUST11101,2026-06-06 06:39:00,topup,5000,virtual_account,Partner_Bank,DEV2e58e57a,Surabaya,0
TXN0004263,CUST10691,2026-06-06 06:50:00,topup,25057,e-wallet_gopay,Partner_Bank,DEVaf326af5,Yogyakarta,0
TXN0004127,CUST10670,2026-06-06 06:55:00,topup,12631,e-wallet_dana,USSD,DEV01440fa3,Pekanbaru,0
TXN0006420,CUST11031,2026-06-06 07:30:00,topup,41231,e-wallet_gopay,USSD,DEV37eb9827,Surabaya,0
TXN0000595,CUST10098,2026-06-06 07:34:00,topup,24024,e-wallet_gopay,Partner_Bank,DEV635a11f2,Malang,0
TXN0002799,CUST10467,2026-06-06 08:22:00,topup,30034,virtual_account,Partner_Bank,DEVe92915a3,Balikpapan,0
TXN0002705,CUST10450,2026-06-06 09:17:00,topup,14902,retail_counter,USSD,DEV4a7d6fa1,Denpasar,0
TXN0004532,CUST10733,2026-06-06 09:25:00,topup,23564,virtual_account,Retail_Outlet,DEVce31ce5c,Malang,0
TXN0003659,CUST10601,2026-06-06 09:26:00,topup,7574,retail_counter,Web_Portal,DEV9d9b72b9,Yogyakarta,0
TXN0002958,CUST10492,2026-06-06 09:46:00,topup,5000,virtual_account,Web_Portal,DEVf11afc00,Semarang,0
TXN0002790,CUST10466,2026-06-06 09:46:00,topup,54620,e-wallet_gopay,Retail_Outlet,DEV41bb0e0d,Pekanbaru,0
TXN0001418,CUST10242,2026-06-06 09:53:00,topup,5416,retail_counter,MyApp,DEV7d283421,Palembang,0
TXN0000005,CUST10000,2026-06-06 09:56:00,topup,16573,bank_transfer,Web_Portal,DEVe0827f76,Malang,0
TXN0005471,CUST10881,2026-06-06 10:18:00,topup,5000,e-wallet_ovo,USSD,DEVc87c1935,Balikpapan,0
TXN0002777,CUST10463,2026-06-06 10:19:00,topup,25851,bank_transfer,Partner_Bank,DEVdcb9d394,Semarang,0
TXN0000228,CUST10039,2026-06-06 10:39:00,topup,14172,bank_transfer,MyApp,DEV0cf173f9,Denpasar,0
TXN0004782,CUST10775,2026-06-06 10:51:00,topup,11183,e-wallet_gopay,Retail_Outlet,DEVfb7b00c7,Surabaya,0
TXN0004345,CUST10705,2026-06-06 10:56:00,topup,26325,credit_card,MyApp,DEVfab87bb6,Denpasar,0
TXN0000942,CUST10154,2026-06-06 11:04:00,topup,21241,e-wallet_dana,Web_Portal,DEVd284b528,Pekanbaru,0
TXN0007050,CUST11139,2026-06-06 11:31:00,topup,17020,virtual_account,Web_Portal,DEVc5bde81d,Malang,0
TXN0000277,CUST10046,2026-06-06 11:53:00,topup,30148,e-wallet_dana,Retail_Outlet,DEVb9a5d4d0,Medan,0
TXN0003103,CUST10513,2026-06-06 12:00:00,topup,24568,e-wallet_gopay,Partner_Bank,DEV0f5c365a,Balikpapan,0
TXN0003373,CUST10557,2026-06-06 12:31:00,topup,25587,e-wallet_dana,Retail_Outlet,DEV7e4b4f10,Denpasar,0
TXN0006444,CUST11036,2026-06-06 13:06:00,topup,27006,virtual_account,MyApp,DEV0d97bade,Palembang,0
TXN0000533,CUST10088,2026-06-06 13:08:00,topup,50571,e-wallet_ovo,MyApp,DEV38491ecc,Medan,0
TXN0000783,CUST10130,2026-06-06 13:15:00,topup,14614,retail_counter,MyApp,DEV57f7d71f,Pekanbaru,0
TXN0004398,CUST10712,2026-06-06 13:29:00,topup,5436,e-wallet_ovo,USSD,DEV46327360,Pekanbaru,0
TXN0003339,CUST10550,2026-06-06 13:33:00,topup,10932,virtual_account,Retail_Outlet,DEVf34bfa59,Balikpapan,0
TXN0002941,CUST10490,2026-06-06 13:35:00,topup,10003,bank_transfer,Partner_Bank,DEV00231f70,Malang,0
TXN0004170,CUST10678,2026-06-06 13:37:00,topup,10473,virtual_account,Web_Portal,DEV83d03e33,Denpasar,0
TXN0003598,CUST10591,2026-06-06 14:08:00,topup,15975,retail_counter,USSD,DEV7108022a,Yogyakarta,0
TXN0001901,CUST10324,2026-06-06 14:17:00,topup,20751,e-wallet_ovo,Web_Portal,DEV075dacd4,Yogyakarta,0
TXN0000169,CUST10027,2026-06-06 14:44:00,topup,31051,e-wallet_gopay,Retail_Outlet,DEV0b6c03c8,Jakarta,0
TXN0002315,CUST10389,2026-06-06 14:45:00,topup,8808,virtual_account,Retail_Outlet,DEV66d4b394,Surabaya,0
TXN0000021,CUST10002,2026-06-06 14:51:00,topup,27470,retail_counter,USSD,DEV6b790d01,Makassar,0
TXN0002009,CUST10339,2026-06-06 14:57:00,topup,22087,retail_counter,USSD,DEVa7e29299,Pekanbaru,0
TXN0007318,CUST11183,2026-06-06 15:23:00,topup,37129,e-wallet_dana,Retail_Outlet,DEVeb6d3598,Denpasar,0
TXN0006061,CUST10974,2026-06-06 15:25:00,topup,38026,bank_transfer,USSD,DEV4ad07831,Makassar,0
TXN0003131,CUST10518,2026-06-06 15:36:00,topup,33566,e-wallet_ovo,Web_Portal,DEV17dcabf5,Balikpapan,0
TXN0004748,CUST10771,2026-06-06 15:43:00,topup,21181,e-wallet_gopay,USSD,DEV42b07e31,Surabaya,0
TXN0007559,CUST10061,2026-06-06 16:00:00,promo_bundle_redeem,0,promo_credit,MyApp,DEVc81e4c13,Surabaya,1
TXN0006843,CUST11105,2026-06-06 16:03:00,topup,35131,virtual_account,USSD,DEV7b2ff249,Makassar,0
TXN0001328,CUST10223,2026-06-06 16:13:00,topup,6948,bank_transfer,Partner_Bank,DEVa9217ddc,Pekanbaru,0
TXN0002861,CUST10477,2026-06-06 16:15:00,topup,5000,e-wallet_ovo,MyApp,DEVad411244,Surabaya,0
TXN0003032,CUST10503,2026-06-06 16:32:00,topup,18813,e-wallet_ovo,Retail_Outlet,DEV23a49571,Balikpapan,0
TXN0004552,CUST10737,2026-06-06 16:37:00,topup,21738,e-wallet_gopay,USSD,DEVfe2181fd,Yogyakarta,0
TXN0006777,CUST11093,2026-06-06 16:39:00,topup,44248,bank_transfer,Partner_Bank,DEVa9c55ff9,Malang,0
TXN0001837,CUST10315,2026-06-06 16:40:00,topup,5000,retail_counter,Retail_Outlet,DEV1ceb08fe,Palembang,0
TXN0003270,CUST10541,2026-06-06 16:46:00,topup,34699,e-wallet_ovo,Partner_Bank,DEV64305373,Surabaya,0
TXN0001267,CUST10209,2026-06-06 16:49:00,topup,5000,credit_card,Web_Portal,DEV8f5e248e,Palembang,0
TXN0005199,CUST10840,2026-06-06 16:54:00,topup,16080,bank_transfer,Web_Portal,DEVf91070e0,Pekanbaru,0
TXN0006795,CUST11096,2026-06-06 17:48:00,topup,52644,bank_transfer,MyApp,DEV65173bc6,Denpasar,0
TXN0003937,CUST10642,2026-06-06 17:56:00,topup,22602,virtual_account,USSD,DEV7a0ffa86,Semarang,0
TXN0002098,CUST10355,2026-06-06 18:03:00,topup,25648,e-wallet_dana,MyApp,DEV8470f6c8,Palembang,0
TXN0001565,CUST10269,2026-06-06 18:15:00,topup,5000,virtual_account,Retail_Outlet,DEVf4ca6e70,Bandung,0
TXN0000735,CUST10123,2026-06-06 18:30:00,topup,48309,credit_card,Web_Portal,DEV4654e77d,Balikpapan,0
TXN0001736,CUST10297,2026-06-06 18:37:00,topup,19796,credit_card,USSD,DEV4b26f0a3,Bandung,0
TXN0002298,CUST10386,2026-06-06 18:54:00,topup,23167,credit_card,MyApp,DEV0722ab3c,Malang,0
TXN0002715,CUST10452,2026-06-06 19:07:00,topup,38391,e-wallet_gopay,Partner_Bank,DEVa9eb0bf9,Bandung,0
TXN0001825,CUST10313,2026-06-06 20:31:00,topup,44961,retail_counter,Web_Portal,DEV1ee26f39,Makassar,0
TXN0003532,CUST10581,2026-06-06 21:12:00,topup,37707,virtual_account,MyApp,DEVfc75de3d,Makassar,0
TXN0001107,CUST10180,2026-06-06 21:13:00,topup,29426,e-wallet_gopay,USSD,DEV03200c4e,Medan,0
TXN0006484,CUST11042,2026-06-06 21:21:00,topup,30358,e-wallet_dana,Web_Portal,DEVacdb425c,Balikpapan,0
TXN0004662,CUST10758,2026-06-06 21:30:00,topup,38573,bank_transfer,Retail_Outlet,DEV5a0fdf61,Malang,0
TXN0001976,CUST10335,2026-06-06 21:57:00,topup,5000,e-wallet_gopay,MyApp,DEV332ac35a,Makassar,0
TXN0004080,CUST10664,2026-06-06 22:05:00,topup,20536,e-wallet_dana,Retail_Outlet,DEV85e620fe,Pekanbaru,0
TXN0000492,CUST10080,2026-06-06 22:39:00,topup,13029,bank_transfer,Web_Portal,DEVa9d049dc,Pekanbaru,0
TXN0006352,CUST11019,2026-06-06 22:50:00,topup,5000,bank_transfer,USSD,DEVd5411860,Semarang,0
TXN0000174,CUST10028,2026-06-07 06:09:00,topup,21058,e-wallet_gopay,Retail_Outlet,DEV69fb0763,Surabaya,0
TXN0003522,CUST10579,2026-06-07 06:20:00,topup,36498,e-wallet_ovo,Web_Portal,DEVc44b04e8,Palembang,0
TXN0004679,CUST10760,2026-06-07 06:24:00,topup,41638,bank_transfer,Partner_Bank,DEVda2a5b5f,Jakarta,0
TXN0003664,CUST10602,2026-06-07 07:00:00,topup,15622,bank_transfer,USSD,DEVcec7b903,Jakarta,0
TXN0003022,CUST10500,2026-06-07 07:25:00,topup,18634,retail_counter,USSD,DEVc01d1c62,Denpasar,0
TXN0006446,CUST11036,2026-06-07 07:59:00,topup,39304,retail_counter,Web_Portal,DEVa53a43d6,Palembang,0
TXN0000262,CUST10044,2026-06-07 08:25:00,topup,22191,e-wallet_dana,USSD,DEV3d846fc9,Makassar,0
TXN0001051,CUST10172,2026-06-07 08:31:00,topup,28079,e-wallet_ovo,MyApp,DEV9cc3c1f5,Palembang,0
TXN0000163,CUST10027,2026-06-07 08:37:00,topup,33370,bank_transfer,Retail_Outlet,DEVfa207403,Jakarta,0
TXN0000965,CUST10158,2026-06-07 09:04:00,topup,5000,bank_transfer,Retail_Outlet,DEVb2a0f778,Malang,0
TXN0005230,CUST10845,2026-06-07 09:06:00,topup,27780,credit_card,USSD,DEVcc79eeca,Semarang,0
TXN0000582,CUST10096,2026-06-07 09:21:00,topup,37513,e-wallet_dana,Retail_Outlet,DEV22460ac9,Palembang,0
TXN0003817,CUST10625,2026-06-07 09:31:00,topup,42653,credit_card,Web_Portal,DEV8673173a,Denpasar,0
TXN0004783,CUST10776,2026-06-07 09:50:00,topup,13637,credit_card,MyApp,DEVd7f64255,Surabaya,0
TXN0002676,CUST10445,2026-06-07 10:05:00,topup,30617,e-wallet_dana,Web_Portal,DEVf104ad27,Jakarta,0
TXN0007176,CUST11160,2026-06-07 10:12:00,topup,43991,e-wallet_ovo,MyApp,DEV20141450,Palembang,0
TXN0004582,CUST10743,2026-06-07 10:14:00,topup,10025,e-wallet_gopay,USSD,DEV8a73483e,Medan,0
TXN0004788,CUST10777,2026-06-07 10:17:00,topup,5000,virtual_account,Retail_Outlet,DEV858c5992,Surabaya,0
TXN0002227,CUST10374,2026-06-07 10:18:00,topup,22634,credit_card,MyApp,DEV0ab2e2ca,Palembang,0
TXN0000247,CUST10042,2026-06-07 10:25:00,topup,37932,bank_transfer,Partner_Bank,DEVf168c605,Yogyakarta,0
TXN0000327,CUST10054,2026-06-07 10:26:00,topup,14651,e-wallet_gopay,USSD,DEV0c5921f8,Pekanbaru,0
TXN0005308,CUST10857,2026-06-07 10:28:00,topup,26742,virtual_account,Web_Portal,DEV6fb0c665,Malang,0
TXN0000020,CUST10002,2026-06-07 10:42:00,topup,5000,credit_card,Partner_Bank,DEV34879e41,Makassar,0
TXN0006674,CUST11076,2026-06-07 11:04:00,topup,13622,e-wallet_ovo,USSD,DEV156c992b,Pekanbaru,0
TXN0006192,CUST10995,2026-06-07 11:11:00,topup,5000,credit_card,Partner_Bank,DEV0ee503e3,Balikpapan,0
TXN0007271,CUST11175,2026-06-07 11:48:00,topup,23091,e-wallet_ovo,MyApp,DEV5f786318,Medan,0
TXN0003867,CUST10633,2026-06-07 12:05:00,topup,5781,e-wallet_ovo,Web_Portal,DEVa18af1fd,Pekanbaru,0
TXN0003284,CUST10543,2026-06-07 12:09:00,topup,40966,e-wallet_ovo,Retail_Outlet,DEV9e3bc735,Pekanbaru,0
TXN0005617,CUST10903,2026-06-07 12:10:00,topup,19716,bank_transfer,Web_Portal,DEV7616e3a2,Pekanbaru,0
TXN0007193,CUST11163,2026-06-07 12:16:00,topup,30263,retail_counter,MyApp,DEV54be6170,Bandung,0
TXN0002544,CUST10425,2026-06-07 12:22:00,topup,5475,retail_counter,Partner_Bank,DEVfa5f9e72,Balikpapan,0
TXN0001390,CUST10237,2026-06-07 12:26:00,topup,19409,e-wallet_gopay,MyApp,DEV39d11950,Pekanbaru,0
TXN0000074,CUST10011,2026-06-07 12:27:00,topup,13492,virtual_account,MyApp,DEVcc152a1b,Makassar,0
TXN0001421,CUST10242,2026-06-07 12:40:00,topup,5000,retail_counter,Web_Portal,DEV03ad702e,Palembang,0
TXN0004043,CUST10657,2026-06-07 12:57:00,topup,25910,e-wallet_gopay,USSD,DEVb5e9489c,Bandung,0
TXN0002555,CUST10426,2026-06-07 13:01:00,topup,14575,e-wallet_ovo,Partner_Bank,DEVa45ca94a,Palembang,0
TXN0000081,CUST10013,2026-06-07 13:02:00,topup,7405,e-wallet_ovo,Web_Portal,DEV98dc9e0b,Medan,0
TXN0005296,CUST10855,2026-06-07 13:08:00,topup,16088,virtual_account,USSD,DEV6070b244,Surabaya,0
TXN0005600,CUST10901,2026-06-07 13:16:00,topup,36750,e-wallet_ovo,Partner_Bank,DEVec2c4f79,Surabaya,0
TXN0000612,CUST10102,2026-06-07 13:53:00,topup,5000,e-wallet_ovo,Web_Portal,DEVd123f7c1,Medan,0
TXN0001549,CUST10265,2026-06-07 14:19:00,topup,5000,bank_transfer,Retail_Outlet,DEV05cf079e,Malang,0
TXN0003365,CUST10556,2026-06-07 14:40:00,topup,5000,credit_card,MyApp,DEV88914b26,Medan,0
TXN0005475,CUST10881,2026-06-07 15:04:00,topup,5000,credit_card,Retail_Outlet,DEVc972d38d,Balikpapan,0
TXN0004145,CUST10673,2026-06-07 15:11:00,topup,43745,retail_counter,Partner_Bank,DEV0b53d4e6,Surabaya,0
TXN0003813,CUST10625,2026-06-07 15:42:00,topup,37840,bank_transfer,Partner_Bank,DEV2d3dab8a,Denpasar,0
TXN0006819,CUST11100,2026-06-07 15:45:00,topup,28319,credit_card,MyApp,DEVc84042f9,Malang,0
TXN0005046,CUST10819,2026-06-07 15:50:00,topup,26788,retail_counter,MyApp,DEV45590d60,Yogyakarta,0
TXN0004121,CUST10669,2026-06-07 15:50:00,topup,5000,e-wallet_dana,Web_Portal,DEV75e913d8,Malang,0
TXN0005527,CUST10889,2026-06-07 15:52:00,topup,19405,virtual_account,MyApp,DEV58d0202b,Semarang,0
TXN0001423,CUST10242,2026-06-07 15:58:00,topup,5000,e-wallet_dana,Retail_Outlet,DEV18e824e9,Palembang,0
TXN0005067,CUST10823,2026-06-07 16:17:00,topup,18629,e-wallet_gopay,USSD,DEVb0333c0d,Balikpapan,0
TXN0003518,CUST10577,2026-06-07 16:18:00,topup,43872,retail_counter,Web_Portal,DEVaf66dc57,Pekanbaru,0
TXN0005562,CUST10895,2026-06-07 16:21:00,topup,13430,retail_counter,USSD,DEV5401e034,Medan,0
TXN0004694,CUST10763,2026-06-07 16:43:00,topup,47684,retail_counter,Web_Portal,DEV705f052b,Jakarta,0
TXN0001664,CUST10286,2026-06-07 16:55:00,topup,39295,e-wallet_dana,MyApp,DEVfcd2280e,Jakarta,0
TXN0006338,CUST11017,2026-06-07 17:11:00,topup,16700,e-wallet_gopay,MyApp,DEVfdce4f12,Denpasar,0
TXN0000475,CUST10078,2026-06-07 17:25:00,topup,28096,e-wallet_ovo,USSD,DEV72e588e9,Denpasar,0
TXN0002890,CUST10481,2026-06-07 17:31:00,topup,33509,e-wallet_ovo,Partner_Bank,DEV6e4928ac,Malang,0
TXN0003205,CUST10529,2026-06-07 17:40:00,topup,11218,e-wallet_ovo,MyApp,DEV2f1fc132,Semarang,0
TXN0004164,CUST10677,2026-06-07 17:45:00,topup,46132,retail_counter,Web_Portal,DEVd81b6bb7,Medan,0
TXN0003496,CUST10574,2026-06-07 17:47:00,topup,12906,bank_transfer,MyApp,DEV0cc66163,Denpasar,0
TXN0002598,CUST10434,2026-06-07 18:14:00,topup,5000,e-wallet_gopay,Retail_Outlet,DEVbe006ccb,Yogyakarta,0
TXN0006129,CUST10983,2026-06-07 18:21:00,topup,38329,credit_card,Web_Portal,DEV2cd4e76d,Yogyakarta,0
TXN0006663,CUST11074,2026-06-07 18:26:00,topup,17187,e-wallet_dana,MyApp,DEV439cf4f8,Palembang,0
TXN0003296,CUST10544,2026-06-07 18:43:00,topup,50455,e-wallet_ovo,Web_Portal,DEV1c66021e,Balikpapan,0
TXN0001652,CUST10284,2026-06-07 19:00:00,topup,5000,virtual_account,USSD,DEVc75ff368,Denpasar,0
TXN0003302,CUST10545,2026-06-07 19:15:00,topup,31846,credit_card,MyApp,DEV69eb337c,Semarang,0
TXN0001995,CUST10337,2026-06-07 19:18:00,topup,7998,retail_counter,MyApp,DEV5aff4594,Yogyakarta,0
TXN0006323,CUST11015,2026-06-07 19:53:00,topup,15017,credit_card,Web_Portal,DEV937838f9,Surabaya,0
TXN0002490,CUST10415,2026-06-07 19:54:00,topup,34779,bank_transfer,MyApp,DEVc78e0272,Yogyakarta,0
TXN0007079,CUST11145,2026-06-07 19:58:00,topup,45400,bank_transfer,Web_Portal,DEVecfa60c9,Balikpapan,0
TXN0007277,CUST11176,2026-06-07 19:58:00,topup,16432,bank_transfer,Retail_Outlet,DEVb71a72c1,Makassar,0
TXN0004346,CUST10705,2026-06-07 20:02:00,topup,9267,credit_card,Partner_Bank,DEV4708b42e,Denpasar,0
TXN0006667,CUST11075,2026-06-07 20:05:00,topup,11014,e-wallet_dana,USSD,DEVe7718e1b,Medan,0
TXN0001216,CUST10200,2026-06-07 20:32:00,topup,32049,e-wallet_gopay,USSD,DEVc226ab53,Pekanbaru,0
TXN0000285,CUST10047,2026-06-07 20:46:00,topup,13957,virtual_account,MyApp,DEVa267d32f,Semarang,0
TXN0004155,CUST10675,2026-06-07 20:47:00,topup,26774,bank_transfer,MyApp,DEVce9205ae,Denpasar,0
TXN0000325,CUST10054,2026-06-07 20:49:00,topup,5000,e-wallet_ovo,Retail_Outlet,DEV980b6853,Pekanbaru,0
TXN0007208,CUST11164,2026-06-07 21:01:00,topup,5000,e-wallet_dana,MyApp,DEVca3a7379,Palembang,0
TXN0006439,CUST11034,2026-06-07 21:06:00,topup,15827,e-wallet_dana,USSD,DEV085e9e90,Surabaya,0
TXN0002314,CUST10389,2026-06-07 21:39:00,topup,5000,retail_counter,USSD,DEV0d5d2f64,Surabaya,0
TXN0001111,CUST10181,2026-06-07 21:41:00,topup,5000,retail_counter,Web_Portal,DEV74283491,Makassar,0
TXN0000531,CUST10087,2026-06-07 21:46:00,topup,17337,e-wallet_gopay,USSD,DEV61a451ff,Makassar,0
TXN0003845,CUST10629,2026-06-07 21:59:00,topup,11615,retail_counter,MyApp,DEVcdbb6c1f,Bandung,0
TXN0002912,CUST10486,2026-06-07 22:02:00,topup,12548,e-wallet_dana,Partner_Bank,DEV21a496a8,Bandung,0
TXN0001838,CUST10315,2026-06-07 22:12:00,topup,13742,virtual_account,Partner_Bank,DEV79900a27,Palembang,0
TXN0003656,CUST10601,2026-06-07 22:35:00,topup,5000,e-wallet_gopay,Partner_Bank,DEV60920068,Yogyakarta,0
TXN0002700,CUST10449,2026-06-07 22:36:00,topup,62065,credit_card,MyApp,DEV57dda51e,Yogyakarta,0
TXN0004795,CUST10777,2026-06-07 22:42:00,topup,33195,credit_card,MyApp,DEV6388f6dc,Surabaya,0
TXN0001330,CUST10223,2026-06-08 06:16:00,topup,5000,e-wallet_dana,Retail_Outlet,DEVd7825ea3,Pekanbaru,0
TXN0006019,CUST10967,2026-06-08 06:38:00,topup,61077,retail_counter,USSD,DEVac7625b8,Bandung,0
TXN0004504,CUST10729,2026-06-08 06:41:00,topup,17725,e-wallet_dana,Partner_Bank,DEVbd66c203,Bandung,0
TXN0000561,CUST10092,2026-06-08 06:42:00,topup,35719,e-wallet_ovo,Web_Portal,DEVcec56969,Denpasar,0
TXN0005213,CUST10842,2026-06-08 06:57:00,topup,5000,e-wallet_dana,MyApp,DEV29f5010c,Pekanbaru,0
TXN0002791,CUST10466,2026-06-08 07:11:00,topup,16412,retail_counter,USSD,DEV15a905b4,Pekanbaru,0
TXN0001083,CUST10176,2026-06-08 07:17:00,topup,5000,bank_transfer,Web_Portal,DEVa566e884,Malang,0
TXN0003482,CUST10573,2026-06-08 07:37:00,topup,43481,e-wallet_dana,Web_Portal,DEV945b3711,Surabaya,0
TXN0003726,CUST10612,2026-06-08 07:44:00,topup,19078,e-wallet_ovo,Web_Portal,DEV09791408,Pekanbaru,0
TXN0003204,CUST10529,2026-06-08 08:22:00,topup,11224,e-wallet_ovo,Partner_Bank,DEV36cf9429,Semarang,0
TXN0007152,CUST11157,2026-06-08 08:36:00,topup,19545,e-wallet_ovo,Web_Portal,DEVb8ab8e09,Yogyakarta,0
TXN0006159,CUST10989,2026-06-08 08:38:00,topup,7517,e-wallet_dana,Retail_Outlet,DEV03d2a7ca,Jakarta,0
TXN0002960,CUST10493,2026-06-08 08:41:00,topup,8956,credit_card,Web_Portal,DEVc2d01c42,Bandung,0
TXN0002322,CUST10390,2026-06-08 08:47:00,topup,11980,e-wallet_gopay,Partner_Bank,DEV84681060,Jakarta,0
TXN0007408,CUST11196,2026-06-08 08:50:00,topup,30630,e-wallet_ovo,MyApp,DEVa119ca40,Palembang,0
TXN0003213,CUST10530,2026-06-08 08:52:00,topup,37840,e-wallet_dana,Web_Portal,DEV8f97b21d,Balikpapan,0
TXN0007560,CUST10061,2026-06-08 09:00:00,promo_bundle_redeem,0,promo_credit,MyApp,DEV5aa249bf,Surabaya,1
TXN0002821,CUST10470,2026-06-08 09:08:00,topup,5000,e-wallet_dana,Retail_Outlet,DEVaf194390,Pekanbaru,0
TXN0001329,CUST10223,2026-06-08 09:24:00,topup,38632,e-wallet_dana,Partner_Bank,DEV2ad3136f,Pekanbaru,0
TXN0004732,CUST10769,2026-06-08 09:43:00,topup,8539,virtual_account,Partner_Bank,DEVf88c2664,Makassar,0
TXN0001444,CUST10246,2026-06-08 09:54:00,topup,5000,retail_counter,MyApp,DEVb189727f,Bandung,0
TXN0002949,CUST10491,2026-06-08 10:15:00,topup,28632,virtual_account,Web_Portal,DEVcf5e7840,Malang,0
TXN0005255,CUST10848,2026-06-08 10:25:00,topup,34198,retail_counter,USSD,DEV3503ae05,Palembang,0
TXN0004599,CUST10747,2026-06-08 10:34:00,topup,5000,retail_counter,Web_Portal,DEV39ef20ea,Palembang,0
TXN0006858,CUST11108,2026-06-08 10:56:00,topup,7411,e-wallet_gopay,MyApp,DEV8844276d,Medan,0
TXN0002088,CUST10353,2026-06-08 10:58:00,topup,11879,credit_card,USSD,DEV2bd7d038,Medan,0
TXN0000399,CUST10066,2026-06-08 11:06:00,topup,29431,credit_card,USSD,DEVd36ec1bd,Balikpapan,0
TXN0001859,CUST10318,2026-06-08 11:08:00,topup,5000,e-wallet_ovo,Retail_Outlet,DEVc78a7900,Denpasar,0
TXN0006059,CUST10974,2026-06-08 11:13:00,topup,5000,e-wallet_gopay,Partner_Bank,DEVdeef7995,Makassar,0
TXN0007402,CUST11195,2026-06-08 11:18:00,topup,5000,virtual_account,Web_Portal,DEVe7a9f866,Semarang,0
TXN0003663,CUST10601,2026-06-08 11:24:00,topup,18360,bank_transfer,USSD,DEV69bea8c9,Yogyakarta,0
TXN0005207,CUST10841,2026-06-08 11:41:00,topup,33884,credit_card,USSD,DEVdf9f1099,Balikpapan,0
TXN0000207,CUST10034,2026-06-08 11:43:00,topup,5000,virtual_account,Web_Portal,DEV66d71d97,Medan,0
TXN0002317,CUST10389,2026-06-08 12:06:00,topup,31904,e-wallet_gopay,Retail_Outlet,DEVc997f2fa,Surabaya,0
TXN0004713,CUST10766,2026-06-08 12:12:00,topup,27214,credit_card,Partner_Bank,DEV3955b110,Denpasar,0
TXN0003388,CUST10560,2026-06-08 12:17:00,topup,25645,virtual_account,MyApp,DEVecc38555,Denpasar,0
TXN0006664,CUST11074,2026-06-08 12:26:00,topup,5000,retail_counter,MyApp,DEVd91e7e1a,Palembang,0
TXN0007093,CUST11148,2026-06-08 12:26:00,topup,18484,e-wallet_gopay,MyApp,DEVdcaeedcd,Malang,0
TXN0000213,CUST10036,2026-06-08 12:28:00,topup,47478,bank_transfer,USSD,DEVdbb54645,Balikpapan,0
TXN0000192,CUST10031,2026-06-08 13:02:00,topup,25681,bank_transfer,Retail_Outlet,DEV16476e3f,Bandung,0
TXN0003669,CUST10603,2026-06-08 13:03:00,topup,36160,virtual_account,Web_Portal,DEV506a8dd3,Jakarta,0
TXN0002384,CUST10399,2026-06-08 13:36:00,topup,30366,e-wallet_gopay,Retail_Outlet,DEVba303cce,Makassar,0
TXN0002341,CUST10392,2026-06-08 13:37:00,topup,10846,bank_transfer,Web_Portal,DEV3385db3b,Makassar,0
TXN0000221,CUST10037,2026-06-08 13:51:00,topup,5000,e-wallet_ovo,USSD,DEV5fb8944d,Bandung,0
TXN0003601,CUST10591,2026-06-08 13:53:00,topup,6885,virtual_account,Retail_Outlet,DEV73131038,Yogyakarta,0
TXN0001942,CUST10329,2026-06-08 13:56:00,topup,9231,e-wallet_gopay,USSD,DEV3427e466,Surabaya,0
TXN0006264,CUST11006,2026-06-08 14:02:00,topup,11148,virtual_account,Partner_Bank,DEV72811822,Bandung,0
TXN0006476,CUST11040,2026-06-08 14:16:00,topup,5000,e-wallet_dana,Partner_Bank,DEV297eb3ce,Semarang,0
TXN0006844,CUST11105,2026-06-08 14:31:00,topup,17473,bank_transfer,Partner_Bank,DEV8f0f7109,Makassar,0
TXN0002080,CUST10351,2026-06-08 14:35:00,topup,5000,e-wallet_dana,Partner_Bank,DEVba751921,Bandung,0
TXN0001072,CUST10175,2026-06-08 14:49:00,topup,5000,bank_transfer,Web_Portal,DEV1bfc270c,Malang,0
TXN0002585,CUST10430,2026-06-08 15:43:00,topup,21887,e-wallet_ovo,USSD,DEVf42973f5,Denpasar,0
TXN0000086,CUST10013,2026-06-08 15:49:00,topup,27579,e-wallet_gopay,USSD,DEV3f738f50,Medan,0
TXN0005361,CUST10864,2026-06-08 16:28:00,topup,26559,e-wallet_dana,Partner_Bank,DEV996e782f,Bandung,0
TXN0006173,CUST10992,2026-06-08 16:28:00,topup,5000,retail_counter,Web_Portal,DEV640324f0,Yogyakarta,0
TXN0000182,CUST10030,2026-06-08 16:31:00,topup,45609,e-wallet_ovo,Web_Portal,DEV844e250b,Semarang,0
TXN0003150,CUST10521,2026-06-08 16:44:00,topup,32864,e-wallet_gopay,Partner_Bank,DEV21962a11,Balikpapan,0
TXN0003128,CUST10518,2026-06-08 16:55:00,topup,36685,credit_card,Web_Portal,DEV15c52392,Balikpapan,0
TXN0002609,CUST10435,2026-06-08 17:00:00,topup,13157,e-wallet_ovo,USSD,DEV7a4c38ef,Semarang,0
TXN0001183,CUST10194,2026-06-08 17:03:00,topup,13727,e-wallet_ovo,USSD,DEVe7ab2ef7,Bandung,0
TXN0000951,CUST10156,2026-06-08 17:21:00,topup,7236,retail_counter,Partner_Bank,DEV7b874b4a,Surabaya,0
TXN0003361,CUST10555,2026-06-08 17:23:00,topup,46229,e-wallet_dana,Partner_Bank,DEV0490eb68,Yogyakarta,0
TXN0004310,CUST10699,2026-06-08 17:42:00,topup,53307,virtual_account,MyApp,DEVb68c55b2,Jakarta,0
TXN0001889,CUST10322,2026-06-08 17:47:00,topup,30484,e-wallet_ovo,Web_Portal,DEVf541a44e,Makassar,0
TXN0000705,CUST10118,2026-06-08 18:13:00,topup,17603,bank_transfer,Retail_Outlet,DEV41f83199,Palembang,0
TXN0000757,CUST10127,2026-06-08 18:43:00,topup,41691,e-wallet_ovo,MyApp,DEV323132fa,Makassar,0
TXN0001313,CUST10219,2026-06-08 18:48:00,topup,7056,e-wallet_ovo,Partner_Bank,DEVbcc4f0db,Makassar,0
TXN0005035,CUST10817,2026-06-08 18:56:00,topup,11091,virtual_account,Web_Portal,DEVf1f97ce9,Balikpapan,0
TXN0002233,CUST10375,2026-06-08 19:01:00,topup,20630,retail_counter,USSD,DEVd7aa0f83,Denpasar,0
TXN0001290,CUST10213,2026-06-08 19:10:00,topup,46054,virtual_account,Web_Portal,DEVed3353fc,Medan,0
TXN0002990,CUST10497,2026-06-08 19:13:00,topup,26713,bank_transfer,Retail_Outlet,DEVfae2d4a8,Yogyakarta,0
TXN0005930,CUST10951,2026-06-08 19:21:00,topup,33574,credit_card,Retail_Outlet,DEVa2e13d75,Jakarta,0
TXN0001939,CUST10329,2026-06-08 19:52:00,topup,37273,virtual_account,Retail_Outlet,DEV8f942977,Surabaya,0
TXN0003799,CUST10622,2026-06-08 20:00:00,topup,36232,e-wallet_gopay,Retail_Outlet,DEV3dcead91,Palembang,0
TXN0002831,CUST10472,2026-06-08 20:05:00,topup,37875,credit_card,MyApp,DEV59518620,Pekanbaru,0
TXN0004502,CUST10729,2026-06-08 20:05:00,topup,6674,retail_counter,Web_Portal,DEV7845a524,Bandung,0
TXN0003049,CUST10506,2026-06-08 20:08:00,topup,44792,credit_card,Retail_Outlet,DEV5c494d63,Denpasar,0
TXN0001480,CUST10251,2026-06-08 20:08:00,topup,42035,virtual_account,Web_Portal,DEV31b42308,Makassar,0
TXN0001947,CUST10330,2026-06-08 20:12:00,topup,5000,e-wallet_gopay,Retail_Outlet,DEVc4502052,Malang,0
TXN0000478,CUST10079,2026-06-08 20:17:00,topup,56914,e-wallet_dana,USSD,DEV0a670143,Pekanbaru,0
TXN0006889,CUST11112,2026-06-08 20:22:00,topup,5000,e-wallet_ovo,Retail_Outlet,DEV41431647,Palembang,0
TXN0007160,CUST11158,2026-06-08 20:39:00,topup,37350,retail_counter,Partner_Bank,DEV38ac7355,Pekanbaru,0
TXN0004017,CUST10654,2026-06-08 20:50:00,topup,12047,e-wallet_ovo,Partner_Bank,DEVa6ef8273,Medan,0
TXN0003631,CUST10596,2026-06-08 21:03:00,topup,39747,virtual_account,Partner_Bank,DEV8bc2d46d,Yogyakarta,0
TXN0007344,CUST11187,2026-06-08 21:08:00,topup,21042,virtual_account,MyApp,DEVc742bbaf,Medan,0
TXN0002738,CUST10456,2026-06-08 21:08:00,topup,15196,credit_card,MyApp,DEV592aa87b,Semarang,0
TXN0007267,CUST11175,2026-06-08 21:21:00,topup,23154,e-wallet_dana,Partner_Bank,DEV26366874,Medan,0
TXN0001000,CUST10165,2026-06-08 21:38:00,topup,22123,credit_card,Partner_Bank,DEVab132032,Semarang,0
TXN0006243,CUST11003,2026-06-08 21:56:00,topup,5000,virtual_account,Retail_Outlet,DEV3b4c0646,Palembang,0
TXN0003913,CUST10638,2026-06-08 22:00:00,topup,5000,credit_card,Partner_Bank,DEV08a5ad03,Yogyakarta,0
TXN0007232,CUST11169,2026-06-08 22:24:00,topup,12954,e-wallet_ovo,USSD,DEV1cb04376,Malang,0
TXN0005331,CUST10860,2026-06-09 06:00:00,topup,30637,retail_counter,MyApp,DEVdbd34a94,Pekanbaru,0
TXN0001177,CUST10193,2026-06-09 06:02:00,topup,5000,retail_counter,Retail_Outlet,DEVe0864418,Palembang,0
TXN0007091,CUST11147,2026-06-09 06:05:00,topup,5110,e-wallet_ovo,USSD,DEV565f8687,Malang,0
TXN0001968,CUST10333,2026-06-09 06:27:00,topup,20867,retail_counter,MyApp,DEV054046cc,Bandung,0
TXN0006957,CUST11123,2026-06-09 06:50:00,topup,5000,credit_card,USSD,DEVc9425b82,Denpasar,0
TXN0004479,CUST10724,2026-06-09 07:13:00,topup,16902,e-wallet_dana,Retail_Outlet,DEV32d9ec3e,Semarang,0
TXN0003862,CUST10632,2026-06-09 07:23:00,topup,19257,bank_transfer,USSD,DEV842ca512,Malang,0
TXN0000690,CUST10115,2026-06-09 07:34:00,topup,16231,retail_counter,MyApp,DEV5c17ebb5,Bandung,0
TXN0000286,CUST10047,2026-06-09 07:38:00,topup,38873,e-wallet_ovo,USSD,DEV9ee339ff,Semarang,0
TXN0005798,CUST10933,2026-06-09 07:46:00,topup,18349,e-wallet_ovo,MyApp,DEV00b8a88f,Bandung,0
TXN0002286,CUST10384,2026-06-09 07:53:00,topup,11033,bank_transfer,USSD,DEV682904ca,Jakarta,0
TXN0000093,CUST10015,2026-06-09 08:04:00,topup,5000,e-wallet_ovo,MyApp,DEV5168bbf2,Balikpapan,0
TXN0005655,CUST10911,2026-06-09 08:15:00,topup,22076,retail_counter,Partner_Bank,DEV32586047,Denpasar,0
TXN0007189,CUST11162,2026-06-09 08:43:00,topup,5000,bank_transfer,Partner_Bank,DEV4138aeea,Semarang,0
TXN0006835,CUST11102,2026-06-09 09:06:00,topup,11212,e-wallet_ovo,USSD,DEV47eb1172,Denpasar,0
TXN0002297,CUST10386,2026-06-09 09:09:00,topup,21232,retail_counter,Partner_Bank,DEV10168d65,Malang,0
TXN0004291,CUST10695,2026-06-09 09:45:00,topup,16928,e-wallet_dana,USSD,DEVa117b864,Pekanbaru,0
TXN0006164,CUST10990,2026-06-09 09:59:00,topup,18924,e-wallet_gopay,Partner_Bank,DEVc01ba459,Yogyakarta,0
TXN0000359,CUST10059,2026-06-09 10:15:00,topup,22820,retail_counter,Retail_Outlet,DEVbbaa574f,Semarang,0
TXN0007355,CUST11188,2026-06-09 10:22:00,topup,51025,e-wallet_gopay,MyApp,DEVc6e4472d,Makassar,0
TXN0000352,CUST10057,2026-06-09 10:27:00,topup,28785,credit_card,Retail_Outlet,DEVda2cf852,Malang,0
TXN0004273,CUST10691,2026-06-09 10:43:00,topup,24991,e-wallet_dana,Partner_Bank,DEVaf051197,Yogyakarta,0
TXN0006046,CUST10971,2026-06-09 11:20:00,topup,5000,retail_counter,Partner_Bank,DEV960a035c,Balikpapan,0
TXN0005567,CUST10896,2026-06-09 11:30:00,topup,5000,e-wallet_gopay,Retail_Outlet,DEV393f8079,Balikpapan,0
TXN0006959,CUST11124,2026-06-09 11:41:00,topup,5000,virtual_account,Partner_Bank,DEV8ce285db,Denpasar,0
TXN0000193,CUST10031,2026-06-09 11:42:00,topup,5000,virtual_account,MyApp,DEV8d536c75,Bandung,0
TXN0000522,CUST10085,2026-06-09 12:20:00,topup,44619,retail_counter,Retail_Outlet,DEV737cf8b5,Jakarta,0
TXN0005437,CUST10876,2026-06-09 12:36:00,topup,17367,virtual_account,USSD,DEV676cf539,Jakarta,0
TXN0005447,CUST10877,2026-06-09 12:41:00,topup,5000,retail_counter,Web_Portal,DEV6c944bca,Denpasar,0
TXN0005579,CUST10897,2026-06-09 13:44:00,topup,51963,credit_card,USSD,DEV5ed13afe,Yogyakarta,0
TXN0003471,CUST10572,2026-06-09 13:48:00,topup,5000,credit_card,Partner_Bank,DEV93dc8eea,Pekanbaru,0
TXN0002484,CUST10414,2026-06-09 14:05:00,topup,29242,credit_card,MyApp,DEV89a92af3,Makassar,0
TXN0002570,CUST10429,2026-06-09 14:11:00,topup,15074,retail_counter,MyApp,DEVf42323d9,Denpasar,0
TXN0002148,CUST10362,2026-06-09 14:15:00,topup,21877,virtual_account,MyApp,DEVc7610e83,Makassar,0
TXN0006871,CUST11109,2026-06-09 14:17:00,topup,19090,e-wallet_dana,Web_Portal,DEV13a2dc03,Balikpapan,0
TXN0000100,CUST10015,2026-06-09 14:46:00,topup,30411,e-wallet_gopay,Partner_Bank,DEV09b7fdf7,Balikpapan,0
TXN0003940,CUST10643,2026-06-09 14:49:00,topup,24433,e-wallet_ovo,Partner_Bank,DEV8f962ff2,Semarang,0
TXN0007299,CUST11179,2026-06-09 14:54:00,topup,33281,e-wallet_dana,Partner_Bank,DEVf83f136d,Palembang,0
TXN0007573,CUST10068,2026-06-09 15:00:00,promo_bundle_redeem,0,promo_credit,MyApp,DEVe498446d,Semarang,1
TXN0006428,CUST11033,2026-06-09 15:04:00,topup,29938,e-wallet_dana,Web_Portal,DEV8503e3b7,Bandung,0
TXN0001836,CUST10315,2026-06-09 15:27:00,topup,7489,e-wallet_dana,MyApp,DEV88917cf5,Palembang,0
TXN0007112,CUST11150,2026-06-09 15:32:00,topup,26362,e-wallet_dana,USSD,DEVe6fe01cc,Medan,0
TXN0006096,CUST10979,2026-06-09 16:14:00,topup,12555,e-wallet_ovo,USSD,DEVbfe9efdb,Medan,0
TXN0004179,CUST10680,2026-06-09 16:22:00,topup,35395,retail_counter,Web_Portal,DEV725f875a,Pekanbaru,0
TXN0004354,CUST10707,2026-06-09 16:45:00,topup,15587,e-wallet_ovo,USSD,DEV7a71ce7b,Malang,0
TXN0006016,CUST10967,2026-06-09 17:04:00,topup,56191,e-wallet_dana,Web_Portal,DEVd4961e60,Bandung,0
TXN0003869,CUST10633,2026-06-09 17:09:00,topup,5000,e-wallet_ovo,MyApp,DEVf44f5031,Pekanbaru,0
TXN0000388,CUST10064,2026-06-09 17:24:00,topup,28726,e-wallet_gopay,USSD,DEV7eef09ab,Denpasar,0
TXN0006733,CUST11085,2026-06-09 17:30:00,topup,9700,credit_card,MyApp,DEVf7b8a5e4,Bandung,0
TXN0004843,CUST10787,2026-06-09 17:41:00,topup,16466,credit_card,MyApp,DEV16251089,Pekanbaru,0
TXN0005450,CUST10878,2026-06-09 17:45:00,topup,33208,credit_card,Partner_Bank,DEV28791fa4,Makassar,0
TXN0006301,CUST11012,2026-06-09 18:07:00,topup,48614,retail_counter,MyApp,DEV7f4a3544,Medan,0
TXN0004153,CUST10675,2026-06-09 18:08:00,topup,27588,bank_transfer,Partner_Bank,DEV58a64190,Denpasar,0
TXN0001284,CUST10212,2026-06-09 18:12:00,topup,47069,virtual_account,MyApp,DEV9f8d367d,Yogyakarta,0
TXN0000428,CUST10070,2026-06-09 18:28:00,topup,5000,bank_transfer,Web_Portal,DEVb11af726,Surabaya,0
TXN0001511,CUST10257,2026-06-09 18:28:00,topup,18989,credit_card,USSD,DEV76b90472,Surabaya,0
TXN0002065,CUST10349,2026-06-09 18:43:00,topup,38445,e-wallet_dana,MyApp,DEV1d2d1771,Palembang,0
TXN0007198,CUST11163,2026-06-09 18:58:00,topup,13935,credit_card,Web_Portal,DEVa31ffadd,Bandung,0
TXN0007102,CUST11149,2026-06-09 18:59:00,topup,6154,virtual_account,USSD,DEVf81379f3,Medan,0
TXN0002125,CUST10359,2026-06-09 19:01:00,topup,18055,bank_transfer,MyApp,DEVd50cf57e,Semarang,0
TXN0006573,CUST11058,2026-06-09 19:31:00,topup,26773,credit_card,USSD,DEVf1f58294,Malang,0
TXN0001123,CUST10184,2026-06-09 19:31:00,topup,77598,bank_transfer,Retail_Outlet,DEV92811c92,Malang,0
TXN0002020,CUST10340,2026-06-09 19:41:00,topup,5000,e-wallet_dana,Web_Portal,DEV3de54ee2,Denpasar,0
TXN0005727,CUST10923,2026-06-09 19:50:00,topup,45566,virtual_account,Partner_Bank,DEV5f5e9c52,Denpasar,0
TXN0003012,CUST10500,2026-06-09 19:50:00,topup,15233,e-wallet_dana,Web_Portal,DEV7ef74fdb,Denpasar,0
TXN0007169,CUST11159,2026-06-09 19:59:00,topup,10542,bank_transfer,Web_Portal,DEV04ebb4a9,Semarang,0
TXN0000937,CUST10153,2026-06-09 20:20:00,topup,8039,virtual_account,Partner_Bank,DEV48d3d2ce,Pekanbaru,0
TXN0004851,CUST10789,2026-06-09 20:33:00,topup,9401,e-wallet_ovo,MyApp,DEVc4e57a92,Denpasar,0
TXN0005554,CUST10892,2026-06-09 20:34:00,topup,10589,e-wallet_ovo,Retail_Outlet,DEV93b91ea1,Yogyakarta,0
TXN0001903,CUST10324,2026-06-09 20:53:00,topup,27343,credit_card,Retail_Outlet,DEV3f91c419,Yogyakarta,0
TXN0007324,CUST11184,2026-06-09 21:06:00,topup,21375,e-wallet_dana,Retail_Outlet,DEVf2fb122f,Makassar,0
TXN0001395,CUST10238,2026-06-09 21:12:00,topup,6362,e-wallet_gopay,Retail_Outlet,DEVff3c6d4e,Denpasar,0
TXN0003872,CUST10633,2026-06-09 21:16:00,topup,18593,virtual_account,MyApp,DEVa1497b65,Pekanbaru,0
TXN0003537,CUST10582,2026-06-09 22:00:00,topup,25777,bank_transfer,MyApp,DEVb78a2037,Malang,0
TXN0002950,CUST10491,2026-06-09 22:06:00,topup,15649,e-wallet_gopay,MyApp,DEV96c2e045,Malang,0
TXN0004468,CUST10723,2026-06-09 22:15:00,topup,13249,bank_transfer,Retail_Outlet,DEV5938949e,Surabaya,0
TXN0007390,CUST11193,2026-06-09 22:19:00,topup,14928,credit_card,Web_Portal,DEV517e71e0,Denpasar,0
TXN0002981,CUST10495,2026-06-09 22:30:00,topup,38683,credit_card,Retail_Outlet,DEVedba84d1,Surabaya,0
TXN0004234,CUST10687,2026-06-09 22:45:00,topup,37617,e-wallet_gopay,Partner_Bank,DEV48acdcf8,Palembang,0
TXN0003433,CUST10567,2026-06-09 22:54:00,topup,18507,retail_counter,Web_Portal,DEV3d1fd7c0,Denpasar,0
TXN0003894,CUST10636,2026-06-10 06:06:00,topup,37794,e-wallet_dana,MyApp,DEVc790b84c,Bandung,0
TXN0006104,CUST10980,2026-06-10 06:07:00,topup,5000,virtual_account,USSD,DEV5fd24b9a,Makassar,0
TXN0004408,CUST10714,2026-06-10 06:17:00,topup,37624,bank_transfer,USSD,DEVf3b93ebe,Palembang,0
TXN0002672,CUST10445,2026-06-10 06:18:00,topup,31594,e-wallet_dana,Web_Portal,DEVbc5e3e2f,Jakarta,0
TXN0001678,CUST10288,2026-06-10 06:43:00,topup,26654,credit_card,Partner_Bank,DEV18b475b1,Malang,0
TXN0002044,CUST10344,2026-06-10 06:49:00,topup,63258,e-wallet_dana,Web_Portal,DEV294d25fc,Surabaya,0
TXN0001287,CUST10212,2026-06-10 06:59:00,topup,5000,e-wallet_dana,Partner_Bank,DEV6cbdd931,Yogyakarta,0
TXN0001656,CUST10284,2026-06-10 07:05:00,topup,15473,e-wallet_gopay,Retail_Outlet,DEV8f040721,Denpasar,0
TXN0004189,CUST10681,2026-06-10 07:20:00,topup,5000,retail_counter,MyApp,DEV91ae757c,Jakarta,0
TXN0004218,CUST10684,2026-06-10 07:23:00,topup,26352,credit_card,USSD,DEV8a9cfc8d,Medan,0
TXN0001500,CUST10256,2026-06-10 08:03:00,topup,38578,retail_counter,Web_Portal,DEV81145252,Pekanbaru,0
TXN0001906,CUST10324,2026-06-10 08:23:00,topup,10036,credit_card,Retail_Outlet,DEVf9723977,Yogyakarta,0
TXN0001640,CUST10282,2026-06-10 08:33:00,topup,5057,e-wallet_ovo,Web_Portal,DEV5c75352c,Semarang,0
TXN0006518,CUST11048,2026-06-10 08:45:00,topup,28412,retail_counter,Partner_Bank,DEV9bd39476,Jakarta,0
TXN0003445,CUST10568,2026-06-10 08:47:00,topup,42948,virtual_account,Retail_Outlet,DEVae7303c0,Semarang,0
TXN0006581,CUST11060,2026-06-10 09:23:00,topup,38489,e-wallet_gopay,MyApp,DEV907e5f2d,Jakarta,0
TXN0005071,CUST10824,2026-06-10 09:28:00,topup,35912,credit_card,Partner_Bank,DEVcb37a85d,Palembang,0
TXN0006266,CUST11007,2026-06-10 09:51:00,topup,5000,e-wallet_ovo,Web_Portal,DEVbb84711f,Surabaya,0
TXN0001918,CUST10326,2026-06-10 10:11:00,topup,15092,credit_card,USSD,DEV0a872ac2,Palembang,0
TXN0000813,CUST10135,2026-06-10 10:24:00,topup,18560,retail_counter,Partner_Bank,DEV16ed0330,Bandung,0
TXN0006176,CUST10992,2026-06-10 10:53:00,topup,5000,virtual_account,Partner_Bank,DEV80ff8beb,Yogyakarta,0
TXN0006845,CUST11106,2026-06-10 11:21:00,topup,29657,retail_counter,Web_Portal,DEV14420114,Bandung,0
TXN0003910,CUST10638,2026-06-10 11:25:00,topup,13360,e-wallet_gopay,USSD,DEVca957c2e,Yogyakarta,0
TXN0005641,CUST10909,2026-06-10 11:36:00,topup,16484,e-wallet_gopay,MyApp,DEVe0222432,Palembang,0
TXN0005115,CUST10830,2026-06-10 11:50:00,topup,5000,retail_counter,Partner_Bank,DEVc2b2315d,Denpasar,0
TXN0002916,CUST10486,2026-06-10 11:50:00,topup,5000,credit_card,USSD,DEVd4701dd2,Bandung,0
TXN0000961,CUST10157,2026-06-10 12:39:00,topup,18105,e-wallet_dana,Partner_Bank,DEVedbc36d8,Semarang,0
TXN0004007,CUST10653,2026-06-10 12:43:00,topup,23240,e-wallet_ovo,USSD,DEV3da34aca,Denpasar,0
TXN0002004,CUST10338,2026-06-10 13:13:00,topup,31616,e-wallet_dana,Partner_Bank,DEVcf5c8dd3,Jakarta,0
TXN0005417,CUST10872,2026-06-10 13:36:00,topup,33802,e-wallet_gopay,MyApp,DEVcf3eb0d7,Jakarta,0
TXN0001340,CUST10227,2026-06-10 13:39:00,topup,9815,retail_counter,Web_Portal,DEV87beb021,Balikpapan,0
TXN0007077,CUST11145,2026-06-10 14:11:00,topup,23456,retail_counter,Retail_Outlet,DEVd619e0ce,Balikpapan,0
TXN0005131,CUST10832,2026-06-10 14:47:00,topup,34231,e-wallet_dana,Retail_Outlet,DEV0e77b689,Semarang,0
TXN0002517,CUST10419,2026-06-10 14:52:00,topup,30396,e-wallet_dana,Retail_Outlet,DEVe8a44238,Pekanbaru,0
TXN0007603,CUST10907,2026-06-10 15:00:00,promo_bundle_redeem,0,promo_credit,MyApp,DEV019db91e,Bandung,1
TXN0001168,CUST10191,2026-06-10 15:12:00,topup,37431,e-wallet_dana,Retail_Outlet,DEVea8b31f5,Pekanbaru,0
TXN0005767,CUST10929,2026-06-10 15:26:00,topup,15859,bank_transfer,Partner_Bank,DEVcf3b6e13,Balikpapan,0
TXN0001600,CUST10276,2026-06-10 16:06:00,topup,27702,retail_counter,MyApp,DEVaab133ba,Jakarta,0
TXN0000115,CUST10018,2026-06-10 16:07:00,topup,20353,retail_counter,MyApp,DEV51397c06,Denpasar,0
TXN0001707,CUST10292,2026-06-10 16:20:00,topup,54627,credit_card,MyApp,DEVdb558642,Jakarta,0
TXN0002568,CUST10428,2026-06-10 16:22:00,topup,40182,bank_transfer,Retail_Outlet,DEV2efcd60c,Jakarta,0
TXN0004091,CUST10665,2026-06-10 16:38:00,topup,5000,e-wallet_ovo,USSD,DEVec02e881,Surabaya,0
TXN0004767,CUST10773,2026-06-10 16:47:00,topup,34996,retail_counter,USSD,DEV9f40ce6a,Palembang,0
TXN0007561,CUST10061,2026-06-10 17:00:00,promo_bundle_redeem,0,promo_credit,MyApp,DEV6c589836,Surabaya,1
TXN0000836,CUST10138,2026-06-10 17:43:00,topup,33051,e-wallet_dana,Retail_Outlet,DEV26f341c8,Yogyakarta,0
TXN0005303,CUST10856,2026-06-10 18:14:00,topup,42285,retail_counter,MyApp,DEV060fc65e,Surabaya,0
TXN0002383,CUST10398,2026-06-10 18:30:00,topup,35437,e-wallet_ovo,USSD,DEV95866982,Makassar,0
TXN0001755,CUST10300,2026-06-10 18:36:00,topup,31180,retail_counter,USSD,DEV0fb97b5d,Palembang,0
TXN0002266,CUST10381,2026-06-10 18:45:00,topup,5000,retail_counter,Retail_Outlet,DEVfae91634,Balikpapan,0
TXN0005573,CUST10896,2026-06-10 18:48:00,topup,23163,credit_card,Partner_Bank,DEV3e141965,Balikpapan,0
TXN0005729,CUST10923,2026-06-10 18:56:00,topup,23840,e-wallet_gopay,Retail_Outlet,DEV50aefe0d,Denpasar,0
TXN0002856,CUST10477,2026-06-10 19:22:00,topup,10600,virtual_account,Partner_Bank,DEV492d85a7,Surabaya,0
TXN0004558,CUST10738,2026-06-10 19:30:00,topup,5000,credit_card,MyApp,DEVc5a24d77,Jakarta,0
TXN0004487,CUST10727,2026-06-10 19:45:00,topup,21880,retail_counter,MyApp,DEV173e13d9,Pekanbaru,0
TXN0003244,CUST10535,2026-06-10 20:03:00,topup,39529,credit_card,USSD,DEVf01a5097,Malang,0
TXN0006517,CUST11048,2026-06-10 20:10:00,topup,28025,e-wallet_dana,Retail_Outlet,DEVafd063d6,Jakarta,0
TXN0006982,CUST11126,2026-06-10 20:38:00,topup,5000,e-wallet_gopay,Retail_Outlet,DEV0abdbcd1,Surabaya,0
TXN0006528,CUST11050,2026-06-10 20:50:00,topup,5000,e-wallet_gopay,USSD,DEV0ab6c155,Makassar,0
TXN0004930,CUST10801,2026-06-10 21:02:00,topup,40555,bank_transfer,Partner_Bank,DEV72557e4e,Makassar,0
TXN0005016,CUST10814,2026-06-10 21:16:00,topup,7758,bank_transfer,Partner_Bank,DEVe3fb7b87,Balikpapan,0
TXN0001099,CUST10179,2026-06-10 21:22:00,topup,24125,virtual_account,USSD,DEV55cf37ba,Makassar,0
TXN0006298,CUST11011,2026-06-10 21:24:00,topup,19704,e-wallet_dana,MyApp,DEV9c454443,Malang,0
TXN0000260,CUST10043,2026-06-10 21:31:00,topup,20999,e-wallet_ovo,Partner_Bank,DEVf3c2944a,Balikpapan,0
TXN0001672,CUST10287,2026-06-10 22:07:00,topup,5000,virtual_account,Partner_Bank,DEV04d07f29,Medan,0
TXN0007135,CUST11155,2026-06-10 22:30:00,topup,10989,credit_card,Retail_Outlet,DEV51cb3f06,Yogyakarta,0
TXN0005341,CUST10860,2026-06-10 22:34:00,topup,20212,e-wallet_gopay,Web_Portal,DEV314e9b45,Pekanbaru,0
TXN0003525,CUST10580,2026-06-10 22:40:00,topup,32423,bank_transfer,Partner_Bank,DEV5f843666,Semarang,0
TXN0000293,CUST10048,2026-06-10 22:57:00,topup,19318,e-wallet_gopay,MyApp,DEV24aa5685,Balikpapan,0
TXN0005664,CUST10912,2026-06-11 06:16:00,topup,19919,credit_card,Retail_Outlet,DEV9267e278,Bandung,0
TXN0004048,CUST10658,2026-06-11 06:33:00,topup,14997,bank_transfer,MyApp,DEVe5d20eae,Surabaya,0
TXN0000183,CUST10030,2026-06-11 06:44:00,topup,20292,e-wallet_gopay,MyApp,DEVfb95d0fc,Semarang,0
TXN0007094,CUST11148,2026-06-11 07:09:00,topup,30062,e-wallet_dana,Web_Portal,DEV6f77cc54,Malang,0
TXN0006314,CUST11014,2026-06-11 07:10:00,topup,22872,virtual_account,USSD,DEV1ff49019,Makassar,0
TXN0006143,CUST10986,2026-06-11 07:13:00,topup,50855,credit_card,MyApp,DEV9a36e49e,Makassar,0
TXN0006601,CUST11063,2026-06-11 07:16:00,topup,25762,retail_counter,Partner_Bank,DEV97be4ad9,Bandung,0
TXN0004497,CUST10728,2026-06-11 07:24:00,topup,8470,credit_card,MyApp,DEV040ebf47,Palembang,0
TXN0001263,CUST10209,2026-06-11 07:24:00,topup,17733,e-wallet_dana,Retail_Outlet,DEV9c8aa872,Palembang,0
TXN0001971,CUST10333,2026-06-11 07:33:00,topup,29508,e-wallet_ovo,MyApp,DEV27755e9d,Bandung,0
TXN0006589,CUST11062,2026-06-11 07:40:00,topup,28655,retail_counter,Partner_Bank,DEVcf61ea35,Balikpapan,0
TXN0003132,CUST10518,2026-06-11 07:42:00,topup,5000,bank_transfer,USSD,DEVfb04c6b1,Balikpapan,0
TXN0003434,CUST10567,2026-06-11 07:42:00,topup,14211,e-wallet_dana,MyApp,DEV4684833e,Denpasar,0
TXN0004980,CUST10808,2026-06-11 08:41:00,topup,5000,bank_transfer,MyApp,DEVce339ee0,Bandung,0
TXN0007416,CUST11198,2026-06-11 08:55:00,topup,5000,credit_card,MyApp,DEV2fb1eb40,Jakarta,0
TXN0004334,CUST10703,2026-06-11 09:08:00,topup,20472,credit_card,Partner_Bank,DEVbdcaf089,Palembang,0
TXN0003446,CUST10568,2026-06-11 09:12:00,topup,52730,bank_transfer,Partner_Bank,DEV55082167,Semarang,0
TXN0003737,CUST10613,2026-06-11 09:19:00,topup,30190,e-wallet_gopay,Retail_Outlet,DEV81b85934,Makassar,0
TXN0004357,CUST10707,2026-06-11 09:40:00,topup,37377,e-wallet_ovo,Retail_Outlet,DEV4cca3dda,Malang,0
TXN0002565,CUST10428,2026-06-11 09:42:00,topup,23411,e-wallet_ovo,MyApp,DEVfd063a58,Jakarta,0
TXN0002806,CUST10468,2026-06-11 09:47:00,topup,5000,e-wallet_dana,USSD,DEV470367f7,Bandung,0
TXN0007574,CUST10068,2026-06-11 10:00:00,promo_bundle_redeem,0,promo_credit,MyApp,DEV8f6a9f1b,Semarang,1
TXN0000736,CUST10123,2026-06-11 10:12:00,topup,38443,virtual_account,MyApp,DEVc3a6b204,Balikpapan,0
TXN0002677,CUST10445,2026-06-11 10:49:00,topup,26408,e-wallet_ovo,USSD,DEVa888e7af,Jakarta,0
TXN0004013,CUST10653,2026-06-11 10:56:00,topup,21443,e-wallet_ovo,Partner_Bank,DEV4719c1a8,Denpasar,0
TXN0006122,CUST10983,2026-06-11 10:58:00,topup,19751,e-wallet_ovo,Web_Portal,DEV4ba9008d,Yogyakarta,0
TXN0006433,CUST11034,2026-06-11 11:09:00,topup,34905,e-wallet_ovo,Retail_Outlet,DEVaa47bfc8,Surabaya,0
TXN0005710,CUST10921,2026-06-11 11:16:00,topup,19987,e-wallet_dana,USSD,DEV2553ff33,Bandung,0
TXN0006329,CUST11016,2026-06-11 11:25:00,topup,5000,e-wallet_gopay,MyApp,DEVae372e39,Semarang,0
TXN0002740,CUST10456,2026-06-11 11:30:00,topup,27434,virtual_account,Web_Portal,DEV4849032c,Semarang,0
TXN0004239,CUST10687,2026-06-11 12:06:00,topup,12684,bank_transfer,USSD,DEV1c526dd1,Palembang,0
TXN0006611,CUST11065,2026-06-11 12:09:00,topup,57295,virtual_account,Web_Portal,DEV1d3c9859,Yogyakarta,0
TXN0004852,CUST10789,2026-06-11 12:33:00,topup,13880,e-wallet_dana,Retail_Outlet,DEV80ed319c,Denpasar,0
TXN0004278,CUST10692,2026-06-11 12:35:00,topup,24732,credit_card,Web_Portal,DEV3eaf5f08,Jakarta,0
TXN0004420,CUST10717,2026-06-11 12:40:00,topup,45517,virtual_account,Partner_Bank,DEV8fd48278,Makassar,0
TXN0002767,CUST10462,2026-06-11 12:42:00,topup,5000,e-wallet_dana,Web_Portal,DEV71f34593,Yogyakarta,0
TXN0004455,CUST10721,2026-06-11 12:42:00,topup,38821,bank_transfer,Partner_Bank,DEV66c67afa,Surabaya,0
TXN0002353,CUST10393,2026-06-11 12:44:00,topup,5000,bank_transfer,Web_Portal,DEVcea95510,Malang,0
TXN0006988,CUST11127,2026-06-11 12:46:00,topup,33459,bank_transfer,Retail_Outlet,DEV636f1e3d,Makassar,0
TXN0000862,CUST10142,2026-06-11 12:55:00,topup,26623,virtual_account,Web_Portal,DEVf9287d26,Semarang,0
TXN0001292,CUST10213,2026-06-11 12:56:00,topup,39535,virtual_account,Partner_Bank,DEV7bb775d4,Medan,0
TXN0000661,CUST10111,2026-06-11 13:21:00,topup,7898,credit_card,Web_Portal,DEV893e2b89,Surabaya,0
TXN0003619,CUST10595,2026-06-11 13:21:00,topup,5000,bank_transfer,USSD,DEVa01ed90e,Bandung,0
TXN0006344,CUST11018,2026-06-11 13:23:00,topup,23814,credit_card,Partner_Bank,DEVc1886c58,Bandung,0
TXN0006833,CUST11102,2026-06-11 13:34:00,topup,5000,e-wallet_gopay,USSD,DEV50e5b83b,Denpasar,0
TXN0002858,CUST10477,2026-06-11 13:42:00,topup,13438,e-wallet_dana,Partner_Bank,DEVf2ca2002,Surabaya,0
TXN0004829,CUST10784,2026-06-11 13:50:00,topup,27345,e-wallet_dana,Retail_Outlet,DEV3082d7e6,Surabaya,0
TXN0003327,CUST10549,2026-06-11 13:55:00,topup,5000,e-wallet_gopay,Web_Portal,DEV1a574cee,Yogyakarta,0
TXN0000001,CUST10000,2026-06-11 14:03:00,topup,19196,e-wallet_gopay,Partner_Bank,DEV92502e59,Malang,0
TXN0004317,CUST10700,2026-06-11 14:12:00,topup,15358,virtual_account,Web_Portal,DEV82330e6e,Medan,0
TXN0003043,CUST10505,2026-06-11 14:20:00,topup,14275,e-wallet_ovo,MyApp,DEVebf3ef99,Bandung,0
TXN0001184,CUST10195,2026-06-11 14:27:00,topup,5000,bank_transfer,Retail_Outlet,DEV5711d5fd,Yogyakarta,0
TXN0006535,CUST11052,2026-06-11 14:43:00,topup,53714,retail_counter,USSD,DEV615a443c,Bandung,0
TXN0004708,CUST10765,2026-06-11 14:43:00,topup,5000,virtual_account,Partner_Bank,DEVfc4a013f,Bandung,0
TXN0007284,CUST11177,2026-06-11 15:18:00,topup,21620,e-wallet_ovo,Partner_Bank,DEVaec13f6e,Yogyakarta,0
TXN0002289,CUST10385,2026-06-11 15:23:00,topup,7756,retail_counter,Partner_Bank,DEVb8a1e477,Denpasar,0
TXN0000456,CUST10075,2026-06-11 16:01:00,topup,24300,retail_counter,Retail_Outlet,DEV257c54bc,Surabaya,0
TXN0002783,CUST10465,2026-06-11 16:17:00,topup,35262,e-wallet_ovo,USSD,DEVa6d5dac6,Surabaya,0
TXN0001139,CUST10187,2026-06-11 16:39:00,topup,5000,bank_transfer,Retail_Outlet,DEV933c8d00,Balikpapan,0
TXN0006356,CUST11020,2026-06-11 16:47:00,topup,43259,bank_transfer,USSD,DEV4b2ca54d,Malang,0
TXN0004838,CUST10786,2026-06-11 16:49:00,topup,5000,e-wallet_ovo,MyApp,DEVb70bc594,Yogyakarta,0
TXN0001004,CUST10165,2026-06-11 16:51:00,topup,5000,e-wallet_ovo,USSD,DEV4572b385,Semarang,0
TXN0005422,CUST10874,2026-06-11 17:08:00,topup,21117,e-wallet_gopay,Partner_Bank,DEVabd13f1a,Palembang,0
TXN0003988,CUST10650,2026-06-11 17:15:00,topup,5000,credit_card,MyApp,DEVc4596172,Balikpapan,0
TXN0002054,CUST10346,2026-06-11 17:32:00,topup,17045,e-wallet_gopay,Retail_Outlet,DEV297a8503,Balikpapan,0
TXN0001581,CUST10273,2026-06-11 17:44:00,topup,12293,e-wallet_dana,Retail_Outlet,DEV81e58eee,Palembang,0
TXN0005765,CUST10929,2026-06-11 17:46:00,topup,39740,credit_card,USSD,DEVf1d799af,Balikpapan,0
TXN0002825,CUST10471,2026-06-11 17:47:00,topup,39429,retail_counter,MyApp,DEV460db751,Yogyakarta,0
TXN0004834,CUST10786,2026-06-11 17:48:00,topup,5000,e-wallet_gopay,Retail_Outlet,DEV1d480843,Yogyakarta,0
TXN0006238,CUST11002,2026-06-11 18:18:00,topup,39409,e-wallet_dana,Retail_Outlet,DEVee3ada8b,Semarang,0
TXN0000454,CUST10075,2026-06-11 18:23:00,topup,20287,e-wallet_dana,MyApp,DEV4458b006,Surabaya,0
TXN0003649,CUST10600,2026-06-11 18:32:00,topup,53510,virtual_account,Retail_Outlet,DEV7a438217,Jakarta,0
TXN0005865,CUST10940,2026-06-11 18:37:00,topup,5000,bank_transfer,Partner_Bank,DEV35868ed1,Jakarta,0
TXN0006246,CUST11004,2026-06-11 18:38:00,topup,8917,e-wallet_ovo,Web_Portal,DEVfef44a33,Palembang,0
TXN0001396,CUST10239,2026-06-11 19:11:00,topup,9601,e-wallet_dana,MyApp,DEV5d87edd2,Denpasar,0
TXN0005689,CUST10918,2026-06-11 19:11:00,topup,41237,e-wallet_ovo,USSD,DEV4ad5433b,Yogyakarta,0
TXN0004265,CUST10691,2026-06-11 19:12:00,topup,44094,e-wallet_ovo,USSD,DEVca359116,Yogyakarta,0
TXN0004085,CUST10664,2026-06-11 19:13:00,topup,24054,e-wallet_ovo,Retail_Outlet,DEVa560c775,Pekanbaru,0
TXN0006450,CUST11036,2026-06-11 19:31:00,topup,36805,retail_counter,Web_Portal,DEV9522496e,Palembang,0
TXN0000932,CUST10153,2026-06-11 19:32:00,topup,5000,e-wallet_dana,USSD,DEV3d9ffe59,Pekanbaru,0
TXN0001434,CUST10244,2026-06-11 19:59:00,topup,5000,bank_transfer,Partner_Bank,DEV102f4f5c,Medan,0
TXN0002097,CUST10355,2026-06-11 20:00:00,topup,5268,e-wallet_ovo,Web_Portal,DEVc528ac36,Palembang,0
TXN0004149,CUST10674,2026-06-11 20:05:00,topup,5000,virtual_account,USSD,DEV7b0c036b,Pekanbaru,0
TXN0000108,CUST10017,2026-06-11 20:24:00,topup,25237,e-wallet_dana,Retail_Outlet,DEV1c654aa2,Bandung,0
TXN0001122,CUST10184,2026-06-11 20:25:00,topup,39087,e-wallet_dana,Retail_Outlet,DEVa9325ae1,Malang,0
TXN0006826,CUST11100,2026-06-11 20:33:00,topup,20895,e-wallet_ovo,Web_Portal,DEV02580dcb,Malang,0
TXN0000254,CUST10043,2026-06-11 20:39:00,topup,23042,e-wallet_dana,MyApp,DEVf76b9723,Balikpapan,0
TXN0002075,CUST10350,2026-06-11 21:02:00,topup,26334,retail_counter,USSD,DEVc81a5f0f,Yogyakarta,0
TXN0006953,CUST11122,2026-06-11 21:03:00,topup,9027,credit_card,Partner_Bank,DEVb97938ac,Jakarta,0
TXN0003157,CUST10521,2026-06-11 21:18:00,topup,5000,e-wallet_gopay,Retail_Outlet,DEV03d33907,Balikpapan,0
TXN0006435,CUST11034,2026-06-11 21:42:00,topup,8380,e-wallet_gopay,Web_Portal,DEV76d9d64d,Surabaya,0
TXN0005179,CUST10837,2026-06-11 21:45:00,topup,23071,retail_counter,Web_Portal,DEV28d42725,Pekanbaru,0
TXN0006822,CUST11100,2026-06-11 21:50:00,topup,18827,e-wallet_ovo,Partner_Bank,DEVc53a8da2,Malang,0
TXN0000654,CUST10109,2026-06-11 22:09:00,topup,67154,bank_transfer,Web_Portal,DEV41ff81d1,Yogyakarta,0
TXN0001668,CUST10286,2026-06-11 22:43:00,topup,23729,virtual_account,Web_Portal,DEVb1b9fd9d,Jakarta,0
TXN0001949,CUST10330,2026-06-11 22:47:00,topup,5000,virtual_account,Retail_Outlet,DEV7f843004,Malang,0
TXN0000258,CUST10043,2026-06-11 22:47:00,topup,41501,e-wallet_gopay,Retail_Outlet,DEV46c79b36,Balikpapan,0
TXN0000211,CUST10035,2026-06-11 22:57:00,topup,6220,retail_counter,Partner_Bank,DEV567e642e,Semarang,0
TXN0001759,CUST10301,2026-06-12 06:06:00,topup,5000,e-wallet_dana,USSD,DEV616d41c8,Palembang,0
TXN0001888,CUST10322,2026-06-12 06:10:00,topup,10352,e-wallet_dana,Retail_Outlet,DEV99b3568d,Makassar,0
TXN0003942,CUST10643,2026-06-12 06:41:00,topup,40110,e-wallet_gopay,Web_Portal,DEV1579bc24,Semarang,0
TXN0005773,CUST10930,2026-06-12 07:09:00,topup,24877,e-wallet_gopay,USSD,DEVcfef7fd7,Jakarta,0
TXN0004220,CUST10684,2026-06-12 07:45:00,topup,38404,e-wallet_gopay,Retail_Outlet,DEV51d41c6a,Medan,0
TXN0001523,CUST10261,2026-06-12 07:47:00,topup,46517,retail_counter,Web_Portal,DEV5d2e7b90,Palembang,0
TXN0007245,CUST11171,2026-06-12 08:00:00,topup,27898,e-wallet_gopay,Partner_Bank,DEVe89afbfe,Denpasar,0
TXN0002016,CUST10339,2026-06-12 08:13:00,topup,5000,e-wallet_dana,MyApp,DEV2296d3f6,Pekanbaru,0
TXN0007255,CUST11173,2026-06-12 09:02:00,topup,59806,credit_card,Web_Portal,DEVf20d3aea,Balikpapan,0
TXN0004746,CUST10770,2026-06-12 09:08:00,topup,52328,e-wallet_ovo,Web_Portal,DEV2d6acdd4,Makassar,0
TXN0003778,CUST10619,2026-06-12 09:30:00,topup,17350,virtual_account,MyApp,DEV1391d18a,Jakarta,0
TXN0000184,CUST10031,2026-06-12 10:14:00,topup,16215,bank_transfer,MyApp,DEVf3025d16,Bandung,0
TXN0003855,CUST10631,2026-06-12 10:16:00,topup,7990,credit_card,Web_Portal,DEVf2fda085,Malang,0
TXN0007320,CUST11184,2026-06-12 10:33:00,topup,40759,e-wallet_ovo,Web_Portal,DEV52105009,Makassar,0
TXN0005661,CUST10912,2026-06-12 10:50:00,topup,36700,e-wallet_gopay,Web_Portal,DEVf70fdc0c,Bandung,0
TXN0003409,CUST10563,2026-06-12 10:53:00,topup,40633,e-wallet_dana,Partner_Bank,DEV1b0c9092,Pekanbaru,0
TXN0007604,CUST10907,2026-06-12 11:00:00,promo_bundle_redeem,0,promo_credit,MyApp,DEV3aa74acf,Bandung,1
TXN0006877,CUST11110,2026-06-12 11:03:00,topup,29665,e-wallet_gopay,Web_Portal,DEVfbb8d9fe,Medan,0
TXN0001725,CUST10296,2026-06-12 11:21:00,topup,27860,e-wallet_dana,Web_Portal,DEV82ec0fc3,Jakarta,0
TXN0001316,CUST10220,2026-06-12 11:21:00,topup,13511,e-wallet_dana,USSD,DEV408669bb,Yogyakarta,0
TXN0001456,CUST10247,2026-06-12 11:22:00,topup,5000,e-wallet_dana,MyApp,DEV81ee30e4,Bandung,0
TXN0004644,CUST10755,2026-06-12 11:42:00,topup,5015,virtual_account,MyApp,DEVdd088545,Balikpapan,0
TXN0000515,CUST10084,2026-06-12 11:53:00,topup,57419,e-wallet_gopay,Retail_Outlet,DEV6f6bbdf3,Jakarta,0
TXN0007562,CUST10061,2026-06-12 12:00:00,promo_bundle_redeem,0,promo_credit,MyApp,DEV599a20f1,Surabaya,1
TXN0005322,CUST10859,2026-06-12 12:04:00,topup,5000,retail_counter,Web_Portal,DEV5f321f6d,Denpasar,0
TXN0000786,CUST10131,2026-06-12 12:11:00,topup,23966,retail_counter,Partner_Bank,DEVe33fc52c,Makassar,0
TXN0000340,CUST10055,2026-06-12 12:11:00,topup,37153,e-wallet_ovo,MyApp,DEV68e5c8cd,Semarang,0
TXN0004663,CUST10758,2026-06-12 12:23:00,topup,71892,virtual_account,Partner_Bank,DEVce1eaeb5,Malang,0
TXN0007113,CUST11150,2026-06-12 13:01:00,topup,7878,virtual_account,MyApp,DEV0ae19e7e,Medan,0
TXN0002524,CUST10421,2026-06-12 13:03:00,topup,18235,e-wallet_gopay,Retail_Outlet,DEV833334f6,Medan,0
TXN0004784,CUST10776,2026-06-12 13:58:00,topup,46399,e-wallet_gopay,Retail_Outlet,DEVc12e3882,Surabaya,0
TXN0007405,CUST11195,2026-06-12 14:42:00,topup,11440,credit_card,USSD,DEV31ea2821,Semarang,0
TXN0003512,CUST10577,2026-06-12 14:45:00,topup,28645,e-wallet_ovo,MyApp,DEV3313f36c,Pekanbaru,0
TXN0002479,CUST10413,2026-06-12 14:46:00,topup,33394,retail_counter,MyApp,DEV6e9c92ba,Yogyakarta,0
TXN0003980,CUST10648,2026-06-12 14:51:00,topup,15951,bank_transfer,Web_Portal,DEV1806699f,Semarang,0
TXN0005055,CUST10820,2026-06-12 15:00:00,topup,25595,bank_transfer,MyApp,DEV9b99f012,Jakarta,0
TXN0006278,CUST11008,2026-06-12 15:26:00,topup,16397,e-wallet_gopay,USSD,DEVb1195d16,Surabaya,0
TXN0005926,CUST10950,2026-06-12 15:35:00,topup,16626,virtual_account,Retail_Outlet,DEV5502ec67,Bandung,0
TXN0000698,CUST10117,2026-06-12 15:44:00,topup,23510,virtual_account,MyApp,DEV58f42098,Pekanbaru,0
TXN0006478,CUST11040,2026-06-12 16:11:00,topup,5000,e-wallet_dana,Web_Portal,DEVc27eb09a,Semarang,0
TXN0006949,CUST11121,2026-06-12 16:13:00,topup,5000,virtual_account,MyApp,DEVb7017485,Makassar,0
TXN0005961,CUST10957,2026-06-12 16:33:00,topup,5000,e-wallet_gopay,Retail_Outlet,DEVa2fcab34,Bandung,0
TXN0004197,CUST10682,2026-06-12 16:39:00,topup,5000,retail_counter,Retail_Outlet,DEVb8ba61b8,Palembang,0
TXN0003276,CUST10541,2026-06-12 16:46:00,topup,32437,e-wallet_ovo,USSD,DEV3b20d154,Surabaya,0
TXN0000179,CUST10030,2026-06-12 17:06:00,topup,30916,bank_transfer,Web_Portal,DEV3c53090e,Semarang,0
TXN0003080,CUST10510,2026-06-12 17:14:00,topup,9929,e-wallet_ovo,Partner_Bank,DEV5cc624ef,Pekanbaru,0
TXN0006540,CUST11052,2026-06-12 17:28:00,topup,25261,virtual_account,USSD,DEV2d17534a,Bandung,0
TXN0005616,CUST10903,2026-06-12 17:46:00,topup,29830,e-wallet_dana,USSD,DEVaa8fb624,Pekanbaru,0
TXN0000894,CUST10146,2026-06-12 17:55:00,topup,10208,e-wallet_gopay,MyApp,DEVd1ad3e51,Semarang,0
TXN0005934,CUST10952,2026-06-12 17:59:00,topup,5000,virtual_account,Partner_Bank,DEV2a257ecc,Denpasar,0
TXN0002593,CUST10432,2026-06-12 18:00:00,topup,17206,e-wallet_ovo,Retail_Outlet,DEVb7014925,Surabaya,0
TXN0000814,CUST10135,2026-06-12 18:10:00,topup,60272,bank_transfer,Partner_Bank,DEV6986305a,Bandung,0
TXN0004436,CUST10719,2026-06-12 18:15:00,topup,43264,credit_card,Web_Portal,DEV0f6eed31,Semarang,0
TXN0005551,CUST10892,2026-06-12 18:57:00,topup,24762,e-wallet_ovo,Partner_Bank,DEVcfcae6b9,Yogyakarta,0
TXN0003502,CUST10575,2026-06-12 19:09:00,topup,12593,bank_transfer,USSD,DEVeb1313b7,Surabaya,0
TXN0004431,CUST10718,2026-06-12 19:15:00,topup,8908,e-wallet_ovo,Partner_Bank,DEVf8b03457,Denpasar,0
TXN0002663,CUST10443,2026-06-12 19:20:00,topup,5000,bank_transfer,Partner_Bank,DEV0692fe02,Denpasar,0
TXN0001945,CUST10330,2026-06-12 19:28:00,topup,19092,e-wallet_gopay,Web_Portal,DEVa9c3640d,Malang,0
TXN0003919,CUST10639,2026-06-12 19:28:00,topup,29916,e-wallet_dana,Web_Portal,DEV0528d309,Pekanbaru,0
TXN0004817,CUST10781,2026-06-12 19:29:00,topup,14725,e-wallet_dana,MyApp,DEVea4d7ed8,Palembang,0
TXN0005218,CUST10843,2026-06-12 19:30:00,topup,40668,e-wallet_gopay,MyApp,DEV58f1a399,Yogyakarta,0
TXN0005510,CUST10887,2026-06-12 19:37:00,topup,15583,e-wallet_gopay,Retail_Outlet,DEV3466b8f9,Balikpapan,0
TXN0007407,CUST11195,2026-06-12 19:40:00,topup,5000,e-wallet_ovo,Web_Portal,DEVd3d17709,Semarang,0
TXN0005336,CUST10860,2026-06-12 19:49:00,topup,9058,e-wallet_gopay,USSD,DEVa07f3385,Pekanbaru,0
TXN0007177,CUST11160,2026-06-12 20:01:00,topup,25330,e-wallet_gopay,Partner_Bank,DEV37c20000,Palembang,0
TXN0000538,CUST10089,2026-06-12 20:22:00,topup,20910,credit_card,USSD,DEVa5df6f85,Medan,0
TXN0000586,CUST10097,2026-06-12 20:23:00,topup,35019,bank_transfer,Retail_Outlet,DEVaf2537f5,Denpasar,0
TXN0001982,CUST10335,2026-06-12 20:25:00,topup,5000,virtual_account,MyApp,DEVf9285706,Makassar,0
TXN0005981,CUST10961,2026-06-12 20:39:00,topup,37331,retail_counter,Partner_Bank,DEVea4cd607,Surabaya,0
TXN0005864,CUST10940,2026-06-12 20:54:00,topup,33247,credit_card,Retail_Outlet,DEV96b0356c,Jakarta,0
TXN0002673,CUST10445,2026-06-12 20:54:00,topup,49465,e-wallet_ovo,Retail_Outlet,DEV3bca7ff6,Jakarta,0
TXN0006647,CUST11071,2026-06-12 21:34:00,topup,7662,e-wallet_gopay,Retail_Outlet,DEV7e29bddc,Yogyakarta,0
TXN0005987,CUST10962,2026-06-12 21:35:00,topup,12255,e-wallet_ovo,Partner_Bank,DEV300c0f07,Bandung,0
TXN0005224,CUST10844,2026-06-12 21:42:00,topup,35834,e-wallet_dana,Partner_Bank,DEV777028e6,Balikpapan,0
TXN0005669,CUST10913,2026-06-12 21:50:00,topup,5000,e-wallet_ovo,Retail_Outlet,DEV65126fe3,Bandung,0
TXN0001014,CUST10167,2026-06-12 21:54:00,topup,37536,e-wallet_dana,Web_Portal,DEVf77fa3a7,Yogyakarta,0
TXN0000007,CUST10000,2026-06-12 22:04:00,topup,5163,e-wallet_ovo,Web_Portal,DEV161d5c87,Malang,0
TXN0006306,CUST11013,2026-06-12 22:07:00,topup,46874,retail_counter,USSD,DEV863e3610,Yogyakarta,0
TXN0006576,CUST11059,2026-06-12 22:28:00,topup,42264,e-wallet_ovo,MyApp,DEVa1b95e07,Denpasar,0
TXN0000861,CUST10142,2026-06-12 22:29:00,topup,28545,bank_transfer,Partner_Bank,DEV0d559b64,Semarang,0
TXN0007181,CUST11161,2026-06-12 22:42:00,topup,49820,credit_card,Web_Portal,DEV64836ec2,Surabaya,0
TXN0003531,CUST10581,2026-06-12 22:49:00,topup,22406,bank_transfer,USSD,DEV15ac37f0,Makassar,0
TXN0006282,CUST11008,2026-06-12 22:55:00,topup,24334,e-wallet_ovo,Web_Portal,DEVa5fb9e9a,Surabaya,0
TXN0005271,CUST10850,2026-06-12 22:59:00,topup,32643,e-wallet_ovo,Web_Portal,DEV61458972,Pekanbaru,0
TXN0002886,CUST10480,2026-06-13 06:17:00,topup,48249,virtual_account,USSD,DEV0182144d,Makassar,0
TXN0006865,CUST11109,2026-06-13 06:21:00,topup,14703,credit_card,USSD,DEVcc02ae53,Balikpapan,0
TXN0000914,CUST10149,2026-06-13 06:41:00,topup,21027,e-wallet_gopay,Web_Portal,DEVbbfb1b71,Yogyakarta,0
TXN0001408,CUST10241,2026-06-13 06:44:00,topup,16604,e-wallet_gopay,MyApp,DEVa4b65cfa,Semarang,0
TXN0003995,CUST10651,2026-06-13 07:16:00,topup,27637,credit_card,Web_Portal,DEV935e2c27,Medan,0
TXN0002133,CUST10360,2026-06-13 07:23:00,topup,41430,e-wallet_ovo,USSD,DEVbeea002a,Makassar,0
TXN0007226,CUST11167,2026-06-13 07:29:00,topup,46924,e-wallet_ovo,USSD,DEV9ba585ae,Balikpapan,0
TXN0003379,CUST10558,2026-06-13 07:31:00,topup,26168,retail_counter,Web_Portal,DEV39f18027,Malang,0
TXN0005970,CUST10959,2026-06-13 07:35:00,topup,21458,retail_counter,Retail_Outlet,DEV0a148b9f,Medan,0
TXN0001790,CUST10306,2026-06-13 07:37:00,topup,17894,e-wallet_ovo,USSD,DEV4052e3a5,Jakarta,0
TXN0000930,CUST10152,2026-06-13 07:41:00,topup,19345,bank_transfer,MyApp,DEV698f546d,Pekanbaru,0
TXN0006013,CUST10966,2026-06-13 07:45:00,topup,23666,e-wallet_gopay,Partner_Bank,DEV05c208e0,Surabaya,0
TXN0001568,CUST10269,2026-06-13 08:07:00,topup,22474,e-wallet_dana,MyApp,DEVb546c5c0,Bandung,0
TXN0006219,CUST10999,2026-06-13 08:20:00,topup,5000,retail_counter,Retail_Outlet,DEV1f0b2be6,Surabaya,0
TXN0004678,CUST10760,2026-06-13 08:21:00,topup,23834,bank_transfer,USSD,DEVea299a22,Jakarta,0
TXN0004313,CUST10699,2026-06-13 08:26:00,topup,37256,credit_card,Retail_Outlet,DEVdbf11941,Jakarta,0
TXN0005008,CUST10812,2026-06-13 08:36:00,topup,14713,bank_transfer,Partner_Bank,DEV1fbf23bb,Denpasar,0
TXN0004047,CUST10658,2026-06-13 08:39:00,topup,6342,retail_counter,Retail_Outlet,DEVac0798c7,Surabaya,0
TXN0002829,CUST10471,2026-06-13 08:52:00,topup,20777,e-wallet_ovo,Partner_Bank,DEVe0218caf,Yogyakarta,0
TXN0006883,CUST11112,2026-06-13 08:53:00,topup,13248,e-wallet_dana,Retail_Outlet,DEV89f515e0,Palembang,0
TXN0002160,CUST10363,2026-06-13 09:16:00,topup,8201,credit_card,MyApp,DEV1c3efda4,Medan,0
TXN0006170,CUST10991,2026-06-13 09:24:00,topup,37324,e-wallet_dana,Partner_Bank,DEVf58f9bdd,Medan,0
TXN0003885,CUST10635,2026-06-13 09:27:00,topup,14923,virtual_account,Partner_Bank,DEVd9da5f47,Bandung,0
TXN0001928,CUST10328,2026-06-13 10:08:00,topup,5000,virtual_account,MyApp,DEVed3d5159,Pekanbaru,0
TXN0001695,CUST10290,2026-06-13 10:18:00,topup,41363,retail_counter,Retail_Outlet,DEVd5b1a96a,Malang,0
TXN0003530,CUST10581,2026-06-13 10:34:00,topup,8461,virtual_account,Web_Portal,DEV849c30c6,Makassar,0
TXN0007351,CUST11188,2026-06-13 10:49:00,topup,22025,bank_transfer,Web_Portal,DEV3309cd89,Makassar,0
TXN0002630,CUST10439,2026-06-13 11:35:00,topup,45605,e-wallet_gopay,Retail_Outlet,DEV01a4c2d1,Malang,0
TXN0006976,CUST11126,2026-06-13 11:48:00,topup,17993,virtual_account,Retail_Outlet,DEVb43e9061,Surabaya,0
TXN0005009,CUST10812,2026-06-13 12:13:00,topup,30298,e-wallet_dana,USSD,DEV302dc72b,Denpasar,0
TXN0006090,CUST10978,2026-06-13 12:22:00,topup,5000,e-wallet_dana,Retail_Outlet,DEV6e06f176,Jakarta,0
TXN0005079,CUST10825,2026-06-13 12:37:00,topup,22754,e-wallet_gopay,Retail_Outlet,DEV25fa9f8d,Bandung,0
TXN0000966,CUST10158,2026-06-13 12:44:00,topup,5000,e-wallet_gopay,USSD,DEVac735be0,Malang,0
TXN0003791,CUST10621,2026-06-13 12:50:00,topup,5000,e-wallet_gopay,Web_Portal,DEV6b2b0c27,Makassar,0
TXN0006039,CUST10971,2026-06-13 12:58:00,topup,23795,e-wallet_gopay,Partner_Bank,DEV7f258778,Balikpapan,0
TXN0007326,CUST11185,2026-06-13 13:04:00,topup,24333,virtual_account,USSD,DEV9f6e292a,Medan,0
TXN0006424,CUST11032,2026-06-13 13:13:00,topup,18031,virtual_account,MyApp,DEV9b48c6fb,Jakarta,0
TXN0006303,CUST11012,2026-06-13 13:19:00,topup,46904,e-wallet_gopay,Partner_Bank,DEV84203c0c,Medan,0
TXN0003615,CUST10594,2026-06-13 13:39:00,topup,9442,e-wallet_ovo,Retail_Outlet,DEV351d1137,Malang,0
TXN0003830,CUST10627,2026-06-13 13:42:00,topup,50932,e-wallet_ovo,Retail_Outlet,DEV47543604,Makassar,0
TXN0004935,CUST10802,2026-06-13 13:48:00,topup,38510,credit_card,USSD,DEV68e0c800,Semarang,0
TXN0001767,CUST10303,2026-06-13 13:54:00,topup,8180,e-wallet_gopay,Web_Portal,DEV6c27316b,Balikpapan,0
TXN0000196,CUST10032,2026-06-13 14:00:00,topup,14765,bank_transfer,Retail_Outlet,DEV966b62ea,Yogyakarta,0
TXN0004217,CUST10683,2026-06-13 14:05:00,topup,12846,e-wallet_ovo,MyApp,DEV6bb73dac,Palembang,0
TXN0002213,CUST10372,2026-06-13 14:25:00,topup,8698,e-wallet_gopay,Retail_Outlet,DEV8121c051,Semarang,0
TXN0005076,CUST10825,2026-06-13 14:32:00,topup,11992,e-wallet_gopay,Retail_Outlet,DEV3fc4f4d0,Bandung,0
TXN0002470,CUST10412,2026-06-13 14:32:00,topup,7779,virtual_account,MyApp,DEV3f30ea12,Malang,0
TXN0002249,CUST10379,2026-06-13 14:43:00,topup,11262,e-wallet_gopay,Retail_Outlet,DEV0273be68,Semarang,0
TXN0003164,CUST10522,2026-06-13 14:47:00,topup,5000,e-wallet_gopay,Web_Portal,DEVb5ed7ce8,Surabaya,0
TXN0001920,CUST10326,2026-06-13 14:49:00,topup,14715,e-wallet_gopay,Partner_Bank,DEV56d44952,Palembang,0
TXN0003741,CUST10614,2026-06-13 14:50:00,topup,5000,e-wallet_gopay,Web_Portal,DEV0420521e,Jakarta,0
TXN0007575,CUST10068,2026-06-13 15:00:00,promo_bundle_redeem,0,promo_credit,MyApp,DEVb4c21dd6,Semarang,1
TXN0005979,CUST10961,2026-06-13 15:10:00,topup,5000,credit_card,Partner_Bank,DEVdd811c65,Surabaya,0
TXN0005252,CUST10848,2026-06-13 15:17:00,topup,11196,credit_card,USSD,DEV35910434,Palembang,0
TXN0006980,CUST11126,2026-06-13 15:26:00,topup,42361,e-wallet_dana,MyApp,DEVd164d651,Surabaya,0
TXN0000265,CUST10044,2026-06-13 15:26:00,topup,31615,e-wallet_dana,USSD,DEV23d26b8d,Makassar,0
TXN0002660,CUST10442,2026-06-13 15:45:00,topup,36314,e-wallet_dana,MyApp,DEVce67b962,Denpasar,0
TXN0000128,CUST10021,2026-06-13 15:58:00,topup,29015,retail_counter,Retail_Outlet,DEV13eb22c9,Balikpapan,0
TXN0000543,CUST10090,2026-06-13 16:07:00,topup,15365,bank_transfer,MyApp,DEV35c606b5,Surabaya,0
TXN0000566,CUST10093,2026-06-13 16:08:00,topup,33591,e-wallet_ovo,Partner_Bank,DEV54e14f3a,Pekanbaru,0
TXN0002031,CUST10341,2026-06-13 16:30:00,topup,7709,e-wallet_ovo,Retail_Outlet,DEV6e89a7a8,Palembang,0
TXN0002248,CUST10379,2026-06-13 16:31:00,topup,12115,credit_card,USSD,DEV9bd972ca,Semarang,0
TXN0000019,CUST10002,2026-06-13 16:40:00,topup,34391,credit_card,Retail_Outlet,DEVbcf2fc3b,Makassar,0
TXN0000401,CUST10067,2026-06-13 16:47:00,topup,13137,virtual_account,Web_Portal,DEVe3de4ec0,Medan,0
TXN0003290,CUST10543,2026-06-13 16:53:00,topup,39379,retail_counter,Web_Portal,DEV319ec58b,Pekanbaru,0
TXN0003096,CUST10512,2026-06-13 17:10:00,topup,35674,virtual_account,Partner_Bank,DEV0331bd0d,Palembang,0
TXN0001515,CUST10258,2026-06-13 17:12:00,topup,44518,bank_transfer,Partner_Bank,DEVa0970ff4,Surabaya,0
TXN0006614,CUST11066,2026-06-13 17:17:00,topup,8991,e-wallet_ovo,Retail_Outlet,DEVad2654a4,Jakarta,0
TXN0002212,CUST10372,2026-06-13 17:25:00,topup,6826,e-wallet_dana,Web_Portal,DEV3c8aae87,Semarang,0
TXN0006292,CUST11010,2026-06-13 17:54:00,topup,5000,e-wallet_gopay,Retail_Outlet,DEV7a44167a,Yogyakarta,0
TXN0007184,CUST11161,2026-06-13 18:00:00,topup,5000,e-wallet_gopay,Web_Portal,DEV292254f9,Surabaya,0
TXN0006405,CUST11028,2026-06-13 18:11:00,topup,34763,virtual_account,Web_Portal,DEVa227ac14,Yogyakarta,0
TXN0004473,CUST10724,2026-06-13 18:17:00,topup,33753,bank_transfer,Partner_Bank,DEVc5b86c82,Semarang,0
TXN0004680,CUST10761,2026-06-13 18:29:00,topup,34161,credit_card,USSD,DEV5714fc0b,Palembang,0
TXN0002358,CUST10394,2026-06-13 18:45:00,topup,11773,virtual_account,USSD,DEVa19f2485,Palembang,0
TXN0004009,CUST10653,2026-06-13 18:50:00,topup,25614,credit_card,Partner_Bank,DEV5ae0bb5a,Denpasar,0
TXN0007101,CUST11149,2026-06-13 18:56:00,topup,5000,virtual_account,Retail_Outlet,DEVfb3cd9c8,Medan,0
TXN0002264,CUST10381,2026-06-13 19:10:00,topup,28935,e-wallet_ovo,USSD,DEVd0f7c7b0,Balikpapan,0
TXN0001924,CUST10327,2026-06-13 19:13:00,topup,9659,e-wallet_dana,USSD,DEV7fcc4456,Semarang,0
TXN0006008,CUST10965,2026-06-13 19:30:00,topup,22419,e-wallet_dana,Retail_Outlet,DEVbaafe28b,Palembang,0
TXN0000433,CUST10071,2026-06-13 19:32:00,topup,5000,bank_transfer,USSD,DEVb148b2a6,Palembang,0
TXN0001474,CUST10250,2026-06-13 19:36:00,topup,16255,virtual_account,MyApp,DEV699fdb02,Palembang,0
TXN0000915,CUST10149,2026-06-13 19:58:00,topup,38412,virtual_account,Partner_Bank,DEV13f39289,Yogyakarta,0
TXN0005868,CUST10941,2026-06-13 19:59:00,topup,13562,e-wallet_ovo,MyApp,DEV8971b1bb,Surabaya,0
TXN0006211,CUST10998,2026-06-13 20:06:00,topup,13492,bank_transfer,Web_Portal,DEV02b964d6,Makassar,0
TXN0001153,CUST10189,2026-06-13 20:08:00,topup,65690,e-wallet_gopay,USSD,DEV8ccc617e,Pekanbaru,0
TXN0006778,CUST11093,2026-06-13 20:17:00,topup,43724,credit_card,MyApp,DEVea467d0d,Malang,0
TXN0002189,CUST10368,2026-06-13 20:17:00,topup,26845,e-wallet_dana,Partner_Bank,DEV8591a818,Medan,0
TXN0006927,CUST11118,2026-06-13 20:19:00,topup,47918,bank_transfer,Web_Portal,DEV8a5abc61,Makassar,0
TXN0004075,CUST10663,2026-06-13 20:24:00,topup,38539,retail_counter,MyApp,DEVd5d4999b,Palembang,0
TXN0004287,CUST10694,2026-06-13 20:30:00,topup,48218,bank_transfer,MyApp,DEVd3e7acd9,Palembang,0
TXN0000646,CUST10107,2026-06-13 20:32:00,topup,16125,e-wallet_dana,Web_Portal,DEV6dd013f3,Balikpapan,0
TXN0001124,CUST10184,2026-06-13 20:37:00,topup,35453,bank_transfer,Retail_Outlet,DEVf75efed8,Malang,0
TXN0007203,CUST11164,2026-06-13 21:40:00,topup,31799,credit_card,Retail_Outlet,DEVcb697bf9,Palembang,0
TXN0003306,CUST10545,2026-06-13 21:41:00,topup,42520,credit_card,USSD,DEV293e16b3,Semarang,0
TXN0005743,CUST10925,2026-06-13 21:42:00,topup,10367,virtual_account,Partner_Bank,DEVfb372648,Pekanbaru,0
TXN0001090,CUST10177,2026-06-13 21:42:00,topup,20534,e-wallet_dana,Web_Portal,DEV171603b1,Denpasar,0
TXN0002716,CUST10452,2026-06-13 21:52:00,topup,5000,virtual_account,Web_Portal,DEV1b493710,Bandung,0
TXN0005165,CUST10836,2026-06-13 21:55:00,topup,8568,virtual_account,MyApp,DEV37809a0a,Pekanbaru,0
TXN0004186,CUST10680,2026-06-13 22:01:00,topup,5000,credit_card,MyApp,DEV754182e8,Pekanbaru,0
TXN0004372,CUST10710,2026-06-13 22:15:00,topup,13332,e-wallet_dana,Partner_Bank,DEV8271bbba,Malang,0
TXN0001559,CUST10268,2026-06-13 22:26:00,topup,36883,e-wallet_dana,Retail_Outlet,DEV8c68720e,Denpasar,0
TXN0000275,CUST10046,2026-06-13 22:32:00,topup,37102,e-wallet_gopay,USSD,DEV8ee9581a,Medan,0
TXN0000639,CUST10106,2026-06-13 22:38:00,topup,41031,retail_counter,Partner_Bank,DEVe0b4659a,Malang,0
TXN0005060,CUST10821,2026-06-13 22:54:00,topup,7936,e-wallet_gopay,MyApp,DEV9e54b7bf,Yogyakarta,0
TXN0004100,CUST10667,2026-06-13 22:55:00,topup,17292,bank_transfer,Partner_Bank,DEV5ba62f73,Surabaya,0
TXN0005876,CUST10942,2026-06-13 22:55:00,topup,5000,bank_transfer,USSD,DEVecc06aeb,Medan,0
TXN0005408,CUST10871,2026-06-13 22:57:00,topup,15761,virtual_account,USSD,DEV386e995d,Surabaya,0
TXN0001516,CUST10259,2026-06-14 06:00:00,topup,27984,e-wallet_dana,Web_Portal,DEVb0d508a9,Balikpapan,0
TXN0004675,CUST10760,2026-06-14 06:05:00,topup,5000,e-wallet_gopay,Partner_Bank,DEV8f56fffc,Jakarta,0
TXN0006974,CUST11125,2026-06-14 06:09:00,topup,5000,e-wallet_ovo,Web_Portal,DEV649ad218,Bandung,0
TXN0006668,CUST11075,2026-06-14 06:12:00,topup,43513,retail_counter,MyApp,DEV1b0e93e1,Medan,0
TXN0001757,CUST10301,2026-06-14 06:13:00,topup,35903,retail_counter,USSD,DEVcf3ee4aa,Palembang,0
TXN0005948,CUST10955,2026-06-14 06:22:00,topup,5000,bank_transfer,Retail_Outlet,DEV1d7af727,Palembang,0
TXN0004870,CUST10791,2026-06-14 06:54:00,topup,34193,retail_counter,Partner_Bank,DEVe6c9fd54,Malang,0
TXN0001955,CUST10331,2026-06-14 07:06:00,topup,46213,bank_transfer,Retail_Outlet,DEVb52c4358,Pekanbaru,0
TXN0002250,CUST10379,2026-06-14 07:08:00,topup,13177,credit_card,Web_Portal,DEV8e484bc0,Semarang,0
TXN0006719,CUST11084,2026-06-14 07:23:00,topup,14570,bank_transfer,MyApp,DEVab86fc70,Malang,0
TXN0003342,CUST10551,2026-06-14 07:30:00,topup,38218,e-wallet_gopay,Retail_Outlet,DEV2f981e44,Bandung,0
TXN0001629,CUST10280,2026-06-14 07:40:00,topup,14827,e-wallet_ovo,Retail_Outlet,DEV07480379,Palembang,0
TXN0004626,CUST10751,2026-06-14 07:58:00,topup,25012,e-wallet_ovo,USSD,DEV542e2e6a,Bandung,0
TXN0007605,CUST10907,2026-06-14 08:00:00,promo_bundle_redeem,0,promo_credit,MyApp,DEV4e0d4d6f,Bandung,1
TXN0007563,CUST10061,2026-06-14 08:00:00,promo_bundle_redeem,0,promo_credit,MyApp,DEV65a815a3,Surabaya,1
TXN0004835,CUST10786,2026-06-14 08:01:00,topup,5000,retail_counter,Web_Portal,DEVca8b6e4c,Yogyakarta,0
TXN0004649,CUST10756,2026-06-14 08:07:00,topup,22030,retail_counter,Retail_Outlet,DEV5436deb3,Bandung,0
TXN0000126,CUST10021,2026-06-14 08:14:00,topup,20409,e-wallet_gopay,Retail_Outlet,DEVa3bfe403,Balikpapan,0
TXN0002397,CUST10400,2026-06-14 08:20:00,topup,5000,e-wallet_gopay,MyApp,DEV6088825e,Semarang,0
TXN0002199,CUST10370,2026-06-14 08:42:00,topup,48786,virtual_account,MyApp,DEV06289878,Malang,0
TXN0005582,CUST10898,2026-06-14 08:51:00,topup,30562,e-wallet_ovo,USSD,DEV36ca9390,Pekanbaru,0
TXN0004451,CUST10721,2026-06-14 09:02:00,topup,7135,retail_counter,MyApp,DEV5497062b,Surabaya,0
TXN0003002,CUST10498,2026-06-14 09:05:00,topup,22346,retail_counter,Web_Portal,DEVf0636972,Balikpapan,0
TXN0005588,CUST10899,2026-06-14 09:23:00,topup,49117,e-wallet_ovo,USSD,DEV26696e53,Palembang,0
TXN0001262,CUST10209,2026-06-14 09:33:00,topup,18373,e-wallet_dana,Retail_Outlet,DEVfd8398c3,Palembang,0
TXN0006469,CUST11039,2026-06-14 09:38:00,topup,5000,retail_counter,MyApp,DEV5526db8e,Surabaya,0
TXN0004483,CUST10726,2026-06-14 09:42:00,topup,29299,credit_card,MyApp,DEV29b2b32c,Makassar,0
TXN0004801,CUST10779,2026-06-14 09:56:00,topup,5000,credit_card,Retail_Outlet,DEV2c613d5c,Palembang,0
TXN0006355,CUST11020,2026-06-14 10:45:00,topup,59750,e-wallet_gopay,MyApp,DEV64fff7a6,Malang,0
TXN0000777,CUST10130,2026-06-14 10:53:00,topup,5000,bank_transfer,MyApp,DEV141283fb,Pekanbaru,0
TXN0001956,CUST10331,2026-06-14 10:57:00,topup,48387,virtual_account,Partner_Bank,DEVa0dbfca2,Pekanbaru,0
TXN0006717,CUST11084,2026-06-14 11:12:00,topup,15231,e-wallet_dana,Web_Portal,DEVc76e8e04,Malang,0
TXN0004329,CUST10702,2026-06-14 11:14:00,topup,9383,e-wallet_dana,MyApp,DEV1e9d8b00,Medan,0
TXN0007178,CUST11160,2026-06-14 11:18:00,topup,12027,bank_transfer,Web_Portal,DEVd928c011,Palembang,0
TXN0003781,CUST10619,2026-06-14 11:24:00,topup,5000,credit_card,Web_Portal,DEVd3ec1562,Jakarta,0
TXN0004116,CUST10669,2026-06-14 12:26:00,topup,27944,e-wallet_gopay,Retail_Outlet,DEV9167adea,Malang,0
TXN0002142,CUST10361,2026-06-14 12:27:00,topup,7042,e-wallet_dana,Web_Portal,DEV744da236,Palembang,0
TXN0005492,CUST10884,2026-06-14 12:51:00,topup,5000,virtual_account,Partner_Bank,DEVc950824d,Semarang,0
TXN0005121,CUST10831,2026-06-14 13:04:00,topup,35159,virtual_account,MyApp,DEV29d36291,Yogyakarta,0
TXN0000462,CUST10077,2026-06-14 13:17:00,topup,25370,virtual_account,MyApp,DEV638e1388,Semarang,0
TXN0001310,CUST10219,2026-06-14 13:34:00,topup,6838,credit_card,Retail_Outlet,DEV42ac66dc,Makassar,0
TXN0000618,CUST10102,2026-06-14 13:34:00,topup,24107,virtual_account,Partner_Bank,DEV97a418b8,Medan,0
TXN0006139,CUST10985,2026-06-14 13:49:00,topup,8419,e-wallet_dana,MyApp,DEV712636bb,Surabaya,0
TXN0002820,CUST10470,2026-06-14 13:51:00,topup,10646,e-wallet_dana,Partner_Bank,DEV4526ed62,Pekanbaru,0
TXN0001535,CUST10264,2026-06-14 14:19:00,topup,5903,credit_card,Web_Portal,DEV0df1172a,Pekanbaru,0
TXN0001197,CUST10198,2026-06-14 14:52:00,topup,17063,bank_transfer,USSD,DEVa38bbaa4,Malang,0
TXN0006954,CUST11122,2026-06-14 14:53:00,topup,22898,virtual_account,USSD,DEV4a13b17c,Jakarta,0
TXN0005936,CUST10952,2026-06-14 15:05:00,topup,5000,e-wallet_ovo,Web_Portal,DEVc3f67602,Denpasar,0
TXN0004939,CUST10803,2026-06-14 15:12:00,topup,18297,e-wallet_ovo,MyApp,DEVf205da82,Bandung,0
TXN0005927,CUST10950,2026-06-14 15:12:00,topup,5095,credit_card,Retail_Outlet,DEV2da5ba63,Bandung,0
TXN0003944,CUST10644,2026-06-14 15:50:00,topup,61223,e-wallet_dana,Retail_Outlet,DEVd6f34d9b,Yogyakarta,0
TXN0002501,CUST10417,2026-06-14 15:59:00,topup,20968,virtual_account,MyApp,DEV700ea842,Pekanbaru,0
TXN0006759,CUST11089,2026-06-14 16:00:00,topup,8630,bank_transfer,MyApp,DEVa6792090,Semarang,0
TXN0003990,CUST10650,2026-06-14 16:03:00,topup,22831,e-wallet_ovo,Web_Portal,DEV33dcd09c,Balikpapan,0
TXN0004937,CUST10803,2026-06-14 16:05:00,topup,5000,virtual_account,Web_Portal,DEV47fefddb,Bandung,0
TXN0007158,CUST11158,2026-06-14 16:06:00,topup,5000,e-wallet_dana,Web_Portal,DEV126f28a9,Pekanbaru,0
TXN0006285,CUST11009,2026-06-14 16:38:00,topup,8696,e-wallet_gopay,USSD,DEV10e681fd,Makassar,0
TXN0004311,CUST10699,2026-06-14 16:53:00,topup,66423,credit_card,Web_Portal,DEV278976c9,Jakarta,0
TXN0003671,CUST10603,2026-06-14 17:06:00,topup,40777,credit_card,Retail_Outlet,DEV21351574,Jakarta,0
TXN0004666,CUST10759,2026-06-14 17:14:00,topup,70542,virtual_account,Partner_Bank,DEV67f3e4bf,Malang,0
TXN0002431,CUST10406,2026-06-14 17:15:00,topup,5000,bank_transfer,Web_Portal,DEVf1224f43,Yogyakarta,0
TXN0001855,CUST10318,2026-06-14 17:27:00,topup,27369,e-wallet_ovo,USSD,DEV2904a6d6,Denpasar,0
TXN0004432,CUST10718,2026-06-14 17:46:00,topup,9618,retail_counter,MyApp,DEV9a86a2f5,Denpasar,0
TXN0003486,CUST10573,2026-06-14 17:52:00,topup,60656,retail_counter,Retail_Outlet,DEV1c35730b,Surabaya,0
TXN0001844,CUST10316,2026-06-14 18:10:00,topup,24539,retail_counter,USSD,DEVcc876b1c,Pekanbaru,0
TXN0006341,CUST11017,2026-06-14 18:45:00,topup,5000,virtual_account,Partner_Bank,DEV7d5887a5,Denpasar,0
TXN0000658,CUST10110,2026-06-14 19:07:00,topup,24393,e-wallet_dana,Web_Portal,DEVcde5c35a,Jakarta,0
TXN0001176,CUST10193,2026-06-14 19:32:00,topup,17482,credit_card,Web_Portal,DEV4580dac2,Palembang,0
TXN0000528,CUST10086,2026-06-14 20:00:00,topup,6336,e-wallet_ovo,Partner_Bank,DEV80b9ec30,Pekanbaru,0
TXN0005480,CUST10882,2026-06-14 20:01:00,topup,21039,e-wallet_ovo,Retail_Outlet,DEVd8b6a802,Makassar,0
TXN0006263,CUST11006,2026-06-14 20:04:00,topup,17480,retail_counter,Partner_Bank,DEVc6fc40c3,Bandung,0
TXN0006034,CUST10970,2026-06-14 20:47:00,topup,36419,e-wallet_dana,Web_Portal,DEV227c27df,Semarang,0
TXN0002333,CUST10391,2026-06-14 21:23:00,topup,24041,bank_transfer,USSD,DEV8a8864c7,Yogyakarta,0
TXN0000655,CUST10109,2026-06-14 21:42:00,topup,21842,credit_card,MyApp,DEVbe5f902f,Yogyakarta,0
TXN0005003,CUST10812,2026-06-14 21:48:00,topup,38206,e-wallet_gopay,USSD,DEV9780fe9b,Denpasar,0
TXN0006659,CUST11073,2026-06-14 21:59:00,topup,41339,credit_card,MyApp,DEV974a2447,Yogyakarta,0
TXN0002724,CUST10454,2026-06-14 22:10:00,topup,5000,e-wallet_dana,USSD,DEVb04816fd,Bandung,0
TXN0005902,CUST10946,2026-06-14 22:17:00,topup,6376,e-wallet_dana,MyApp,DEVe6233aa1,Bandung,0
TXN0003257,CUST10538,2026-06-14 22:21:00,topup,5000,bank_transfer,Web_Portal,DEVe8724434,Pekanbaru,0
TXN0000477,CUST10079,2026-06-14 22:26:00,topup,57451,virtual_account,Web_Portal,DEVbc2e2b59,Pekanbaru,0
TXN0001797,CUST10307,2026-06-14 22:52:00,topup,31176,retail_counter,Partner_Bank,DEVcf1643a0,Jakarta,0
TXN0004393,CUST10712,2026-06-15 06:03:00,topup,19877,credit_card,Retail_Outlet,DEV4eda31cc,Pekanbaru,0
TXN0005874,CUST10942,2026-06-15 06:07:00,topup,5000,bank_transfer,Web_Portal,DEV696c5060,Medan,0
TXN0001746,CUST10299,2026-06-15 06:15:00,topup,13207,virtual_account,Partner_Bank,DEV6e411e23,Denpasar,0
TXN0000597,CUST10099,2026-06-15 06:55:00,topup,31559,credit_card,MyApp,DEVa605b7c9,Balikpapan,0
TXN0003653,CUST10600,2026-06-15 07:06:00,topup,53064,e-wallet_gopay,MyApp,DEV9baefd9e,Jakarta,0
TXN0002905,CUST10484,2026-06-15 07:27:00,topup,5000,retail_counter,USSD,DEVf2c8c25e,Surabaya,0
TXN0004081,CUST10664,2026-06-15 07:32:00,topup,5000,e-wallet_gopay,USSD,DEVafe1d845,Pekanbaru,0
TXN0002104,CUST10356,2026-06-15 07:37:00,topup,29128,e-wallet_gopay,USSD,DEVfae45d7c,Yogyakarta,0
TXN0006276,CUST11008,2026-06-15 07:40:00,topup,5000,e-wallet_ovo,MyApp,DEVeb2873e6,Surabaya,0
TXN0003439,CUST10567,2026-06-15 08:25:00,topup,5000,e-wallet_gopay,Retail_Outlet,DEV341d85cd,Denpasar,0
TXN0003827,CUST10627,2026-06-15 08:26:00,topup,36739,virtual_account,Web_Portal,DEV2b589b3f,Makassar,0
TXN0000077,CUST10011,2026-06-15 08:30:00,topup,5293,virtual_account,Web_Portal,DEVb69f75c5,Makassar,0
TXN0000287,CUST10047,2026-06-15 08:40:00,topup,7289,credit_card,USSD,DEV31cd9f6e,Semarang,0
TXN0005394,CUST10869,2026-06-15 08:46:00,topup,33117,virtual_account,Web_Portal,DEV6ba57136,Semarang,0
TXN0000107,CUST10017,2026-06-15 08:47:00,topup,21826,e-wallet_ovo,Web_Portal,DEVb466fab6,Bandung,0
TXN0004008,CUST10653,2026-06-15 08:47:00,topup,23131,retail_counter,USSD,DEVc61f98b1,Denpasar,0
TXN0004087,CUST10665,2026-06-15 09:06:00,topup,5000,e-wallet_gopay,MyApp,DEVf7eefd84,Surabaya,0
TXN0000055,CUST10007,2026-06-15 09:09:00,topup,23824,e-wallet_gopay,Web_Portal,DEV668c879b,Medan,0
TXN0001024,CUST10168,2026-06-15 09:17:00,topup,26376,e-wallet_ovo,Web_Portal,DEVf1b2f143,Denpasar,0
TXN0000295,CUST10048,2026-06-15 09:21:00,topup,61736,virtual_account,Web_Portal,DEV55273407,Balikpapan,0
TXN0005380,CUST10867,2026-06-15 09:23:00,topup,54943,e-wallet_ovo,USSD,DEVb905a7b6,Surabaya,0
TXN0007576,CUST10068,2026-06-15 10:00:00,promo_bundle_redeem,0,promo_credit,MyApp,DEV7e34edc3,Semarang,1
TXN0002418,CUST10403,2026-06-15 10:11:00,topup,26411,credit_card,USSD,DEV8b0a4802,Balikpapan,0
TXN0001811,CUST10310,2026-06-15 10:11:00,topup,32380,bank_transfer,Web_Portal,DEVfdc56285,Denpasar,0
TXN0002303,CUST10387,2026-06-15 10:24:00,topup,23093,retail_counter,Partner_Bank,DEVd25697ad,Palembang,0
TXN0000114,CUST10018,2026-06-15 10:30:00,topup,10734,bank_transfer,Partner_Bank,DEVa3a6ef83,Denpasar,0
TXN0004580,CUST10743,2026-06-15 10:44:00,topup,5000,virtual_account,Retail_Outlet,DEVdbe38b89,Medan,0
TXN0005845,CUST10939,2026-06-15 10:51:00,topup,32301,credit_card,MyApp,DEV459df649,Semarang,0
TXN0003077,CUST10510,2026-06-15 11:02:00,topup,43718,credit_card,USSD,DEVcfb0d68d,Pekanbaru,0
TXN0002815,CUST10469,2026-06-15 11:11:00,topup,5000,bank_transfer,Web_Portal,DEV904ada37,Makassar,0
TXN0003281,CUST10542,2026-06-15 11:23:00,topup,5000,virtual_account,Partner_Bank,DEV52891c31,Palembang,0
TXN0002608,CUST10435,2026-06-15 11:32:00,topup,21418,e-wallet_gopay,Retail_Outlet,DEV6c8de840,Semarang,0
TXN0005770,CUST10930,2026-06-15 11:39:00,topup,18653,e-wallet_dana,Partner_Bank,DEV3f612028,Jakarta,0
TXN0003125,CUST10517,2026-06-15 11:57:00,topup,45209,e-wallet_dana,Web_Portal,DEV02cf63a8,Surabaya,0
TXN0002838,CUST10473,2026-06-15 12:01:00,topup,21327,e-wallet_gopay,MyApp,DEV6714272a,Bandung,0
TXN0006452,CUST11037,2026-06-15 12:28:00,topup,5000,retail_counter,Partner_Bank,DEV2e89bdbd,Balikpapan,0
TXN0001098,CUST10179,2026-06-15 12:37:00,topup,19992,e-wallet_dana,Web_Portal,DEV0b3d6dc9,Makassar,0
TXN0000178,CUST10030,2026-06-15 12:40:00,topup,24991,bank_transfer,Partner_Bank,DEVefb56207,Semarang,0
TXN0002270,CUST10382,2026-06-15 12:42:00,topup,12242,credit_card,MyApp,DEVa3708c7f,Balikpapan,0
TXN0003931,CUST10641,2026-06-15 13:00:00,topup,22631,credit_card,Web_Portal,DEV81b01ca4,Malang,0
TXN0002789,CUST10466,2026-06-15 13:04:00,topup,42038,retail_counter,Web_Portal,DEVa71372ab,Pekanbaru,0
TXN0006485,CUST11042,2026-06-15 13:08:00,topup,18431,credit_card,USSD,DEV227cc456,Balikpapan,0
TXN0002733,CUST10455,2026-06-15 13:16:00,topup,25426,e-wallet_dana,MyApp,DEVdb55daf5,Makassar,0
TXN0003211,CUST10530,2026-06-15 13:19:00,topup,5000,retail_counter,Partner_Bank,DEV6fd1134e,Balikpapan,0
TXN0006679,CUST11076,2026-06-15 13:35:00,topup,10148,credit_card,Retail_Outlet,DEV15604ec8,Pekanbaru,0
TXN0006333,CUST11016,2026-06-15 13:39:00,topup,5000,e-wallet_ovo,USSD,DEV2aed0848,Semarang,0
TXN0002453,CUST10409,2026-06-15 13:39:00,topup,9736,retail_counter,Partner_Bank,DEV32f194d8,Surabaya,0
TXN0001144,CUST10188,2026-06-15 13:48:00,topup,7132,retail_counter,USSD,DEV4a5d6cea,Jakarta,0
TXN0005259,CUST10848,2026-06-15 13:52:00,topup,38140,e-wallet_dana,Partner_Bank,DEV02b49d26,Palembang,0
TXN0006114,CUST10982,2026-06-15 14:09:00,topup,17051,virtual_account,Partner_Bank,DEVb4c70241,Yogyakarta,0
TXN0005290,CUST10853,2026-06-15 14:36:00,topup,27500,bank_transfer,Retail_Outlet,DEV0a3169f7,Balikpapan,0
TXN0003267,CUST10540,2026-06-15 14:42:00,topup,23348,virtual_account,Web_Portal,DEVbdc242a8,Palembang,0
TXN0003402,CUST10562,2026-06-15 14:45:00,topup,20671,virtual_account,MyApp,DEV3664cafa,Jakarta,0
TXN0004979,CUST10808,2026-06-15 14:54:00,topup,42817,retail_counter,MyApp,DEV732af4e8,Bandung,0
TXN0001406,CUST10240,2026-06-15 14:56:00,topup,33054,bank_transfer,Web_Portal,DEVff12fe28,Makassar,0
TXN0002469,CUST10412,2026-06-15 15:00:00,topup,33748,e-wallet_ovo,Web_Portal,DEVd317d8c9,Malang,0
TXN0007276,CUST11176,2026-06-15 15:22:00,topup,39020,credit_card,Web_Portal,DEVfbff1829,Makassar,0
TXN0006350,CUST11019,2026-06-15 15:26:00,topup,18757,credit_card,Web_Portal,DEVe9f410c9,Semarang,0
TXN0002569,CUST10428,2026-06-15 15:44:00,topup,15973,virtual_account,MyApp,DEV108abb5c,Jakarta,0
TXN0004696,CUST10764,2026-06-15 15:53:00,topup,41006,e-wallet_ovo,USSD,DEV2fa17fe6,Yogyakarta,0
TXN0000059,CUST10007,2026-06-15 15:59:00,topup,34432,credit_card,USSD,DEV329fc417,Medan,0
TXN0002390,CUST10399,2026-06-15 16:13:00,topup,28514,e-wallet_gopay,USSD,DEV868592d2,Makassar,0
TXN0006252,CUST11005,2026-06-15 16:13:00,topup,29513,e-wallet_gopay,USSD,DEV1e767433,Pekanbaru,0
TXN0003472,CUST10572,2026-06-15 16:13:00,topup,26118,e-wallet_ovo,Web_Portal,DEV6e43b319,Pekanbaru,0
TXN0003104,CUST10513,2026-06-15 16:17:00,topup,36859,e-wallet_ovo,Partner_Bank,DEV9aab1efb,Balikpapan,0
TXN0002135,CUST10360,2026-06-15 16:19:00,topup,54020,bank_transfer,Partner_Bank,DEVaa5f8dfc,Makassar,0
TXN0000282,CUST10046,2026-06-15 16:56:00,topup,29447,credit_card,MyApp,DEVe3082ddc,Medan,0
TXN0004247,CUST10688,2026-06-15 17:27:00,topup,25302,e-wallet_gopay,Web_Portal,DEVa2ded1de,Yogyakarta,0
TXN0001674,CUST10287,2026-06-15 18:16:00,topup,10845,bank_transfer,Web_Portal,DEV08651a6e,Medan,0
TXN0007348,CUST11187,2026-06-15 18:42:00,topup,16322,e-wallet_dana,Retail_Outlet,DEVb87618a0,Medan,0
TXN0000036,CUST10004,2026-06-15 18:54:00,topup,13123,e-wallet_gopay,MyApp,DEVc5285425,Medan,0
TXN0002659,CUST10442,2026-06-15 19:10:00,topup,38427,e-wallet_ovo,Retail_Outlet,DEVf9ad97ae,Denpasar,0
TXN0000819,CUST10135,2026-06-15 19:11:00,topup,15120,e-wallet_dana,Web_Portal,DEVc166a8b3,Bandung,0
TXN0005424,CUST10874,2026-06-15 19:19:00,topup,21011,e-wallet_dana,Retail_Outlet,DEV7237e20d,Palembang,0
TXN0001834,CUST10314,2026-06-15 19:22:00,topup,27494,e-wallet_gopay,Retail_Outlet,DEV4648bbe8,Pekanbaru,0
TXN0000481,CUST10079,2026-06-15 19:23:00,topup,38953,virtual_account,Retail_Outlet,DEV77617d80,Pekanbaru,0
TXN0005950,CUST10955,2026-06-15 19:31:00,topup,12153,bank_transfer,MyApp,DEV42c40e37,Palembang,0
TXN0001645,CUST10283,2026-06-15 19:34:00,topup,24296,e-wallet_gopay,Web_Portal,DEV99487f82,Semarang,0
TXN0006377,CUST11023,2026-06-15 20:09:00,topup,5000,credit_card,Retail_Outlet,DEVe3e32e42,Medan,0
TXN0003350,CUST10552,2026-06-15 20:29:00,topup,11155,e-wallet_gopay,MyApp,DEV37abaed7,Semarang,0
TXN0003369,CUST10556,2026-06-15 20:40:00,topup,34847,credit_card,MyApp,DEV5133577b,Medan,0
TXN0001134,CUST10186,2026-06-15 20:46:00,topup,5000,e-wallet_gopay,USSD,DEVfab6ad91,Palembang,0
TXN0001503,CUST10256,2026-06-15 21:09:00,topup,41003,credit_card,Web_Portal,DEV7ecb002e,Pekanbaru,0
TXN0000493,CUST10080,2026-06-15 21:09:00,topup,5000,bank_transfer,USSD,DEV4b27b079,Pekanbaru,0
TXN0007367,CUST11190,2026-06-15 21:30:00,topup,19129,e-wallet_dana,MyApp,DEV7259e6c4,Pekanbaru,0
TXN0002191,CUST10368,2026-06-15 21:47:00,topup,39379,retail_counter,Partner_Bank,DEVa8835c66,Medan,0
TXN0004307,CUST10698,2026-06-15 21:58:00,topup,5000,e-wallet_dana,USSD,DEV90441ec6,Jakarta,0
TXN0002231,CUST10374,2026-06-15 21:59:00,topup,37190,e-wallet_dana,MyApp,DEV45f72e6c,Palembang,0
TXN0006693,CUST11079,2026-06-15 22:00:00,topup,24146,e-wallet_dana,USSD,DEV0693d01a,Jakarta,0
TXN0002285,CUST10384,2026-06-15 22:04:00,topup,55911,virtual_account,Partner_Bank,DEV52b0147b,Jakarta,0
TXN0001915,CUST10326,2026-06-15 22:15:00,topup,6367,e-wallet_ovo,MyApp,DEV8129aa0c,Palembang,0
TXN0006586,CUST11061,2026-06-15 22:28:00,topup,29203,bank_transfer,USSD,DEV48f89e30,Yogyakarta,0
TXN0005427,CUST10874,2026-06-15 22:31:00,topup,21007,e-wallet_ovo,Web_Portal,DEVe35bba6d,Palembang,0
TXN0002993,CUST10497,2026-06-15 22:57:00,topup,15062,bank_transfer,MyApp,DEVf8e351ea,Yogyakarta,0
TXN0006708,CUST11081,2026-06-16 06:00:00,topup,46388,virtual_account,Retail_Outlet,DEV96be541b,Medan,0
TXN0002567,CUST10428,2026-06-16 06:20:00,topup,23719,virtual_account,Retail_Outlet,DEVdf69a560,Jakarta,0
TXN0005953,CUST10956,2026-06-16 06:37:00,topup,30038,credit_card,Retail_Outlet,DEV7dbb4c18,Yogyakarta,0
TXN0004271,CUST10691,2026-06-16 06:53:00,topup,20979,retail_counter,Web_Portal,DEV109792a4,Yogyakarta,0
TXN0007418,CUST11198,2026-06-16 07:01:00,topup,5000,retail_counter,Partner_Bank,DEV6ce87f51,Jakarta,0
TXN0001787,CUST10306,2026-06-16 07:10:00,topup,29943,e-wallet_ovo,MyApp,DEVd2e08e57,Jakarta,0
TXN0006366,CUST11021,2026-06-16 07:25:00,topup,14928,e-wallet_ovo,Retail_Outlet,DEVcd68f11c,Medan,0
TXN0000579,CUST10096,2026-06-16 07:28:00,topup,20969,credit_card,MyApp,DEVa7668617,Palembang,0
TXN0000085,CUST10013,2026-06-16 07:31:00,topup,17478,retail_counter,USSD,DEV3b964c74,Medan,0
TXN0006486,CUST11042,2026-06-16 07:40:00,topup,18855,virtual_account,MyApp,DEVbaad0da4,Balikpapan,0
TXN0001670,CUST10286,2026-06-16 07:45:00,topup,22215,e-wallet_ovo,Web_Portal,DEVfb29ff36,Jakarta,0
TXN0001210,CUST10199,2026-06-16 07:51:00,topup,32542,retail_counter,Retail_Outlet,DEV0ceaaf73,Balikpapan,0
TXN0002301,CUST10387,2026-06-16 07:55:00,topup,32138,e-wallet_gopay,MyApp,DEV3f4574d4,Palembang,0
TXN0000978,CUST10161,2026-06-16 08:26:00,topup,12278,credit_card,MyApp,DEV86351a54,Denpasar,0
TXN0001302,CUST10216,2026-06-16 08:33:00,topup,16682,bank_transfer,Retail_Outlet,DEV9cf021b8,Medan,0
TXN0007002,CUST11129,2026-06-16 08:51:00,topup,30316,e-wallet_ovo,Partner_Bank,DEV745d8729,Makassar,0
TXN0005235,CUST10845,2026-06-16 08:57:00,topup,16055,virtual_account,Web_Portal,DEV1a93a3f1,Semarang,0
TXN0007564,CUST10061,2026-06-16 09:00:00,promo_bundle_redeem,0,promo_credit,MyApp,DEV8d1d37a3,Surabaya,1
TXN0002590,CUST10431,2026-06-16 09:20:00,topup,15359,retail_counter,Retail_Outlet,DEV61652fd3,Medan,0
TXN0006724,CUST11084,2026-06-16 09:25:00,topup,5000,virtual_account,Partner_Bank,DEVb8692e43,Malang,0
TXN0002468,CUST10411,2026-06-16 09:29:00,topup,11399,e-wallet_ovo,Partner_Bank,DEVfdb7c107,Balikpapan,0
TXN0000299,CUST10049,2026-06-16 09:46:00,topup,5000,bank_transfer,MyApp,DEV288f3435,Palembang,0
TXN0002692,CUST10448,2026-06-16 10:01:00,topup,35778,retail_counter,Retail_Outlet,DEV622c636f,Palembang,0
TXN0004034,CUST10656,2026-06-16 10:32:00,topup,24397,virtual_account,USSD,DEV7886f504,Jakarta,0
TXN0002334,CUST10391,2026-06-16 10:42:00,topup,5000,bank_transfer,USSD,DEV7832b59c,Yogyakarta,0
TXN0004729,CUST10769,2026-06-16 10:50:00,topup,32640,e-wallet_gopay,Partner_Bank,DEV82095583,Makassar,0
TXN0003591,CUST10590,2026-06-16 10:59:00,topup,27462,e-wallet_gopay,USSD,DEV3b45d977,Makassar,0
TXN0003918,CUST10639,2026-06-16 11:02:00,topup,14805,e-wallet_dana,Retail_Outlet,DEVb417dee1,Pekanbaru,0
TXN0001946,CUST10330,2026-06-16 11:04:00,topup,11034,retail_counter,Retail_Outlet,DEVff7d39f7,Malang,0
TXN0003037,CUST10503,2026-06-16 11:20:00,topup,25570,retail_counter,MyApp,DEV056de195,Balikpapan,0
TXN0001392,CUST10237,2026-06-16 11:27:00,topup,23127,e-wallet_gopay,Partner_Bank,DEV1f0733df,Pekanbaru,0
TXN0002974,CUST10494,2026-06-16 11:29:00,topup,24066,bank_transfer,Web_Portal,DEV7eba0464,Pekanbaru,0
TXN0002870,CUST10478,2026-06-16 11:34:00,topup,7588,e-wallet_dana,Web_Portal,DEV2b24ef63,Denpasar,0
TXN0001055,CUST10172,2026-06-16 11:36:00,topup,9974,credit_card,Web_Portal,DEV7800e27a,Palembang,0
TXN0002793,CUST10466,2026-06-16 11:39:00,topup,24150,credit_card,MyApp,DEV2bee2fff,Pekanbaru,0
TXN0003657,CUST10601,2026-06-16 12:02:00,topup,6435,e-wallet_dana,Web_Portal,DEVb38adf82,Yogyakarta,0
TXN0004395,CUST10712,2026-06-16 12:12:00,topup,5000,e-wallet_ovo,Web_Portal,DEVf0a30219,Pekanbaru,0
TXN0004642,CUST10755,2026-06-16 12:12:00,topup,5000,virtual_account,MyApp,DEV0a349670,Balikpapan,0
TXN0004806,CUST10780,2026-06-16 12:23:00,topup,20797,virtual_account,Retail_Outlet,DEV6f0dc87b,Surabaya,0
TXN0006136,CUST10985,2026-06-16 12:32:00,topup,12522,credit_card,USSD,DEV79150e99,Surabaya,0
TXN0005196,CUST10840,2026-06-16 12:49:00,topup,12483,e-wallet_ovo,Partner_Bank,DEV10ae2dfc,Pekanbaru,0
TXN0003769,CUST10618,2026-06-16 12:51:00,topup,5000,e-wallet_ovo,MyApp,DEVa8c12f22,Malang,0
TXN0007606,CUST10907,2026-06-16 13:00:00,promo_bundle_redeem,0,promo_credit,MyApp,DEV8fca9026,Bandung,1
TXN0006879,CUST11111,2026-06-16 13:02:00,topup,10170,e-wallet_gopay,MyApp,DEV34cec306,Makassar,0
TXN0006803,CUST11097,2026-06-16 13:57:00,topup,35373,bank_transfer,Retail_Outlet,DEVf8a5764a,Yogyakarta,0
TXN0004347,CUST10705,2026-06-16 14:04:00,topup,14158,credit_card,MyApp,DEVbbbbfd67,Denpasar,0
TXN0007013,CUST11131,2026-06-16 14:15:00,topup,9453,virtual_account,USSD,DEVbf79dcb6,Pekanbaru,0
TXN0006265,CUST11006,2026-06-16 14:15:00,topup,5000,bank_transfer,Retail_Outlet,DEV43d10cf2,Bandung,0
TXN0003230,CUST10533,2026-06-16 14:21:00,topup,19126,e-wallet_ovo,MyApp,DEV30efcbd3,Makassar,0
TXN0005739,CUST10925,2026-06-16 14:29:00,topup,25442,e-wallet_dana,Web_Portal,DEVf0657d73,Pekanbaru,0
TXN0006682,CUST11077,2026-06-16 14:29:00,topup,5000,retail_counter,MyApp,DEV4a2e25a0,Jakarta,0
TXN0003747,CUST10615,2026-06-16 14:50:00,topup,6982,e-wallet_gopay,Web_Portal,DEVd44260d2,Surabaya,0
TXN0002545,CUST10425,2026-06-16 15:02:00,topup,27973,e-wallet_gopay,Retail_Outlet,DEV11489054,Balikpapan,0
TXN0006345,CUST11018,2026-06-16 15:28:00,topup,32994,virtual_account,Web_Portal,DEV498ccdd7,Bandung,0
TXN0004816,CUST10781,2026-06-16 15:35:00,topup,12956,virtual_account,Retail_Outlet,DEVe7867bbf,Palembang,0
TXN0004498,CUST10728,2026-06-16 15:38:00,topup,10160,retail_counter,Partner_Bank,DEVbac8f92f,Palembang,0
TXN0006599,CUST11063,2026-06-16 15:46:00,topup,34960,e-wallet_dana,Retail_Outlet,DEV18f1101e,Bandung,0
TXN0005978,CUST10960,2026-06-16 15:55:00,topup,38841,credit_card,MyApp,DEVcd4f75e6,Semarang,0
TXN0004476,CUST10724,2026-06-16 16:11:00,topup,27400,e-wallet_gopay,USSD,DEV06822e13,Semarang,0
TXN0004184,CUST10680,2026-06-16 16:13:00,topup,27223,e-wallet_gopay,MyApp,DEV250768f2,Pekanbaru,0
TXN0002944,CUST10491,2026-06-16 16:32:00,topup,6860,bank_transfer,Web_Portal,DEV6e4ff4a4,Malang,0
TXN0001222,CUST10201,2026-06-16 16:47:00,topup,35115,virtual_account,MyApp,DEVc438eae0,Semarang,0
TXN0001513,CUST10258,2026-06-16 16:49:00,topup,5000,virtual_account,USSD,DEVdf1e04cb,Surabaya,0
TXN0002867,CUST10478,2026-06-16 16:55:00,topup,27611,retail_counter,MyApp,DEVeba332b1,Denpasar,0
TXN0000570,CUST10094,2026-06-16 17:08:00,topup,30403,virtual_account,Partner_Bank,DEV47d6723c,Medan,0
TXN0002121,CUST10358,2026-06-16 17:09:00,topup,18028,e-wallet_gopay,Web_Portal,DEV82fce908,Makassar,0
TXN0004805,CUST10779,2026-06-16 17:22:00,topup,5000,virtual_account,Retail_Outlet,DEVd2e106a4,Palembang,0
TXN0004989,CUST10809,2026-06-16 17:24:00,topup,22451,credit_card,Partner_Bank,DEV12049b0a,Palembang,0
TXN0003031,CUST10502,2026-06-16 17:47:00,topup,16080,e-wallet_dana,Retail_Outlet,DEVda4bdf2d,Balikpapan,0
TXN0002083,CUST10352,2026-06-16 18:02:00,topup,6703,e-wallet_dana,Web_Portal,DEV5d1ddcb7,Yogyakarta,0
TXN0003928,CUST10640,2026-06-16 18:03:00,topup,7888,e-wallet_gopay,Partner_Bank,DEV6df5fa4a,Palembang,0
TXN0000651,CUST10108,2026-06-16 18:05:00,topup,48215,virtual_account,MyApp,DEV412817eb,Semarang,0
TXN0006131,CUST10984,2026-06-16 18:25:00,topup,30876,bank_transfer,MyApp,DEVd1c1f266,Denpasar,0
TXN0003046,CUST10505,2026-06-16 18:33:00,topup,26237,credit_card,Retail_Outlet,DEVfda2f9a0,Bandung,0
TXN0000780,CUST10130,2026-06-16 18:45:00,topup,15697,e-wallet_dana,USSD,DEVedb68b81,Pekanbaru,0
TXN0004700,CUST10764,2026-06-16 18:51:00,topup,9735,virtual_account,Retail_Outlet,DEV5d2d113b,Yogyakarta,0
TXN0001969,CUST10333,2026-06-16 18:54:00,topup,26993,e-wallet_gopay,USSD,DEV6374ed14,Bandung,0
TXN0007007,CUST11130,2026-06-16 18:55:00,topup,7567,retail_counter,Web_Portal,DEVfafb6c18,Pekanbaru,0
TXN0006499,CUST11045,2026-06-16 18:58:00,topup,47919,e-wallet_gopay,Partner_Bank,DEVd048c8af,Malang,0
TXN0004507,CUST10729,2026-06-16 19:05:00,topup,10590,e-wallet_ovo,Partner_Bank,DEV84c2f2c4,Bandung,0
TXN0005717,CUST10922,2026-06-16 19:15:00,topup,5000,credit_card,Web_Portal,DEV2ae2c9d1,Palembang,0
TXN0001366,CUST10232,2026-06-16 19:20:00,topup,42448,e-wallet_ovo,MyApp,DEV7414e3e1,Semarang,0
TXN0005593,CUST10899,2026-06-16 19:30:00,topup,12051,e-wallet_ovo,MyApp,DEV4a9ab305,Palembang,0
TXN0004526,CUST10732,2026-06-16 19:35:00,topup,5000,credit_card,Partner_Bank,DEVe648d7ae,Semarang,0
TXN0001412,CUST10241,2026-06-16 19:42:00,topup,21931,retail_counter,Retail_Outlet,DEVb8943df8,Semarang,0
TXN0001359,CUST10231,2026-06-16 19:55:00,topup,71146,bank_transfer,USSD,DEV1f2da344,Surabaya,0
TXN0000336,CUST10055,2026-06-16 20:05:00,topup,25448,retail_counter,Retail_Outlet,DEV485f7888,Semarang,0
TXN0001323,CUST10221,2026-06-16 20:19:00,topup,5000,credit_card,Web_Portal,DEV8702f4ad,Malang,0
TXN0005431,CUST10875,2026-06-16 20:50:00,topup,49254,credit_card,USSD,DEVe0099d7a,Makassar,0
TXN0004787,CUST10777,2026-06-16 20:56:00,topup,28198,e-wallet_ovo,Partner_Bank,DEV90208d23,Surabaya,0
TXN0000240,CUST10040,2026-06-16 21:18:00,topup,20575,bank_transfer,Partner_Bank,DEV38aa76df,Yogyakarta,0
TXN0005916,CUST10948,2026-06-16 22:15:00,topup,5000,retail_counter,Partner_Bank,DEVf316891d,Malang,0
TXN0000113,CUST10018,2026-06-16 22:35:00,topup,31464,virtual_account,MyApp,DEVbb7b6c05,Denpasar,0
TXN0002645,CUST10441,2026-06-16 22:54:00,topup,56934,bank_transfer,Web_Portal,DEV107380cb,Palembang,0
TXN0004120,CUST10669,2026-06-17 06:07:00,topup,25644,e-wallet_ovo,Retail_Outlet,DEV589a2b88,Malang,0
TXN0006898,CUST11113,2026-06-17 06:19:00,topup,29501,e-wallet_ovo,MyApp,DEV1a950f3e,Bandung,0
TXN0006270,CUST11007,2026-06-17 06:21:00,topup,5000,virtual_account,Partner_Bank,DEVc145419c,Surabaya,0
TXN0001319,CUST10220,2026-06-17 06:28:00,topup,60029,e-wallet_dana,Web_Portal,DEVe8fe6095,Yogyakarta,0
TXN0005140,CUST10833,2026-06-17 06:54:00,topup,21793,e-wallet_dana,MyApp,DEVb6f957dc,Semarang,0
TXN0001335,CUST10226,2026-06-17 07:01:00,topup,5000,virtual_account,Partner_Bank,DEV3bd13a43,Medan,0
TXN0001908,CUST10325,2026-06-17 07:03:00,topup,35021,e-wallet_ovo,Web_Portal,DEV6c5ccba7,Yogyakarta,0
TXN0002492,CUST10415,2026-06-17 07:15:00,topup,49573,e-wallet_dana,USSD,DEV0b6d35d7,Yogyakarta,0
TXN0003804,CUST10623,2026-06-17 07:21:00,topup,28897,e-wallet_gopay,Partner_Bank,DEVf32de530,Bandung,0
TXN0007147,CUST11156,2026-06-17 07:24:00,topup,54739,e-wallet_gopay,Retail_Outlet,DEVa4d7809a,Semarang,0
TXN0004001,CUST10653,2026-06-17 07:27:00,topup,24894,credit_card,Web_Portal,DEV9d6ba3b5,Denpasar,0
TXN0006067,CUST10974,2026-06-17 07:32:00,topup,7172,virtual_account,Retail_Outlet,DEV25db9dbd,Makassar,0
TXN0007577,CUST10068,2026-06-17 08:00:00,promo_bundle_redeem,0,promo_credit,MyApp,DEVa1592b44,Semarang,1
TXN0004907,CUST10797,2026-06-17 08:33:00,topup,34064,e-wallet_dana,Retail_Outlet,DEVdebf96d3,Surabaya,0
TXN0005183,CUST10838,2026-06-17 08:34:00,topup,23681,retail_counter,USSD,DEV05bba5e4,Jakarta,0
TXN0005679,CUST10915,2026-06-17 08:35:00,topup,5000,credit_card,Partner_Bank,DEV7f2382b5,Malang,0
TXN0004548,CUST10736,2026-06-17 08:56:00,topup,34755,retail_counter,Retail_Outlet,DEV65924c9f,Yogyakarta,0
TXN0004715,CUST10767,2026-06-17 09:15:00,topup,41334,bank_transfer,Partner_Bank,DEV70184f95,Yogyakarta,0
TXN0004960,CUST10806,2026-06-17 09:31:00,topup,32452,credit_card,USSD,DEVfb66bcaf,Jakarta,0
TXN0006669,CUST11075,2026-06-17 10:01:00,topup,9660,e-wallet_gopay,Retail_Outlet,DEVd74d930e,Medan,0
TXN0003795,CUST10622,2026-06-17 10:07:00,topup,6391,credit_card,MyApp,DEV2abc4b2f,Palembang,0
TXN0005549,CUST10892,2026-06-17 10:10:00,topup,10999,retail_counter,Retail_Outlet,DEV2a6504e1,Yogyakarta,0
TXN0001733,CUST10297,2026-06-17 10:13:00,topup,20746,retail_counter,Web_Portal,DEV9f8c2c51,Bandung,0
TXN0000473,CUST10078,2026-06-17 10:48:00,topup,65628,bank_transfer,MyApp,DEVbd0b0fa2,Denpasar,0
TXN0006891,CUST11112,2026-06-17 10:55:00,topup,5000,e-wallet_dana,Web_Portal,DEVfe8c686a,Palembang,0
TXN0001060,CUST10173,2026-06-17 11:00:00,topup,24174,e-wallet_dana,Retail_Outlet,DEVf3402dd3,Jakarta,0
TXN0002834,CUST10472,2026-06-17 11:16:00,topup,7690,e-wallet_dana,Partner_Bank,DEV51683612,Pekanbaru,0
TXN0006909,CUST11116,2026-06-17 11:16:00,topup,64649,credit_card,Retail_Outlet,DEVc8c67501,Surabaya,0
TXN0006784,CUST11094,2026-06-17 11:18:00,topup,7326,e-wallet_gopay,Web_Portal,DEVfa98f0cf,Surabaya,0
TXN0003337,CUST10550,2026-06-17 11:21:00,topup,11851,e-wallet_ovo,MyApp,DEV40c8c7a3,Balikpapan,0
TXN0006968,CUST11124,2026-06-17 11:22:00,topup,40988,e-wallet_gopay,MyApp,DEVbe007552,Denpasar,0
TXN0007142,CUST11155,2026-06-17 12:13:00,topup,27370,virtual_account,USSD,DEVd5b26840,Yogyakarta,0
TXN0000771,CUST10129,2026-06-17 12:28:00,topup,14546,credit_card,Partner_Bank,DEV59e110eb,Bandung,0
TXN0002873,CUST10478,2026-06-17 12:36:00,topup,5000,e-wallet_gopay,Web_Portal,DEV22212e52,Denpasar,0
TXN0005470,CUST10881,2026-06-17 12:43:00,topup,18761,e-wallet_dana,MyApp,DEVc5d899df,Balikpapan,0
TXN0000992,CUST10163,2026-06-17 12:45:00,topup,5000,e-wallet_ovo,Partner_Bank,DEV25ce2a21,Surabaya,0
TXN0006630,CUST11068,2026-06-17 12:50:00,topup,21265,e-wallet_gopay,USSD,DEV066208b6,Bandung,0
TXN0000215,CUST10036,2026-06-17 12:59:00,topup,36433,credit_card,MyApp,DEV4cec495b,Balikpapan,0
TXN0003045,CUST10505,2026-06-17 13:00:00,topup,17396,virtual_account,Web_Portal,DEVe6d037c6,Bandung,0
TXN0003088,CUST10511,2026-06-17 13:15:00,topup,47484,e-wallet_dana,USSD,DEVbf3b1681,Semarang,0
TXN0003916,CUST10639,2026-06-17 13:23:00,topup,13960,credit_card,Retail_Outlet,DEVe06a46b2,Pekanbaru,0
TXN0004122,CUST10669,2026-06-17 13:27:00,topup,32708,credit_card,Retail_Outlet,DEV334dd7aa,Malang,0
TXN0004543,CUST10735,2026-06-17 14:05:00,topup,11806,e-wallet_dana,USSD,DEVd9caa609,Bandung,0
TXN0006802,CUST11097,2026-06-17 14:11:00,topup,52839,e-wallet_gopay,Web_Portal,DEVce972144,Yogyakarta,0
TXN0003196,CUST10527,2026-06-17 14:18:00,topup,12798,e-wallet_gopay,MyApp,DEVcefc0e85,Surabaya,0
TXN0001587,CUST10274,2026-06-17 14:18:00,topup,23358,retail_counter,Retail_Outlet,DEV1cc0b764,Denpasar,0
TXN0001317,CUST10220,2026-06-17 14:42:00,topup,36529,bank_transfer,MyApp,DEV4674a0eb,Yogyakarta,0
TXN0003098,CUST10513,2026-06-17 14:56:00,topup,27009,bank_transfer,MyApp,DEV78428071,Balikpapan,0
TXN0002641,CUST10440,2026-06-17 15:12:00,topup,31694,e-wallet_gopay,MyApp,DEVdf223246,Pekanbaru,0
TXN0005455,CUST10879,2026-06-17 15:40:00,topup,5000,bank_transfer,Web_Portal,DEVb504cdaf,Semarang,0
TXN0002115,CUST10358,2026-06-17 15:44:00,topup,31968,e-wallet_dana,Retail_Outlet,DEVcfd42949,Makassar,0
TXN0000419,CUST10069,2026-06-17 15:50:00,topup,5906,retail_counter,MyApp,DEVc1d48a10,Bandung,0
TXN0002968,CUST10493,2026-06-17 16:06:00,topup,5000,e-wallet_ovo,USSD,DEV861550f6,Bandung,0
TXN0004628,CUST10752,2026-06-17 16:16:00,topup,51455,retail_counter,MyApp,DEV034f2029,Semarang,0
TXN0002262,CUST10380,2026-06-17 16:50:00,topup,42728,credit_card,Partner_Bank,DEVc227e0f2,Medan,0
TXN0006313,CUST11014,2026-06-17 17:21:00,topup,46560,credit_card,Web_Portal,DEV91b6aa01,Makassar,0
TXN0000609,CUST10101,2026-06-17 18:10:00,topup,17977,virtual_account,Web_Portal,DEV3ae0acdb,Yogyakarta,0
TXN0003792,CUST10622,2026-06-17 18:28:00,topup,5000,e-wallet_gopay,Web_Portal,DEVb61d1f43,Palembang,0
TXN0002754,CUST10459,2026-06-17 18:33:00,topup,6730,virtual_account,USSD,DEV2b10a823,Denpasar,0
TXN0003758,CUST10616,2026-06-17 18:41:00,topup,5000,e-wallet_dana,Retail_Outlet,DEVbdf68eb0,Palembang,0
TXN0002573,CUST10429,2026-06-17 19:00:00,topup,5000,bank_transfer,MyApp,DEV8c813e53,Denpasar,0
TXN0004117,CUST10669,2026-06-17 19:11:00,topup,39399,credit_card,Web_Portal,DEVa9d500dd,Malang,0
TXN0006416,CUST11030,2026-06-17 19:23:00,topup,51359,e-wallet_ovo,Web_Portal,DEV21366a4d,Medan,0
TXN0001852,CUST10317,2026-06-17 19:25:00,topup,5000,e-wallet_ovo,Web_Portal,DEVeafd3e7b,Yogyakarta,0
TXN0007173,CUST11160,2026-06-17 19:27:00,topup,30815,e-wallet_ovo,Web_Portal,DEV4344c269,Palembang,0
TXN0004195,CUST10681,2026-06-17 19:42:00,topup,6640,retail_counter,Retail_Outlet,DEV4d4ef3fa,Jakarta,0
TXN0000664,CUST10111,2026-06-17 19:44:00,topup,42517,credit_card,Retail_Outlet,DEV8d56bff6,Surabaya,0
TXN0001308,CUST10218,2026-06-17 20:26:00,topup,25942,e-wallet_gopay,Web_Portal,DEVb1eedf64,Medan,0
TXN0005732,CUST10924,2026-06-17 20:32:00,topup,30073,e-wallet_dana,USSD,DEV97c75839,Palembang,0
TXN0003670,CUST10603,2026-06-17 20:56:00,topup,50301,retail_counter,Partner_Bank,DEVe3f2df80,Jakarta,0
TXN0004422,CUST10717,2026-06-17 20:58:00,topup,25633,credit_card,Partner_Bank,DEVa9230810,Makassar,0
TXN0002613,CUST10436,2026-06-17 21:05:00,topup,5000,retail_counter,MyApp,DEVf1bb5d9b,Surabaya,0
TXN0002972,CUST10494,2026-06-17 21:09:00,topup,24440,retail_counter,Web_Portal,DEV0f9027d5,Pekanbaru,0
TXN0003560,CUST10586,2026-06-17 21:42:00,topup,16323,e-wallet_ovo,MyApp,DEV96b93974,Yogyakarta,0
TXN0004332,CUST10703,2026-06-17 21:45:00,topup,23110,e-wallet_gopay,MyApp,DEVbf0aabdf,Palembang,0
TXN0006390,CUST11026,2026-06-17 21:53:00,topup,26909,credit_card,Retail_Outlet,DEVd7718c05,Makassar,0
TXN0007116,CUST11151,2026-06-17 21:56:00,topup,31911,e-wallet_gopay,Web_Portal,DEV3bcb4f32,Bandung,0
TXN0002164,CUST10363,2026-06-17 22:09:00,topup,5000,retail_counter,MyApp,DEV07298d47,Medan,0
TXN0001567,CUST10269,2026-06-18 06:00:00,topup,34012,retail_counter,Partner_Bank,DEV2ea9ef6c,Bandung,0
TXN0000935,CUST10153,2026-06-18 06:18:00,topup,48265,credit_card,Retail_Outlet,DEV73d0b6c7,Pekanbaru,0
TXN0006510,CUST11046,2026-06-18 06:43:00,topup,5000,e-wallet_gopay,MyApp,DEVf11b9c1b,Denpasar,0
TXN0004814,CUST10781,2026-06-18 07:01:00,topup,5000,bank_transfer,MyApp,DEV61a93ecf,Palembang,0
TXN0006158,CUST10989,2026-06-18 07:36:00,topup,5000,bank_transfer,Web_Portal,DEV12a34b04,Jakarta,0
TXN0001218,CUST10201,2026-06-18 07:42:00,topup,12559,e-wallet_gopay,Web_Portal,DEVc3b1927b,Semarang,0
TXN0002942,CUST10490,2026-06-18 07:56:00,topup,34102,e-wallet_ovo,Retail_Outlet,DEV5256f928,Malang,0
TXN0007151,CUST11157,2026-06-18 08:08:00,topup,35644,credit_card,Retail_Outlet,DEV375af79e,Yogyakarta,0
TXN0002368,CUST10396,2026-06-18 08:20:00,topup,23380,e-wallet_ovo,Retail_Outlet,DEV35d21dea,Bandung,0
TXN0000818,CUST10135,2026-06-18 08:23:00,topup,5000,e-wallet_gopay,Retail_Outlet,DEVb011b125,Bandung,0
TXN0000730,CUST10122,2026-06-18 08:24:00,topup,14045,e-wallet_gopay,MyApp,DEV7e1f48c4,Yogyakarta,0
TXN0004905,CUST10797,2026-06-18 08:47:00,topup,52701,virtual_account,Web_Portal,DEV8af6d268,Surabaya,0
TXN0006979,CUST11126,2026-06-18 09:07:00,topup,30531,credit_card,USSD,DEV52ed2487,Surabaya,0
TXN0000527,CUST10086,2026-06-18 09:11:00,topup,5000,bank_transfer,Partner_Bank,DEVd926fe41,Pekanbaru,0
TXN0006755,CUST11089,2026-06-18 10:15:00,topup,14604,e-wallet_dana,Web_Portal,DEVe8f66646,Semarang,0
TXN0004920,CUST10800,2026-06-18 10:28:00,topup,19336,e-wallet_dana,USSD,DEVc36db2ec,Medan,0
TXN0002003,CUST10338,2026-06-18 10:37:00,topup,5000,credit_card,Partner_Bank,DEV5761b099,Jakarta,0
TXN0001271,CUST10210,2026-06-18 10:45:00,topup,35803,bank_transfer,USSD,DEVb636cc4c,Medan,0
TXN0003732,CUST10613,2026-06-18 10:46:00,topup,32144,e-wallet_dana,Web_Portal,DEVc96782fb,Makassar,0
TXN0002909,CUST10485,2026-06-18 10:58:00,topup,5000,virtual_account,USSD,DEVc0476d80,Malang,0
TXN0004207,CUST10683,2026-06-18 11:05:00,topup,25143,e-wallet_dana,Retail_Outlet,DEV0bb5c276,Palembang,0
TXN0000910,CUST10149,2026-06-18 11:34:00,topup,48224,e-wallet_dana,Retail_Outlet,DEV5c65a65c,Yogyakarta,0
TXN0002582,CUST10430,2026-06-18 11:40:00,topup,27515,retail_counter,Web_Portal,DEV60b217f9,Denpasar,0
TXN0000852,CUST10141,2026-06-18 11:54:00,topup,40868,bank_transfer,MyApp,DEV3f46057b,Semarang,0
TXN0007030,CUST11134,2026-06-18 11:58:00,topup,5000,virtual_account,USSD,DEV00bd2562,Balikpapan,0
TXN0003136,CUST10519,2026-06-18 12:00:00,topup,17837,virtual_account,Retail_Outlet,DEVacb83fce,Yogyakarta,0
TXN0005005,CUST10812,2026-06-18 12:03:00,topup,77629,credit_card,Web_Portal,DEV145deec7,Denpasar,0
TXN0001167,CUST10191,2026-06-18 12:04:00,topup,19408,e-wallet_dana,Retail_Outlet,DEV93d054e4,Pekanbaru,0
TXN0002646,CUST10441,2026-06-18 12:08:00,topup,5000,bank_transfer,Partner_Bank,DEV3c1a8ce2,Palembang,0
TXN0002865,CUST10478,2026-06-18 12:42:00,topup,16331,virtual_account,Retail_Outlet,DEV88c982ec,Denpasar,0
TXN0000517,CUST10085,2026-06-18 12:47:00,topup,33436,bank_transfer,USSD,DEV0614ac41,Jakarta,0
TXN0004866,CUST10790,2026-06-18 12:50:00,topup,5000,retail_counter,Partner_Bank,DEV1c82780f,Malang,0
TXN0005838,CUST10938,2026-06-18 13:27:00,topup,26822,bank_transfer,USSD,DEV7f3dcbf9,Yogyakarta,0
TXN0001161,CUST10190,2026-06-18 13:36:00,topup,48622,e-wallet_gopay,MyApp,DEV75eb0e8f,Balikpapan,0
TXN0000367,CUST10060,2026-06-18 14:05:00,topup,31525,e-wallet_dana,Partner_Bank,DEV1a8cf13c,Denpasar,0
TXN0001940,CUST10329,2026-06-18 14:10:00,topup,10854,bank_transfer,Partner_Bank,DEV1ccc33c1,Surabaya,0
TXN0003076,CUST10510,2026-06-18 14:11:00,topup,5000,credit_card,Partner_Bank,DEV86e5edf4,Pekanbaru,0
TXN0003108,CUST10514,2026-06-18 14:29:00,topup,5000,e-wallet_gopay,Web_Portal,DEV420fd9a8,Balikpapan,0
TXN0001274,CUST10211,2026-06-18 14:34:00,topup,44027,e-wallet_ovo,MyApp,DEV8e301bcc,Surabaya,0
TXN0001278,CUST10211,2026-06-18 14:36:00,topup,31602,credit_card,Partner_Bank,DEVa5fcd671,Surabaya,0
TXN0001501,CUST10256,2026-06-18 15:06:00,topup,56958,credit_card,USSD,DEV64f22a7c,Pekanbaru,0
TXN0000482,CUST10079,2026-06-18 15:11:00,topup,31485,retail_counter,USSD,DEV0a398bf7,Pekanbaru,0
TXN0001138,CUST10187,2026-06-18 15:58:00,topup,5000,retail_counter,Partner_Bank,DEVd90949aa,Balikpapan,0
TXN0001772,CUST10304,2026-06-18 16:06:00,topup,16834,credit_card,Partner_Bank,DEV7d05121c,Surabaya,0
TXN0002178,CUST10366,2026-06-18 16:10:00,topup,5000,retail_counter,Partner_Bank,DEV9ff0f466,Denpasar,0
TXN0005498,CUST10885,2026-06-18 16:32:00,topup,52383,e-wallet_ovo,Retail_Outlet,DEVd789c624,Semarang,0
TXN0000365,CUST10060,2026-06-18 16:52:00,topup,52994,virtual_account,MyApp,DEV21ec4754,Denpasar,0
TXN0001754,CUST10300,2026-06-18 17:07:00,topup,5000,e-wallet_dana,Retail_Outlet,DEVc4376d89,Palembang,0
TXN0001057,CUST10173,2026-06-18 17:52:00,topup,16683,virtual_account,USSD,DEV794e0838,Jakarta,0
TXN0000018,CUST10002,2026-06-18 17:54:00,topup,21185,bank_transfer,Retail_Outlet,DEVc2492e5e,Makassar,0
TXN0000585,CUST10096,2026-06-18 17:58:00,topup,34857,bank_transfer,Web_Portal,DEVf6c8b8b9,Palembang,0
TXN0005127,CUST10832,2026-06-18 18:12:00,topup,30719,virtual_account,Retail_Outlet,DEVb1d06d8a,Semarang,0
TXN0000010,CUST10001,2026-06-18 18:17:00,topup,7789,bank_transfer,USSD,DEV3e19fc1d,Yogyakarta,0
TXN0004709,CUST10765,2026-06-18 18:20:00,topup,20549,e-wallet_ovo,Partner_Bank,DEV890d58e5,Bandung,0
TXN0000665,CUST10111,2026-06-18 18:24:00,topup,42906,retail_counter,USSD,DEV2dc09158,Surabaya,0
TXN0003106,CUST10513,2026-06-18 18:42:00,topup,17550,bank_transfer,Partner_Bank,DEV6c726915,Balikpapan,0
TXN0001293,CUST10213,2026-06-18 18:43:00,topup,31082,virtual_account,USSD,DEV948c7eb4,Medan,0
TXN0001235,CUST10203,2026-06-18 18:49:00,topup,16569,retail_counter,Retail_Outlet,DEV4d579d00,Makassar,0
TXN0004256,CUST10689,2026-06-18 18:55:00,topup,5000,virtual_account,USSD,DEV6b08984b,Medan,0
TXN0004911,CUST10797,2026-06-18 19:06:00,topup,38328,e-wallet_gopay,Retail_Outlet,DEVf1758208,Surabaya,0
TXN0000713,CUST10119,2026-06-18 19:27:00,topup,5000,bank_transfer,Web_Portal,DEVc9e55c47,Yogyakarta,0
TXN0003119,CUST10516,2026-06-18 19:36:00,topup,26796,retail_counter,Retail_Outlet,DEV0dfef633,Palembang,0
TXN0004361,CUST10707,2026-06-18 19:42:00,topup,33368,bank_transfer,Web_Portal,DEVa28af08d,Malang,0
TXN0003602,CUST10592,2026-06-18 19:43:00,topup,9964,bank_transfer,Web_Portal,DEVa32c5e99,Malang,0
TXN0007565,CUST10061,2026-06-18 20:00:00,promo_bundle_redeem,0,promo_credit,MyApp,DEV82ee6e08,Surabaya,1
TXN0004615,CUST10750,2026-06-18 20:01:00,topup,5000,e-wallet_gopay,MyApp,DEV2b1feecd,Surabaya,0
TXN0001520,CUST10260,2026-06-18 20:05:00,topup,33105,e-wallet_ovo,MyApp,DEVaf4637b3,Bandung,0
TXN0006590,CUST11062,2026-06-18 20:07:00,topup,13193,bank_transfer,USSD,DEV00b30bda,Balikpapan,0
TXN0000214,CUST10036,2026-06-18 20:17:00,topup,35531,e-wallet_dana,Retail_Outlet,DEVf8f58a26,Balikpapan,0
TXN0007108,CUST11150,2026-06-18 20:35:00,topup,29346,virtual_account,Web_Portal,DEV147eeb2d,Medan,0
TXN0005184,CUST10838,2026-06-18 20:41:00,topup,5000,credit_card,USSD,DEVe60584a2,Jakarta,0
TXN0000632,CUST10105,2026-06-18 20:51:00,topup,20190,e-wallet_gopay,MyApp,DEVec1f41ce,Bandung,0
TXN0005389,CUST10868,2026-06-18 20:55:00,topup,25127,credit_card,Web_Portal,DEV8cf996a3,Palembang,0
TXN0002122,CUST10358,2026-06-18 21:03:00,topup,48310,e-wallet_dana,Web_Portal,DEV5738b277,Makassar,0
TXN0003640,CUST10597,2026-06-18 21:07:00,topup,5000,e-wallet_dana,Web_Portal,DEVce3fde9a,Yogyakarta,0
TXN0003298,CUST10544,2026-06-18 21:27:00,topup,24481,e-wallet_dana,Retail_Outlet,DEV4312153d,Balikpapan,0
TXN0003783,CUST10619,2026-06-18 21:41:00,topup,5000,virtual_account,Web_Portal,DEVe8c5a3b0,Jakarta,0
TXN0004098,CUST10666,2026-06-18 21:42:00,topup,20637,e-wallet_ovo,MyApp,DEV79ba19db,Medan,0
TXN0000753,CUST10126,2026-06-18 21:43:00,topup,5000,retail_counter,MyApp,DEV9247e851,Malang,0
TXN0003151,CUST10521,2026-06-18 21:52:00,topup,12046,bank_transfer,Retail_Outlet,DEV9f9bc7bd,Balikpapan,0
TXN0006148,CUST10987,2026-06-18 22:14:00,topup,30184,virtual_account,Partner_Bank,DEVe5b23a6d,Jakarta,0
TXN0006093,CUST10978,2026-06-18 22:23:00,topup,32578,e-wallet_gopay,USSD,DEVc3575ff1,Jakarta,0
TXN0003939,CUST10642,2026-06-18 22:25:00,topup,5000,retail_counter,MyApp,DEVa1420851,Semarang,0
TXN0003750,CUST10616,2026-06-18 22:28:00,topup,5000,e-wallet_gopay,Partner_Bank,DEV9b622c0a,Palembang,0
TXN0000173,CUST10028,2026-06-18 22:58:00,topup,5000,e-wallet_ovo,Web_Portal,DEVab0b4cc5,Surabaya,0
TXN0006224,CUST11001,2026-06-19 06:25:00,topup,12976,credit_card,MyApp,DEV240ed1db,Surabaya,0
TXN0002632,CUST10439,2026-06-19 07:09:00,topup,31690,e-wallet_ovo,USSD,DEVc6141017,Malang,0
TXN0001835,CUST10315,2026-06-19 07:10:00,topup,14884,e-wallet_dana,Web_Portal,DEVdce70289,Palembang,0
TXN0001789,CUST10306,2026-06-19 07:17:00,topup,5000,e-wallet_dana,Partner_Bank,DEV5037e669,Jakarta,0
TXN0003047,CUST10506,2026-06-19 07:41:00,topup,31282,retail_counter,Web_Portal,DEVf4dafcc8,Denpasar,0
TXN0003814,CUST10625,2026-06-19 07:48:00,topup,30946,credit_card,Partner_Bank,DEV47802d60,Denpasar,0
TXN0002938,CUST10489,2026-06-19 08:23:00,topup,44097,virtual_account,USSD,DEV5d13539c,Denpasar,0
TXN0000587,CUST10097,2026-06-19 08:23:00,topup,30409,bank_transfer,Partner_Bank,DEV23ef5561,Denpasar,0
TXN0006856,CUST11107,2026-06-19 08:29:00,topup,5000,e-wallet_gopay,USSD,DEV6e19f773,Malang,0
TXN0002040,CUST10343,2026-06-19 08:37:00,topup,24151,e-wallet_ovo,Partner_Bank,DEV4491be40,Medan,0
TXN0004178,CUST10679,2026-06-19 08:44:00,topup,16276,e-wallet_ovo,Retail_Outlet,DEV4b11c181,Yogyakarta,0
TXN0005827,CUST10936,2026-06-19 08:47:00,topup,5079,credit_card,Partner_Bank,DEVef19117f,Semarang,0
TXN0004230,CUST10685,2026-06-19 08:56:00,topup,23634,credit_card,USSD,DEV77a63918,Surabaya,0
TXN0006483,CUST11041,2026-06-19 08:59:00,topup,5000,retail_counter,Partner_Bank,DEV21737acd,Semarang,0
TXN0002103,CUST10356,2026-06-19 09:00:00,topup,32897,virtual_account,USSD,DEV93162f53,Yogyakarta,0
TXN0003014,CUST10500,2026-06-19 09:57:00,topup,5205,e-wallet_gopay,Web_Portal,DEV91d51b06,Denpasar,0
TXN0003561,CUST10586,2026-06-19 10:22:00,topup,47515,e-wallet_gopay,Partner_Bank,DEV467248f6,Yogyakarta,0
TXN0006827,CUST11101,2026-06-19 11:07:00,topup,15455,e-wallet_ovo,MyApp,DEV6ced484e,Surabaya,0
TXN0006002,CUST10965,2026-06-19 11:15:00,topup,50189,credit_card,MyApp,DEVf23657ec,Palembang,0
TXN0007417,CUST11198,2026-06-19 11:27:00,topup,7482,virtual_account,Partner_Bank,DEVd8c024a9,Jakarta,0
TXN0004674,CUST10760,2026-06-19 11:48:00,topup,41532,e-wallet_gopay,Retail_Outlet,DEVa46e47a2,Jakarta,0
TXN0001882,CUST10321,2026-06-19 12:11:00,topup,50430,e-wallet_dana,USSD,DEV92051da0,Pekanbaru,0
TXN0000300,CUST10049,2026-06-19 12:25:00,topup,51565,e-wallet_dana,Partner_Bank,DEVc79ddb62,Palembang,0
TXN0000180,CUST10030,2026-06-19 12:56:00,topup,5000,e-wallet_ovo,Retail_Outlet,DEV6511e61a,Semarang,0
TXN0001187,CUST10196,2026-06-19 13:00:00,topup,11905,e-wallet_ovo,MyApp,DEV192703a7,Yogyakarta,0
TXN0003701,CUST10609,2026-06-19 13:01:00,topup,5000,bank_transfer,Retail_Outlet,DEVc125798e,Yogyakarta,0
TXN0002794,CUST10466,2026-06-19 13:03:00,topup,32879,e-wallet_dana,USSD,DEVa87d21ff,Pekanbaru,0
TXN0006831,CUST11101,2026-06-19 13:04:00,topup,19872,bank_transfer,Partner_Bank,DEV7a761f37,Surabaya,0
TXN0003263,CUST10539,2026-06-19 13:04:00,topup,49378,e-wallet_ovo,Web_Portal,DEVac5d7133,Yogyakarta,0
TXN0000763,CUST10128,2026-06-19 13:21:00,topup,36691,virtual_account,USSD,DEV403fd582,Bandung,0
TXN0005147,CUST10834,2026-06-19 13:22:00,topup,24049,virtual_account,Retail_Outlet,DEV01e1af8f,Pekanbaru,0
TXN0007314,CUST11182,2026-06-19 13:28:00,topup,14593,retail_counter,Partner_Bank,DEV62a5aa21,Medan,0
TXN0000696,CUST10117,2026-06-19 13:44:00,topup,40335,retail_counter,Web_Portal,DEV8cb21aa2,Pekanbaru,0
TXN0003083,CUST10510,2026-06-19 13:50:00,topup,30306,virtual_account,Retail_Outlet,DEVd96da200,Pekanbaru,0
TXN0006358,CUST11020,2026-06-19 14:29:00,topup,27155,e-wallet_ovo,Web_Portal,DEV3772d3a3,Malang,0
TXN0004211,CUST10683,2026-06-19 14:29:00,topup,49081,e-wallet_ovo,MyApp,DEV46573d38,Palembang,0
TXN0007058,CUST11141,2026-06-19 14:49:00,topup,16596,e-wallet_ovo,Web_Portal,DEV50a2c011,Semarang,0
TXN0006977,CUST11126,2026-06-19 15:06:00,topup,15410,retail_counter,MyApp,DEVf14dfb3e,Surabaya,0
TXN0005210,CUST10842,2026-06-19 15:31:00,topup,24109,virtual_account,MyApp,DEVd9347309,Pekanbaru,0
TXN0004566,CUST10740,2026-06-19 15:38:00,topup,5268,bank_transfer,MyApp,DEV58fde70b,Denpasar,0
TXN0001250,CUST10207,2026-06-19 15:42:00,topup,17902,virtual_account,USSD,DEVd1e2b878,Malang,0
TXN0000264,CUST10044,2026-06-19 15:46:00,topup,30114,e-wallet_ovo,Partner_Bank,DEV6772fe9f,Makassar,0
TXN0006375,CUST11023,2026-06-19 15:52:00,topup,26728,retail_counter,USSD,DEV83a64431,Medan,0
TXN0002557,CUST10427,2026-06-19 15:58:00,topup,25150,virtual_account,Retail_Outlet,DEV71980a55,Surabaya,0
TXN0002907,CUST10485,2026-06-19 16:04:00,topup,25709,bank_transfer,Web_Portal,DEV7d338ca2,Malang,0
TXN0000881,CUST10145,2026-06-19 16:22:00,topup,42106,e-wallet_gopay,Retail_Outlet,DEV8f1c3fa0,Denpasar,0
TXN0003875,CUST10634,2026-06-19 16:22:00,topup,5000,e-wallet_dana,MyApp,DEVe595e3fa,Balikpapan,0
TXN0005577,CUST10897,2026-06-19 16:26:00,topup,15980,virtual_account,MyApp,DEV6ea28b15,Yogyakarta,0
TXN0005001,CUST10811,2026-06-19 16:41:00,topup,43795,retail_counter,Retail_Outlet,DEV7ecc0177,Bandung,0
TXN0000439,CUST10072,2026-06-19 16:43:00,topup,42514,bank_transfer,Partner_Bank,DEV505c7527,Balikpapan,0
TXN0002194,CUST10369,2026-06-19 16:52:00,topup,26781,e-wallet_dana,MyApp,DEVd6c34b19,Surabaya,0
TXN0004798,CUST10778,2026-06-19 16:54:00,topup,12260,e-wallet_dana,Retail_Outlet,DEVd4cd45a9,Pekanbaru,0
TXN0003834,CUST10627,2026-06-19 16:54:00,topup,19267,virtual_account,USSD,DEV89b4db80,Makassar,0
TXN0007125,CUST11153,2026-06-19 16:58:00,topup,36963,bank_transfer,Retail_Outlet,DEVeb5c4ed8,Malang,0
TXN0006779,CUST11093,2026-06-19 17:10:00,topup,17471,retail_counter,MyApp,DEV94eeda02,Malang,0
TXN0006331,CUST11016,2026-06-19 17:41:00,topup,10622,e-wallet_ovo,USSD,DEVfd481505,Semarang,0
TXN0005292,CUST10854,2026-06-19 17:53:00,topup,41229,bank_transfer,Partner_Bank,DEVf7f3dc54,Surabaya,0
TXN0007194,CUST11163,2026-06-19 17:56:00,topup,33521,credit_card,Retail_Outlet,DEV03e6551e,Bandung,0
TXN0007578,CUST10068,2026-06-19 18:00:00,promo_bundle_redeem,0,promo_credit,MyApp,DEVc3155e4b,Semarang,1
TXN0002026,CUST10340,2026-06-19 18:08:00,topup,45442,retail_counter,Partner_Bank,DEV7c2c0791,Denpasar,0
TXN0003240,CUST10534,2026-06-19 18:09:00,topup,42705,e-wallet_gopay,Partner_Bank,DEV8d814215,Semarang,0
TXN0007016,CUST11132,2026-06-19 18:14:00,topup,23203,virtual_account,Retail_Outlet,DEVcc1791f8,Malang,0
TXN0005772,CUST10930,2026-06-19 18:31:00,topup,41778,e-wallet_dana,Partner_Bank,DEVb360e8af,Jakarta,0
TXN0007386,CUST11193,2026-06-19 18:43:00,topup,25889,e-wallet_gopay,Partner_Bank,DEV5b345ede,Denpasar,0
TXN0003189,CUST10526,2026-06-19 19:11:00,topup,38095,e-wallet_ovo,MyApp,DEV57a911b3,Denpasar,0
TXN0005943,CUST10954,2026-06-19 19:25:00,topup,24401,virtual_account,Web_Portal,DEV7060ee63,Yogyakarta,0
TXN0003558,CUST10585,2026-06-19 20:00:00,topup,50127,e-wallet_gopay,Retail_Outlet,DEV334a34a8,Malang,0
TXN0003971,CUST10647,2026-06-19 20:09:00,topup,22494,e-wallet_dana,Partner_Bank,DEV5f0a74fb,Jakarta,0
TXN0002324,CUST10390,2026-06-19 20:34:00,topup,15482,e-wallet_gopay,USSD,DEVb69aca1e,Jakarta,0
TXN0001415,CUST10242,2026-06-19 20:37:00,topup,5000,e-wallet_dana,Web_Portal,DEVdec56dc3,Palembang,0
TXN0003111,CUST10515,2026-06-19 20:58:00,topup,36242,e-wallet_gopay,MyApp,DEV178926f3,Denpasar,0
TXN0004686,CUST10762,2026-06-19 21:06:00,topup,5000,credit_card,Retail_Outlet,DEVd37d8533,Medan,0
TXN0004728,CUST10769,2026-06-19 21:16:00,topup,18712,e-wallet_gopay,Retail_Outlet,DEV3b895644,Makassar,0
TXN0004065,CUST10661,2026-06-19 21:17:00,topup,51099,credit_card,Web_Portal,DEVa06a7de4,Pekanbaru,0
TXN0006255,CUST11005,2026-06-19 21:27:00,topup,38152,credit_card,USSD,DEV84add36e,Pekanbaru,0
TXN0002822,CUST10470,2026-06-19 21:30:00,topup,8037,bank_transfer,USSD,DEV5450c61f,Pekanbaru,0
TXN0003810,CUST10624,2026-06-19 22:05:00,topup,11741,e-wallet_ovo,MyApp,DEV26fa466b,Surabaya,0
TXN0000255,CUST10043,2026-06-19 22:11:00,topup,5000,e-wallet_ovo,MyApp,DEV8fbba749,Balikpapan,0
TXN0006178,CUST10992,2026-06-19 22:23:00,topup,23816,credit_card,USSD,DEV55b82364,Yogyakarta,0
TXN0004111,CUST10668,2026-06-19 22:33:00,topup,23850,credit_card,Partner_Bank,DEV44f4d74f,Denpasar,0
TXN0004233,CUST10686,2026-06-19 22:38:00,topup,33694,e-wallet_gopay,Partner_Bank,DEVc3d31e5c,Balikpapan,0
TXN0005338,CUST10860,2026-06-19 22:46:00,topup,5000,bank_transfer,Retail_Outlet,DEVd3f63623,Pekanbaru,0
TXN0006284,CUST11009,2026-06-19 22:52:00,topup,26152,retail_counter,Retail_Outlet,DEV9c174363,Makassar,0
TXN0005704,CUST10919,2026-06-19 22:56:00,topup,5000,bank_transfer,Retail_Outlet,DEV5b33cb3f,Palembang,0
TXN0000865,CUST10142,2026-06-19 22:59:00,topup,24517,e-wallet_ovo,Web_Portal,DEV6553b15f,Semarang,0
TXN0005584,CUST10898,2026-06-20 06:05:00,topup,54226,virtual_account,USSD,DEVcdf5a57f,Pekanbaru,0
TXN0000967,CUST10158,2026-06-20 06:08:00,topup,10228,e-wallet_gopay,USSD,DEVf89617fa,Malang,0
TXN0001476,CUST10250,2026-06-20 06:36:00,topup,44969,e-wallet_ovo,USSD,DEV95c89b2d,Palembang,0
TXN0000615,CUST10102,2026-06-20 06:48:00,topup,27746,e-wallet_gopay,MyApp,DEV7aa1219a,Medan,0
TXN0005512,CUST10887,2026-06-20 07:29:00,topup,8747,credit_card,USSD,DEV2541f181,Balikpapan,0
TXN0001961,CUST10332,2026-06-20 07:33:00,topup,37724,credit_card,MyApp,DEVcc0a628b,Jakarta,0
TXN0006903,CUST11114,2026-06-20 07:44:00,topup,8753,e-wallet_ovo,USSD,DEV411feb55,Balikpapan,0
TXN0005404,CUST10870,2026-06-20 08:16:00,topup,25873,e-wallet_gopay,Partner_Bank,DEV0a39561f,Jakarta,0
TXN0006069,CUST10974,2026-06-20 08:27:00,topup,18570,virtual_account,USSD,DEV13a5893a,Makassar,0
TXN0006739,CUST11086,2026-06-20 08:29:00,topup,5000,e-wallet_ovo,MyApp,DEVfcce4fb6,Balikpapan,0
TXN0004620,CUST10750,2026-06-20 08:46:00,topup,9278,retail_counter,Partner_Bank,DEV3dc559fc,Surabaya,0
TXN0001665,CUST10286,2026-06-20 09:04:00,topup,5000,e-wallet_ovo,Web_Portal,DEVf859396d,Jakarta,0
TXN0006291,CUST11010,2026-06-20 09:13:00,topup,5000,e-wallet_gopay,Retail_Outlet,DEV8b418bdf,Yogyakarta,0
TXN0006215,CUST10998,2026-06-20 09:31:00,topup,11990,credit_card,Web_Portal,DEVc016215d,Makassar,0
TXN0006763,CUST11090,2026-06-20 09:48:00,topup,60275,credit_card,MyApp,DEVbd86a1ab,Denpasar,0
TXN0006548,CUST11054,2026-06-20 10:02:00,topup,28070,retail_counter,MyApp,DEVd8ccacd5,Medan,0
TXN0007223,CUST11167,2026-06-20 10:20:00,topup,28999,e-wallet_dana,Retail_Outlet,DEVc07ec4c4,Balikpapan,0
TXN0005683,CUST10916,2026-06-20 11:03:00,topup,25645,virtual_account,MyApp,DEVb9c8ddd8,Jakarta,0
TXN0000927,CUST10152,2026-06-20 11:42:00,topup,5000,retail_counter,USSD,DEV999413cc,Pekanbaru,0
TXN0001070,CUST10175,2026-06-20 11:45:00,topup,38522,e-wallet_gopay,Web_Portal,DEV8941bdd3,Malang,0
TXN0004691,CUST10763,2026-06-20 11:46:00,topup,19961,virtual_account,Web_Portal,DEVcfc01fbc,Jakarta,0
TXN0006417,CUST11030,2026-06-20 11:48:00,topup,17586,virtual_account,Partner_Bank,DEVfc1b3217,Medan,0
TXN0001618,CUST10279,2026-06-20 12:46:00,topup,17393,e-wallet_dana,Web_Portal,DEVea350f17,Jakarta,0
TXN0007165,CUST11159,2026-06-20 13:06:00,topup,17964,credit_card,Partner_Bank,DEV5728e2b6,Semarang,0
TXN0001220,CUST10201,2026-06-20 13:38:00,topup,51375,e-wallet_ovo,Retail_Outlet,DEVb2d7692a,Semarang,0
TXN0003818,CUST10625,2026-06-20 13:40:00,topup,40621,bank_transfer,Retail_Outlet,DEVed944378,Denpasar,0
TXN0002837,CUST10473,2026-06-20 13:41:00,topup,32404,e-wallet_gopay,USSD,DEV8d3a5b2d,Bandung,0
TXN0001967,CUST10333,2026-06-20 14:05:00,topup,35859,e-wallet_gopay,Web_Portal,DEVc5583a17,Bandung,0
TXN0000637,CUST10106,2026-06-20 14:06:00,topup,41852,virtual_account,Partner_Bank,DEV9b02c535,Malang,0
TXN0003038,CUST10504,2026-06-20 14:53:00,topup,29447,bank_transfer,Web_Portal,DEV8b6daa25,Balikpapan,0
TXN0000259,CUST10043,2026-06-20 14:54:00,topup,5000,credit_card,USSD,DEV46e1ee40,Balikpapan,0
TXN0006138,CUST10985,2026-06-20 15:00:00,topup,20445,e-wallet_dana,USSD,DEVf8eb7113,Surabaya,0
TXN0001113,CUST10181,2026-06-20 15:12:00,topup,5000,e-wallet_gopay,Partner_Bank,DEVe1d5c0dc,Makassar,0
TXN0000501,CUST10082,2026-06-20 15:39:00,topup,22585,e-wallet_gopay,MyApp,DEVcbd431cc,Pekanbaru,0
TXN0005968,CUST10959,2026-06-20 15:46:00,topup,17390,bank_transfer,Retail_Outlet,DEV2b94906d,Medan,0
TXN0006992,CUST11127,2026-06-20 16:03:00,topup,27730,credit_card,USSD,DEV78f45889,Makassar,0
TXN0004302,CUST10697,2026-06-20 16:17:00,topup,5251,e-wallet_dana,Partner_Bank,DEVb06f0681,Medan,0
TXN0006198,CUST10996,2026-06-20 16:17:00,topup,52229,bank_transfer,Retail_Outlet,DEVa01989d1,Medan,0
TXN0001602,CUST10276,2026-06-20 16:22:00,topup,22729,retail_counter,MyApp,DEV62d846d0,Jakarta,0
TXN0006408,CUST11029,2026-06-20 16:25:00,topup,37489,bank_transfer,USSD,DEV85123413,Malang,0
TXN0001894,CUST10323,2026-06-20 16:30:00,topup,54796,credit_card,Retail_Outlet,DEV340155bd,Malang,0
TXN0000724,CUST10121,2026-06-20 16:38:00,topup,14880,retail_counter,Retail_Outlet,DEVbcb3636d,Surabaya,0
TXN0003321,CUST10548,2026-06-20 16:47:00,topup,20606,e-wallet_ovo,Web_Portal,DEVb544f70c,Medan,0
TXN0006545,CUST11054,2026-06-20 16:51:00,topup,5000,e-wallet_dana,Partner_Bank,DEV227763f8,Medan,0
TXN0003579,CUST10588,2026-06-20 16:55:00,topup,35103,e-wallet_dana,Partner_Bank,DEVec68fc07,Jakarta,0
TXN0007240,CUST11170,2026-06-20 17:00:00,topup,31896,credit_card,Web_Portal,DEVc5eba017,Jakarta,0
TXN0006371,CUST11022,2026-06-20 17:32:00,topup,30716,credit_card,Web_Portal,DEV8612944f,Palembang,0
TXN0002345,CUST10392,2026-06-20 17:34:00,topup,5000,e-wallet_dana,MyApp,DEV90ebba12,Makassar,0
TXN0004657,CUST10757,2026-06-20 17:36:00,topup,25135,e-wallet_dana,USSD,DEV291c9094,Yogyakarta,0
TXN0001305,CUST10217,2026-06-20 17:52:00,topup,13093,retail_counter,USSD,DEV92ef63c1,Malang,0
TXN0002290,CUST10385,2026-06-20 18:10:00,topup,7646,bank_transfer,Partner_Bank,DEVeb1bb47f,Denpasar,0
TXN0000841,CUST10139,2026-06-20 18:14:00,topup,21620,credit_card,Retail_Outlet,DEV3799a376,Makassar,0
TXN0001815,CUST10311,2026-06-20 18:16:00,topup,5000,bank_transfer,MyApp,DEV8cfb137c,Surabaya,0
TXN0006554,CUST11055,2026-06-20 18:27:00,topup,5618,e-wallet_gopay,USSD,DEVc77ae3b1,Balikpapan,0
TXN0007090,CUST11147,2026-06-20 18:37:00,topup,20673,credit_card,Partner_Bank,DEVc391a132,Malang,0
TXN0004752,CUST10771,2026-06-20 18:54:00,topup,5000,credit_card,Retail_Outlet,DEVe119e331,Surabaya,0
TXN0001661,CUST10285,2026-06-20 18:56:00,topup,5000,e-wallet_ovo,Retail_Outlet,DEV21986e3c,Surabaya,0
TXN0007040,CUST11136,2026-06-20 19:03:00,topup,61194,virtual_account,USSD,DEV80cb135d,Medan,0
TXN0002635,CUST10439,2026-06-20 19:13:00,topup,35820,e-wallet_dana,USSD,DEV2fb7e9bd,Malang,0
TXN0006569,CUST11058,2026-06-20 19:25:00,topup,17245,credit_card,USSD,DEVb8b75626,Malang,0
TXN0005750,CUST10926,2026-06-20 19:39:00,topup,12340,credit_card,Web_Portal,DEV1d061735,Denpasar,0
TXN0005867,CUST10941,2026-06-20 19:47:00,topup,30046,e-wallet_ovo,MyApp,DEVce2fbaf4,Surabaya,0
TXN0002281,CUST10384,2026-06-20 20:03:00,topup,23987,credit_card,Partner_Bank,DEV9d4d0658,Jakarta,0
TXN0004839,CUST10787,2026-06-20 20:37:00,topup,34961,e-wallet_ovo,USSD,DEV48e918f9,Pekanbaru,0
TXN0000252,CUST10042,2026-06-20 21:03:00,topup,17317,bank_transfer,USSD,DEV9fa4a627,Yogyakarta,0
TXN0002346,CUST10392,2026-06-20 21:17:00,topup,37623,credit_card,Partner_Bank,DEV4cb4a7f6,Makassar,0
TXN0004810,CUST10780,2026-06-20 21:59:00,topup,11370,bank_transfer,Retail_Outlet,DEV2f8a637d,Surabaya,0
TXN0000377,CUST10062,2026-06-20 21:59:00,topup,8492,bank_transfer,MyApp,DEV865a7766,Yogyakarta,0
TXN0000565,CUST10093,2026-06-20 22:08:00,topup,34634,e-wallet_dana,MyApp,DEV5c074653,Pekanbaru,0
TXN0004141,CUST10673,2026-06-20 22:11:00,topup,5000,e-wallet_dana,USSD,DEV5cbe693e,Surabaya,0
TXN0003279,CUST10542,2026-06-20 22:47:00,topup,17699,virtual_account,Web_Portal,DEVc31db215,Palembang,0
TXN0004369,CUST10709,2026-06-20 22:48:00,topup,44464,credit_card,Web_Portal,DEVa03c67ff,Balikpapan,0
TXN0003520,CUST10578,2026-06-20 22:50:00,topup,5000,e-wallet_gopay,Retail_Outlet,DEVf62162ab,Balikpapan,0
TXN0002708,CUST10451,2026-06-21 06:06:00,topup,5000,bank_transfer,Partner_Bank,DEV92a593c8,Denpasar,0
TXN0001427,CUST10243,2026-06-21 06:13:00,topup,20242,retail_counter,Partner_Bank,DEV1027fbf7,Denpasar,0
TXN0005857,CUST10940,2026-06-21 06:21:00,topup,41512,retail_counter,Retail_Outlet,DEV88f47eed,Jakarta,0
TXN0005330,CUST10859,2026-06-21 06:33:00,topup,37621,e-wallet_ovo,Web_Portal,DEV8d938a78,Denpasar,0
TXN0007372,CUST11190,2026-06-21 06:55:00,topup,35595,bank_transfer,MyApp,DEV2e7cdb3f,Pekanbaru,0
TXN0004488,CUST10727,2026-06-21 07:02:00,topup,21786,virtual_account,Retail_Outlet,DEV7a5cd426,Pekanbaru,0
TXN0005768,CUST10929,2026-06-21 07:05:00,topup,11272,credit_card,Web_Portal,DEV1b5d3449,Balikpapan,0
TXN0007243,CUST11171,2026-06-21 07:37:00,topup,58832,virtual_account,Web_Portal,DEV1131f87f,Denpasar,0
TXN0006279,CUST11008,2026-06-21 08:10:00,topup,19177,e-wallet_dana,Web_Portal,DEVd77dd689,Surabaya,0
TXN0005598,CUST10900,2026-06-21 08:29:00,topup,39150,bank_transfer,Retail_Outlet,DEVff0e88ea,Denpasar,0
TXN0005201,CUST10840,2026-06-21 08:49:00,topup,5000,e-wallet_dana,USSD,DEVc5001e3e,Pekanbaru,0
TXN0000398,CUST10066,2026-06-21 08:56:00,topup,16674,bank_transfer,Partner_Bank,DEV092c4801,Balikpapan,0
TXN0004460,CUST10722,2026-06-21 09:00:00,topup,35431,e-wallet_dana,Retail_Outlet,DEV8849066e,Bandung,0
TXN0006785,CUST11094,2026-06-21 09:05:00,topup,23551,retail_counter,Retail_Outlet,DEV0c9ef5aa,Surabaya,0
TXN0004953,CUST10805,2026-06-21 10:06:00,topup,53013,virtual_account,Web_Portal,DEV32773b28,Makassar,0
TXN0006654,CUST11072,2026-06-21 10:09:00,topup,29476,e-wallet_dana,MyApp,DEVf3da143e,Palembang,0
TXN0003235,CUST10534,2026-06-21 10:10:00,topup,29834,credit_card,Retail_Outlet,DEVffc19ef6,Semarang,0
TXN0000156,CUST10025,2026-06-21 10:13:00,topup,5000,bank_transfer,Retail_Outlet,DEV4c2272f3,Jakarta,0
TXN0001826,CUST10313,2026-06-21 10:16:00,topup,11018,bank_transfer,Partner_Bank,DEV9496634f,Makassar,0
TXN0005520,CUST10889,2026-06-21 10:21:00,topup,5000,retail_counter,Web_Portal,DEV54da1012,Semarang,0
TXN0007199,CUST11163,2026-06-21 10:24:00,topup,12220,e-wallet_gopay,USSD,DEV8e47fb7d,Bandung,0
TXN0003320,CUST10548,2026-06-21 10:31:00,topup,47885,e-wallet_ovo,MyApp,DEV33013b08,Medan,0
TXN0006598,CUST11063,2026-06-21 10:38:00,topup,8199,virtual_account,Web_Portal,DEV0ae95eb4,Bandung,0
TXN0006655,CUST11072,2026-06-21 10:55:00,topup,35016,bank_transfer,MyApp,DEV922e3abc,Palembang,0
TXN0004474,CUST10724,2026-06-21 11:16:00,topup,8403,e-wallet_ovo,Retail_Outlet,DEVe0acdb75,Semarang,0
TXN0002205,CUST10370,2026-06-21 11:21:00,topup,5000,bank_transfer,Web_Portal,DEV0f14f86c,Malang,0
TXN0002466,CUST10411,2026-06-21 11:24:00,topup,39011,virtual_account,Retail_Outlet,DEV33f60730,Balikpapan,0
TXN0002814,CUST10469,2026-06-21 11:29:00,topup,27762,bank_transfer,USSD,DEVa54427ec,Makassar,0
TXN0005668,CUST10913,2026-06-21 11:34:00,topup,6722,e-wallet_dana,Partner_Bank,DEVab1e5fcf,Bandung,0
TXN0000722,CUST10120,2026-06-21 11:49:00,topup,25214,bank_transfer,Retail_Outlet,DEV2ecaf629,Jakarta,0
TXN0000678,CUST10113,2026-06-21 11:52:00,topup,13075,virtual_account,USSD,DEV1690636b,Palembang,0
TXN0003292,CUST10544,2026-06-21 12:05:00,topup,9347,bank_transfer,Retail_Outlet,DEV60cb9e17,Balikpapan,0
TXN0005941,CUST10954,2026-06-21 12:35:00,topup,8809,retail_counter,MyApp,DEV14c08edd,Yogyakarta,0
TXN0005590,CUST10899,2026-06-21 12:43:00,topup,5000,e-wallet_gopay,Retail_Outlet,DEVcb28ac77,Palembang,0
TXN0006030,CUST10969,2026-06-21 12:51:00,topup,27239,e-wallet_ovo,Retail_Outlet,DEVe0ebb3c7,Semarang,0
TXN0001207,CUST10199,2026-06-21 13:34:00,topup,41579,virtual_account,Web_Portal,DEV4fb67094,Balikpapan,0
TXN0005496,CUST10884,2026-06-21 13:36:00,topup,10675,e-wallet_gopay,Web_Portal,DEV20514111,Semarang,0
TXN0002691,CUST10448,2026-06-21 14:38:00,topup,30732,e-wallet_dana,Web_Portal,DEVedd32be9,Palembang,0
TXN0004887,CUST10794,2026-06-21 14:38:00,topup,28527,e-wallet_dana,USSD,DEV290a8303,Medan,0
TXN0006768,CUST11091,2026-06-21 14:40:00,topup,27304,e-wallet_dana,Web_Portal,DEV8a81b778,Pekanbaru,0
TXN0005975,CUST10960,2026-06-21 14:41:00,topup,33154,virtual_account,USSD,DEVc7533bff,Semarang,0
TXN0000303,CUST10050,2026-06-21 15:06:00,topup,5000,retail_counter,Retail_Outlet,DEV0131ff3b,Palembang,0
TXN0006454,CUST11037,2026-06-21 15:24:00,topup,14571,virtual_account,Retail_Outlet,DEV36cf28af,Balikpapan,0
TXN0006627,CUST11068,2026-06-21 15:48:00,topup,42190,bank_transfer,Partner_Bank,DEV0ebd9eef,Bandung,0
TXN0001116,CUST10183,2026-06-21 16:11:00,topup,5000,e-wallet_ovo,MyApp,DEV0e18ab96,Surabaya,0
TXN0000116,CUST10018,2026-06-21 16:15:00,topup,44726,e-wallet_dana,Partner_Bank,DEV8fddbebc,Denpasar,0
TXN0004789,CUST10777,2026-06-21 16:15:00,topup,32637,retail_counter,MyApp,DEVa4a8a844,Surabaya,0
TXN0006076,CUST10975,2026-06-21 16:29:00,topup,60072,retail_counter,Web_Portal,DEV6dbd4921,Denpasar,0
TXN0001843,CUST10316,2026-06-21 16:47:00,topup,5000,e-wallet_dana,MyApp,DEV08e94548,Pekanbaru,0
TXN0001927,CUST10328,2026-06-21 16:54:00,topup,9485,e-wallet_gopay,Retail_Outlet,DEV4362262d,Pekanbaru,0
TXN0006710,CUST11082,2026-06-21 17:10:00,topup,18543,virtual_account,Web_Portal,DEV16a3ce4e,Makassar,0
TXN0004160,CUST10676,2026-06-21 17:30:00,topup,39545,e-wallet_ovo,Retail_Outlet,DEV6ccb9163,Medan,0
TXN0006687,CUST11077,2026-06-21 17:41:00,topup,9231,e-wallet_gopay,Retail_Outlet,DEV1ec83ceb,Jakarta,0
TXN0002734,CUST10455,2026-06-21 17:51:00,topup,42783,credit_card,MyApp,DEV4c91ef0e,Makassar,0
TXN0002943,CUST10490,2026-06-21 17:56:00,topup,20296,e-wallet_gopay,USSD,DEV47b885fa,Malang,0
TXN0002357,CUST10394,2026-06-21 17:59:00,topup,5000,credit_card,MyApp,DEV247474b3,Palembang,0
TXN0001268,CUST10209,2026-06-21 18:18:00,topup,13693,virtual_account,Web_Portal,DEV1c153057,Palembang,0
TXN0003844,CUST10629,2026-06-21 18:44:00,topup,23587,e-wallet_ovo,Web_Portal,DEVab30f1b1,Bandung,0
TXN0007308,CUST11181,2026-06-21 18:59:00,topup,33993,e-wallet_ovo,Web_Portal,DEV643a6898,Surabaya,0
TXN0007579,CUST10068,2026-06-21 19:00:00,promo_bundle_redeem,0,promo_credit,MyApp,DEV421e0683,Semarang,1
TXN0002795,CUST10466,2026-06-21 20:26:00,topup,31303,bank_transfer,MyApp,DEV0bd18d4a,Pekanbaru,0
TXN0001373,CUST10234,2026-06-21 20:31:00,topup,29624,e-wallet_ovo,Web_Portal,DEV2d8cc973,Semarang,0
TXN0004193,CUST10681,2026-06-21 20:31:00,topup,5000,e-wallet_ovo,Partner_Bank,DEV833bde78,Jakarta,0
TXN0002739,CUST10456,2026-06-21 20:48:00,topup,47069,virtual_account,USSD,DEV126301a0,Semarang,0
TXN0001120,CUST10183,2026-06-21 20:51:00,topup,5033,e-wallet_dana,Web_Portal,DEV1be00f8e,Surabaya,0
TXN0002323,CUST10390,2026-06-21 20:56:00,topup,35844,virtual_account,Web_Portal,DEV1ba651ed,Jakarta,0
TXN0006461,CUST11038,2026-06-21 21:15:00,topup,30802,e-wallet_dana,Retail_Outlet,DEVf6d2a20d,Malang,0
TXN0005842,CUST10938,2026-06-21 21:15:00,topup,5000,e-wallet_dana,Web_Portal,DEV7b2413e8,Yogyakarta,0
TXN0007383,CUST11192,2026-06-21 21:28:00,topup,46860,retail_counter,Web_Portal,DEVe756b705,Yogyakarta,0
TXN0006501,CUST11045,2026-06-21 21:32:00,topup,21743,credit_card,Partner_Bank,DEV3c7d53a0,Malang,0
TXN0002432,CUST10406,2026-06-21 21:40:00,topup,31034,virtual_account,USSD,DEV704d628f,Yogyakarta,0
TXN0006325,CUST11015,2026-06-21 21:47:00,topup,9627,e-wallet_dana,Web_Portal,DEVddc55228,Surabaya,0
TXN0007268,CUST11175,2026-06-21 21:59:00,topup,24597,e-wallet_dana,Partner_Bank,DEV216dfc70,Medan,0
TXN0006180,CUST10993,2026-06-21 22:18:00,topup,12485,e-wallet_gopay,Retail_Outlet,DEV10f3f41f,Bandung,0
TXN0001266,CUST10209,2026-06-21 22:30:00,topup,5000,e-wallet_ovo,Retail_Outlet,DEVf7c8435f,Palembang,0
TXN0003097,CUST10513,2026-06-21 22:51:00,topup,5000,retail_counter,Retail_Outlet,DEV6a9f687a,Balikpapan,0
TXN0003962,CUST10646,2026-06-22 06:31:00,topup,20134,retail_counter,Partner_Bank,DEV864b789a,Malang,0
TXN0003024,CUST10501,2026-06-22 06:31:00,topup,49184,e-wallet_gopay,Web_Portal,DEV1c2b498f,Malang,0
TXN0002797,CUST10467,2026-06-22 06:32:00,topup,5000,virtual_account,MyApp,DEV88baef4a,Balikpapan,0
TXN0006092,CUST10978,2026-06-22 06:43:00,topup,41069,bank_transfer,USSD,DEVa05a53c4,Jakarta,0
TXN0001038,CUST10170,2026-06-22 06:44:00,topup,35604,retail_counter,Web_Portal,DEVc521ff2e,Pekanbaru,0
TXN0003250,CUST10537,2026-06-22 06:45:00,topup,58061,e-wallet_ovo,Partner_Bank,DEVa22eb45b,Malang,0
TXN0001590,CUST10275,2026-06-22 06:51:00,topup,21816,e-wallet_ovo,Partner_Bank,DEV9e15ebcc,Palembang,0
TXN0004705,CUST10765,2026-06-22 07:45:00,topup,24301,credit_card,USSD,DEVd3d39ff9,Bandung,0
TXN0001043,CUST10170,2026-06-22 07:59:00,topup,29373,virtual_account,Retail_Outlet,DEV078c3875,Pekanbaru,0
TXN0006146,CUST10986,2026-06-22 08:15:00,topup,58317,e-wallet_dana,USSD,DEVc1cb8d69,Makassar,0
TXN0005608,CUST10902,2026-06-22 09:11:00,topup,17677,virtual_account,USSD,DEV7f151663,Makassar,0
TXN0005705,CUST10920,2026-06-22 09:23:00,topup,27704,e-wallet_ovo,MyApp,DEV2d28746a,Balikpapan,0
TXN0002149,CUST10362,2026-06-22 09:36:00,topup,33560,e-wallet_ovo,USSD,DEV9594eea8,Makassar,0
TXN0006558,CUST11055,2026-06-22 10:08:00,topup,5000,credit_card,Web_Portal,DEVef6739d2,Balikpapan,0
TXN0006568,CUST11058,2026-06-22 11:16:00,topup,35904,e-wallet_dana,Partner_Bank,DEV9e929f50,Malang,0
TXN0006005,CUST10965,2026-06-22 11:17:00,topup,43685,virtual_account,Partner_Bank,DEVb89b9722,Palembang,0
TXN0005261,CUST10849,2026-06-22 11:32:00,topup,38321,retail_counter,MyApp,DEV4dc4f59c,Palembang,0
TXN0003057,CUST10508,2026-06-22 11:47:00,topup,17507,virtual_account,Retail_Outlet,DEV5e7e2813,Medan,0
TXN0002338,CUST10391,2026-06-22 11:52:00,topup,43531,e-wallet_ovo,USSD,DEVd1b60755,Yogyakarta,0
TXN0005744,CUST10926,2026-06-22 12:24:00,topup,10112,bank_transfer,Web_Portal,DEV5d210794,Denpasar,0
TXN0001802,CUST10308,2026-06-22 13:07:00,topup,37972,e-wallet_ovo,Retail_Outlet,DEVc3f9c78c,Makassar,0
TXN0001069,CUST10174,2026-06-22 13:57:00,topup,7636,retail_counter,Partner_Bank,DEVf06b6c12,Jakarta,0
TXN0002850,CUST10475,2026-06-22 14:19:00,topup,21507,bank_transfer,Partner_Bank,DEV3a9048cc,Semarang,0
TXN0003352,CUST10552,2026-06-22 14:29:00,topup,36327,bank_transfer,USSD,DEVceb380ac,Semarang,0
TXN0002465,CUST10411,2026-06-22 14:53:00,topup,28508,e-wallet_ovo,Partner_Bank,DEV9339304b,Balikpapan,0
TXN0006555,CUST11055,2026-06-22 15:01:00,topup,13498,credit_card,Retail_Outlet,DEVd2d07acf,Balikpapan,0
TXN0007275,CUST11176,2026-06-22 15:14:00,topup,52122,e-wallet_ovo,USSD,DEV6557ecee,Makassar,0
TXN0002922,CUST10487,2026-06-22 15:15:00,topup,34515,bank_transfer,Partner_Bank,DEV1d71f339,Jakarta,0
TXN0003633,CUST10597,2026-06-22 15:21:00,topup,20473,bank_transfer,Retail_Outlet,DEVfc24a159,Yogyakarta,0
TXN0001780,CUST10305,2026-06-22 15:22:00,topup,26489,e-wallet_ovo,Partner_Bank,DEV4c1d2e43,Palembang,0
TXN0002937,CUST10489,2026-06-22 15:22:00,topup,26947,virtual_account,Partner_Bank,DEV0d394b57,Denpasar,0
TXN0005167,CUST10836,2026-06-22 15:42:00,topup,33185,bank_transfer,Retail_Outlet,DEVdc406c3b,Pekanbaru,0
TXN0000238,CUST10040,2026-06-22 15:48:00,topup,24428,e-wallet_dana,Retail_Outlet,DEV0cb5ee5c,Yogyakarta,0
TXN0007261,CUST11173,2026-06-22 15:48:00,topup,56461,credit_card,Web_Portal,DEVf4e1048a,Balikpapan,0
TXN0007327,CUST11185,2026-06-22 15:52:00,topup,21457,bank_transfer,Retail_Outlet,DEVa3b44efe,Medan,0
TXN0001253,CUST10207,2026-06-22 16:06:00,topup,31976,e-wallet_ovo,USSD,DEV94ad345a,Malang,0
TXN0007251,CUST11172,2026-06-22 16:11:00,topup,35047,virtual_account,USSD,DEV004fe610,Makassar,0
TXN0007206,CUST11164,2026-06-22 16:45:00,topup,5000,virtual_account,USSD,DEVe97f0af3,Palembang,0
TXN0003121,CUST10516,2026-06-22 16:50:00,topup,10657,bank_transfer,Web_Portal,DEV1ab9f662,Palembang,0
TXN0002320,CUST10389,2026-06-22 16:54:00,topup,13247,e-wallet_gopay,USSD,DEV19ed59a5,Surabaya,0
TXN0005839,CUST10938,2026-06-22 16:57:00,topup,7983,e-wallet_gopay,USSD,DEV262b2cda,Yogyakarta,0
TXN0005256,CUST10848,2026-06-22 17:03:00,topup,32313,retail_counter,MyApp,DEVae34097a,Palembang,0
TXN0006662,CUST11074,2026-06-22 17:11:00,topup,5000,virtual_account,Web_Portal,DEV11269f9e,Palembang,0
TXN0006645,CUST11071,2026-06-22 17:12:00,topup,23089,e-wallet_gopay,MyApp,DEV7f353843,Yogyakarta,0
TXN0003221,CUST10531,2026-06-22 17:23:00,topup,27913,e-wallet_ovo,MyApp,DEVcac19d2e,Semarang,0
TXN0001532,CUST10263,2026-06-22 18:00:00,topup,56247,e-wallet_ovo,Retail_Outlet,DEVc0cffa73,Balikpapan,0
TXN0003233,CUST10533,2026-06-22 18:44:00,topup,5000,retail_counter,MyApp,DEV4e954929,Makassar,0
TXN0002376,CUST10398,2026-06-22 18:57:00,topup,11542,retail_counter,Retail_Outlet,DEV516546ca,Makassar,0
TXN0000806,CUST10134,2026-06-22 18:58:00,topup,26239,e-wallet_dana,Retail_Outlet,DEV8c6d768e,Denpasar,0
TXN0002629,CUST10439,2026-06-22 19:04:00,topup,43692,e-wallet_ovo,MyApp,DEVbf8ff33e,Malang,0
TXN0002448,CUST10409,2026-06-22 19:12:00,topup,49224,credit_card,Partner_Bank,DEV542ef29e,Surabaya,0
TXN0002102,CUST10356,2026-06-22 19:17:00,topup,29442,virtual_account,MyApp,DEVec2a322b,Yogyakarta,0
TXN0006762,CUST11090,2026-06-22 19:47:00,topup,5000,virtual_account,USSD,DEVd85a4e1a,Denpasar,0
TXN0001482,CUST10252,2026-06-22 19:51:00,topup,10098,retail_counter,Partner_Bank,DEV083759f8,Balikpapan,0
TXN0006955,CUST11122,2026-06-22 19:52:00,topup,36883,bank_transfer,MyApp,DEV3e74ba44,Jakarta,0
TXN0006751,CUST11088,2026-06-22 19:57:00,topup,5000,e-wallet_dana,USSD,DEV2fc3bb1c,Surabaya,0
TXN0007354,CUST11188,2026-06-22 20:03:00,topup,33596,e-wallet_dana,MyApp,DEV62fc194b,Makassar,0
TXN0003569,CUST10587,2026-06-22 20:05:00,topup,12628,e-wallet_dana,Partner_Bank,DEV23a9654d,Balikpapan,0
TXN0004327,CUST10702,2026-06-22 20:13:00,topup,30876,e-wallet_dana,Retail_Outlet,DEV34d88c51,Medan,0
TXN0005640,CUST10909,2026-06-22 20:15:00,topup,43181,credit_card,USSD,DEV402758b2,Palembang,0
TXN0006330,CUST11016,2026-06-22 20:30:00,topup,5000,credit_card,Web_Portal,DEV88755363,Semarang,0
TXN0006351,CUST11019,2026-06-22 20:33:00,topup,5000,credit_card,MyApp,DEV2a314f1d,Semarang,0
TXN0005189,CUST10839,2026-06-22 20:53:00,topup,46001,credit_card,USSD,DEV07c62bd3,Jakarta,0
TXN0004966,CUST10806,2026-06-22 21:01:00,topup,32932,retail_counter,Partner_Bank,DEVa81d0ecf,Jakarta,0
TXN0000513,CUST10084,2026-06-22 21:11:00,topup,49882,e-wallet_gopay,Web_Portal,DEV34a0dcd4,Jakarta,0
TXN0005474,CUST10881,2026-06-22 21:20:00,topup,5000,e-wallet_dana,Partner_Bank,DEV889dc47e,Balikpapan,0
TXN0001180,CUST10194,2026-06-22 21:28:00,topup,42334,e-wallet_dana,MyApp,DEV5fcc997d,Bandung,0
TXN0000455,CUST10075,2026-06-22 21:33:00,topup,5000,e-wallet_dana,Web_Portal,DEVfbc8c77e,Surabaya,0
TXN0006878,CUST11111,2026-06-22 21:51:00,topup,13184,e-wallet_dana,Partner_Bank,DEVe6b31a27,Makassar,0
TXN0005521,CUST10889,2026-06-22 21:59:00,topup,8069,bank_transfer,Retail_Outlet,DEV81b83de2,Semarang,0
TXN0004205,CUST10682,2026-06-22 22:10:00,topup,5000,virtual_account,MyApp,DEV46586cb2,Palembang,0
TXN0006635,CUST11069,2026-06-22 22:13:00,topup,30857,virtual_account,USSD,DEV3c675934,Denpasar,0
TXN0002840,CUST10473,2026-06-22 22:25:00,topup,5000,virtual_account,MyApp,DEVb695c2bf,Bandung,0
TXN0004038,CUST10657,2026-06-22 22:27:00,topup,15377,e-wallet_gopay,Retail_Outlet,DEV5e99c568,Bandung,0
TXN0005432,CUST10875,2026-06-22 22:27:00,topup,5000,virtual_account,Retail_Outlet,DEV054da197,Makassar,0
TXN0001151,CUST10189,2026-06-22 22:37:00,topup,42682,virtual_account,Retail_Outlet,DEVb0a4f557,Pekanbaru,0
TXN0002140,CUST10361,2026-06-22 22:40:00,topup,33185,retail_counter,Partner_Bank,DEV1af026df,Palembang,0
TXN0003137,CUST10519,2026-06-22 22:55:00,topup,5000,e-wallet_dana,USSD,DEVe581c1bc,Yogyakarta,0
TXN0004584,CUST10743,2026-06-23 06:02:00,topup,5000,virtual_account,Partner_Bank,DEV0c858238,Medan,0
TXN0005125,CUST10832,2026-06-23 06:31:00,topup,52807,bank_transfer,Retail_Outlet,DEV668b179f,Semarang,0
TXN0003311,CUST10546,2026-06-23 07:05:00,topup,22477,virtual_account,Partner_Bank,DEV999921ec,Yogyakarta,0
TXN0005977,CUST10960,2026-06-23 07:12:00,topup,46984,virtual_account,Retail_Outlet,DEV20323ec5,Semarang,0
TXN0006223,CUST11000,2026-06-23 07:43:00,topup,5000,e-wallet_ovo,Web_Portal,DEVdd53abe1,Semarang,0
TXN0007409,CUST11196,2026-06-23 08:23:00,topup,15424,e-wallet_gopay,Partner_Bank,DEV270a4855,Palembang,0
TXN0005895,CUST10945,2026-06-23 08:45:00,topup,8880,e-wallet_gopay,MyApp,DEVe4951ebb,Denpasar,0
TXN0002488,CUST10414,2026-06-23 08:49:00,topup,44436,e-wallet_gopay,MyApp,DEV1f08f855,Makassar,0
TXN0001350,CUST10228,2026-06-23 09:33:00,topup,5000,bank_transfer,USSD,DEVfe43541a,Malang,0
TXN0004052,CUST10658,2026-06-23 09:46:00,topup,25109,e-wallet_gopay,Web_Portal,DEVaaefdbe1,Surabaya,0
TXN0002319,CUST10389,2026-06-23 09:48:00,topup,5000,e-wallet_ovo,USSD,DEV6d98567e,Surabaya,0
TXN0000220,CUST10037,2026-06-23 10:03:00,topup,13988,retail_counter,USSD,DEV7c059799,Bandung,0
TXN0005241,CUST10846,2026-06-23 10:13:00,topup,6422,e-wallet_gopay,MyApp,DEV651c21fd,Jakarta,0
TXN0007171,CUST11159,2026-06-23 10:24:00,topup,18710,e-wallet_gopay,USSD,DEV8c28d4a4,Semarang,0
TXN0004270,CUST10691,2026-06-23 11:15:00,topup,33216,bank_transfer,Retail_Outlet,DEV33252134,Yogyakarta,0
TXN0002156,CUST10363,2026-06-23 11:16:00,topup,14448,e-wallet_ovo,Web_Portal,DEVb1c8d50a,Medan,0
TXN0005896,CUST10945,2026-06-23 11:32:00,topup,35226,virtual_account,MyApp,DEVc3b0de86,Denpasar,0
TXN0007096,CUST11148,2026-06-23 11:45:00,topup,40795,e-wallet_gopay,Web_Portal,DEV38124f7f,Malang,0
TXN0001614,CUST10279,2026-06-23 11:57:00,topup,5000,e-wallet_ovo,Web_Portal,DEV9736bb4f,Jakarta,0
TXN0003162,CUST10522,2026-06-23 12:03:00,topup,5000,retail_counter,Partner_Bank,DEV11730df2,Surabaya,0
TXN0001026,CUST10169,2026-06-23 12:15:00,topup,10106,virtual_account,USSD,DEV6491982b,Jakarta,0
TXN0002786,CUST10465,2026-06-23 12:24:00,topup,22231,retail_counter,USSD,DEVb1f9ab31,Surabaya,0
TXN0003344,CUST10551,2026-06-23 12:40:00,topup,13168,virtual_account,Retail_Outlet,DEV252151f9,Bandung,0
TXN0006591,CUST11062,2026-06-23 13:05:00,topup,37215,virtual_account,Retail_Outlet,DEV0f34bd08,Balikpapan,0
TXN0005901,CUST10946,2026-06-23 13:10:00,topup,43324,bank_transfer,Retail_Outlet,DEVf3310760,Bandung,0
TXN0003153,CUST10521,2026-06-23 13:18:00,topup,5000,virtual_account,Partner_Bank,DEVaed0cbcf,Balikpapan,0
TXN0003765,CUST10618,2026-06-23 13:25:00,topup,5000,virtual_account,MyApp,DEVff70abaa,Malang,0
TXN0000782,CUST10130,2026-06-23 13:37:00,topup,5000,bank_transfer,USSD,DEVe835f080,Pekanbaru,0
TXN0003986,CUST10649,2026-06-23 13:41:00,topup,52762,credit_card,MyApp,DEVe958c430,Surabaya,0
TXN0004199,CUST10682,2026-06-23 13:44:00,topup,5000,credit_card,Web_Portal,DEVf714bab7,Palembang,0
TXN0006037,CUST10971,2026-06-23 14:30:00,topup,50262,retail_counter,Web_Portal,DEV13abd39b,Balikpapan,0
TXN0001610,CUST10278,2026-06-23 14:34:00,topup,31186,credit_card,Retail_Outlet,DEVd5e4157d,Pekanbaru,0
TXN0004095,CUST10666,2026-06-23 14:44:00,topup,24898,virtual_account,Partner_Bank,DEVe6b9f3a3,Medan,0
TXN0003008,CUST10499,2026-06-23 14:53:00,topup,36964,retail_counter,Web_Portal,DEVa13a9da2,Pekanbaru,0
TXN0005692,CUST10918,2026-06-23 15:13:00,topup,5000,e-wallet_dana,Retail_Outlet,DEVc3dd1d6a,Yogyakarta,0
TXN0007298,CUST11179,2026-06-23 15:15:00,topup,44493,e-wallet_dana,Web_Portal,DEVf805d526,Palembang,0
TXN0003367,CUST10556,2026-06-23 15:28:00,topup,23045,e-wallet_gopay,Retail_Outlet,DEV784aee43,Medan,0
TXN0000562,CUST10092,2026-06-23 15:49:00,topup,32728,retail_counter,MyApp,DEV2b2bf58c,Denpasar,0
TXN0000998,CUST10164,2026-06-23 16:17:00,topup,5000,credit_card,USSD,DEV8c7e2904,Makassar,0
TXN0001794,CUST10307,2026-06-23 16:22:00,topup,37793,virtual_account,MyApp,DEV7fcbcf31,Jakarta,0
TXN0000111,CUST10018,2026-06-23 16:26:00,topup,5971,credit_card,MyApp,DEV96053035,Denpasar,0
TXN0004862,CUST10790,2026-06-23 16:33:00,topup,23674,e-wallet_gopay,Partner_Bank,DEV067ab1d7,Malang,0
TXN0005506,CUST10886,2026-06-23 16:38:00,topup,31494,e-wallet_gopay,MyApp,DEV6577e64d,Semarang,0
TXN0005924,CUST10949,2026-06-23 16:42:00,topup,26933,e-wallet_dana,Partner_Bank,DEV8d620ba6,Malang,0
TXN0006640,CUST11070,2026-06-23 16:50:00,topup,42639,credit_card,MyApp,DEVaaef0591,Jakarta,0
TXN0001132,CUST10186,2026-06-23 17:08:00,topup,11249,retail_counter,Web_Portal,DEV35b86d0a,Palembang,0
TXN0003359,CUST10554,2026-06-23 17:29:00,topup,36317,e-wallet_ovo,Partner_Bank,DEV99f75c76,Malang,0
TXN0001487,CUST10253,2026-06-23 17:32:00,topup,8754,e-wallet_ovo,USSD,DEVcb68a34e,Palembang,0
TXN0000521,CUST10085,2026-06-23 17:44:00,topup,21086,e-wallet_ovo,Partner_Bank,DEVe9366a85,Jakarta,0
TXN0006414,CUST11030,2026-06-23 17:48:00,topup,15643,virtual_account,USSD,DEVb8280725,Medan,0
TXN0002833,CUST10472,2026-06-23 17:49:00,topup,29344,e-wallet_gopay,MyApp,DEV195c663b,Pekanbaru,0
TXN0001461,CUST10248,2026-06-23 18:26:00,topup,19490,e-wallet_gopay,Retail_Outlet,DEV28e60130,Bandung,0
TXN0007115,CUST11151,2026-06-23 19:00:00,topup,17416,credit_card,Partner_Bank,DEVfd780916,Bandung,0
TXN0002847,CUST10475,2026-06-23 19:08:00,topup,47995,e-wallet_dana,Partner_Bank,DEV77fa7bbc,Semarang,0
TXN0007336,CUST11186,2026-06-23 19:12:00,topup,42001,e-wallet_gopay,Partner_Bank,DEV5d5b0bd9,Pekanbaru,0
TXN0003168,CUST10523,2026-06-23 19:23:00,topup,20224,e-wallet_ovo,Retail_Outlet,DEVf8c01007,Yogyakarta,0
TXN0003364,CUST10555,2026-06-23 19:25:00,topup,42002,e-wallet_gopay,USSD,DEVf783b6f6,Yogyakarta,0
TXN0002393,CUST10400,2026-06-23 19:27:00,topup,20844,e-wallet_gopay,Partner_Bank,DEVca665da6,Semarang,0
TXN0001521,CUST10260,2026-06-23 20:10:00,topup,37795,e-wallet_ovo,MyApp,DEV55f01600,Bandung,0
TXN0000750,CUST10125,2026-06-23 20:21:00,topup,11199,credit_card,USSD,DEV6c878546,Makassar,0
TXN0002904,CUST10484,2026-06-23 20:25:00,topup,5000,e-wallet_ovo,MyApp,DEV08175dd0,Surabaya,0
TXN0006673,CUST11076,2026-06-23 20:39:00,topup,14737,retail_counter,Partner_Bank,DEV8bb61e76,Pekanbaru,0
TXN0002300,CUST10386,2026-06-23 21:00:00,topup,15201,bank_transfer,Web_Portal,DEVef60250e,Malang,0
TXN0005333,CUST10860,2026-06-23 21:05:00,topup,10691,virtual_account,USSD,DEV25391b09,Pekanbaru,0
TXN0002277,CUST10383,2026-06-23 21:07:00,topup,32062,bank_transfer,Partner_Bank,DEVdb00ab4c,Surabaya,0
TXN0003768,CUST10618,2026-06-23 21:20:00,topup,5000,retail_counter,Retail_Outlet,DEVcc5732f2,Malang,0
TXN0001719,CUST10295,2026-06-23 21:34:00,topup,17855,credit_card,USSD,DEV6cb96a2c,Pekanbaru,0
TXN0005102,CUST10827,2026-06-23 21:40:00,topup,24384,credit_card,Web_Portal,DEVc69aa024,Pekanbaru,0
TXN0005461,CUST10879,2026-06-23 21:52:00,topup,17154,e-wallet_gopay,Partner_Bank,DEV68d2a842,Semarang,0
TXN0005654,CUST10910,2026-06-24 06:19:00,topup,11486,credit_card,Retail_Outlet,DEV972a355c,Pekanbaru,0
TXN0001965,CUST10333,2026-06-24 06:29:00,topup,23262,e-wallet_ovo,Partner_Bank,DEV9a2fc701,Bandung,0
TXN0001046,CUST10171,2026-06-24 07:02:00,topup,31553,e-wallet_gopay,USSD,DEVd25ad576,Bandung,0
TXN0003351,CUST10552,2026-06-24 07:07:00,topup,34847,e-wallet_gopay,Retail_Outlet,DEVb75d2f0c,Semarang,0
TXN0000700,CUST10117,2026-06-24 07:07:00,topup,14588,e-wallet_gopay,Partner_Bank,DEV746b161a,Pekanbaru,0
TXN0001863,CUST10319,2026-06-24 07:20:00,topup,33816,bank_transfer,Retail_Outlet,DEV290c42f8,Malang,0
TXN0003264,CUST10539,2026-06-24 07:26:00,topup,35695,credit_card,USSD,DEVe8b81813,Yogyakarta,0
TXN0005059,CUST10821,2026-06-24 07:26:00,topup,5000,e-wallet_gopay,USSD,DEV56ad3649,Yogyakarta,0
TXN0006388,CUST11025,2026-06-24 07:30:00,topup,24497,virtual_account,Retail_Outlet,DEV6c05df93,Denpasar,0
TXN0003377,CUST10557,2026-06-24 07:48:00,topup,48803,e-wallet_gopay,Web_Portal,DEV23841977,Denpasar,0
TXN0007095,CUST11148,2026-06-24 07:50:00,topup,46616,e-wallet_gopay,Web_Portal,DEV72a35369,Malang,0
TXN0006815,CUST11098,2026-06-24 08:15:00,topup,5000,credit_card,USSD,DEVf3f73d69,Palembang,0
TXN0000853,CUST10141,2026-06-24 08:20:00,topup,29198,e-wallet_ovo,Web_Portal,DEV32fd73c5,Semarang,0
TXN0002454,CUST10409,2026-06-24 08:26:00,topup,33693,e-wallet_gopay,Retail_Outlet,DEV62c9f4fc,Surabaya,0
TXN0005894,CUST10945,2026-06-24 08:35:00,topup,5000,e-wallet_dana,USSD,DEV8874a1c5,Denpasar,0
TXN0001551,CUST10266,2026-06-24 08:36:00,topup,22367,e-wallet_gopay,Partner_Bank,DEV7951d52b,Semarang,0
TXN0003658,CUST10601,2026-06-24 09:24:00,topup,5000,e-wallet_ovo,Partner_Bank,DEV1d96dc53,Yogyakarta,0
TXN0001259,CUST10209,2026-06-24 09:45:00,topup,26241,e-wallet_dana,Partner_Bank,DEVcb5a4d77,Palembang,0
TXN0001978,CUST10335,2026-06-24 10:19:00,topup,5000,e-wallet_ovo,Retail_Outlet,DEV99afee64,Makassar,0
TXN0005756,CUST10927,2026-06-24 10:24:00,topup,5000,e-wallet_dana,Retail_Outlet,DEVe9b89caf,Medan,0
TXN0001870,CUST10320,2026-06-24 10:54:00,topup,43882,e-wallet_ovo,MyApp,DEV333822d1,Pekanbaru,0
TXN0003733,CUST10613,2026-06-24 10:56:00,topup,27247,e-wallet_dana,Web_Portal,DEV7eb3a98f,Makassar,0
TXN0002039,CUST10343,2026-06-24 11:02:00,topup,33898,e-wallet_ovo,Retail_Outlet,DEV938f2b90,Medan,0
TXN0001842,CUST10316,2026-06-24 11:23:00,topup,42974,e-wallet_dana,USSD,DEVa538c6a7,Pekanbaru,0
TXN0002516,CUST10419,2026-06-24 11:24:00,topup,35438,e-wallet_gopay,Web_Portal,DEV33a51ac6,Pekanbaru,0
TXN0002880,CUST10479,2026-06-24 11:35:00,topup,57005,e-wallet_gopay,Retail_Outlet,DEV00926d61,Denpasar,0
TXN0001432,CUST10244,2026-06-24 11:53:00,topup,14470,e-wallet_gopay,Web_Portal,DEVf6f61488,Medan,0
TXN0003282,CUST10542,2026-06-24 11:55:00,topup,13481,e-wallet_ovo,Partner_Bank,DEV06905ba5,Palembang,0
TXN0002051,CUST10345,2026-06-24 11:55:00,topup,42004,retail_counter,Partner_Bank,DEV6ab76840,Pekanbaru,0
TXN0004342,CUST10705,2026-06-24 12:03:00,topup,24449,e-wallet_ovo,Web_Portal,DEV2ec46bfe,Denpasar,0
TXN0004832,CUST10785,2026-06-24 12:13:00,topup,5000,e-wallet_dana,Web_Portal,DEVc46268d6,Surabaya,0
TXN0007406,CUST11195,2026-06-24 12:42:00,topup,5000,e-wallet_gopay,Retail_Outlet,DEV47561669,Semarang,0
TXN0006162,CUST10990,2026-06-24 12:49:00,topup,5000,credit_card,Retail_Outlet,DEV30b69f93,Yogyakarta,0
TXN0002332,CUST10391,2026-06-24 12:55:00,topup,21065,e-wallet_gopay,Retail_Outlet,DEV5b951652,Yogyakarta,0
TXN0006394,CUST11026,2026-06-24 13:50:00,topup,16939,credit_card,MyApp,DEVfc424352,Makassar,0
TXN0001950,CUST10330,2026-06-24 13:51:00,topup,24454,e-wallet_gopay,USSD,DEV5422ea97,Malang,0
TXN0001819,CUST10312,2026-06-24 14:20:00,topup,12500,virtual_account,USSD,DEV4c485cfc,Medan,0
TXN0001252,CUST10207,2026-06-24 14:39:00,topup,17695,retail_counter,MyApp,DEV37b567b4,Malang,0
TXN0003354,CUST10553,2026-06-24 14:44:00,topup,62225,retail_counter,Web_Portal,DEVaea03292,Malang,0
TXN0005829,CUST10937,2026-06-24 15:19:00,topup,6865,bank_transfer,Retail_Outlet,DEVb09dcd19,Pekanbaru,0
TXN0004759,CUST10772,2026-06-24 15:44:00,topup,28119,credit_card,MyApp,DEV2c21f1ed,Surabaya,0
TXN0003800,CUST10622,2026-06-24 16:23:00,topup,5000,bank_transfer,MyApp,DEV5639117a,Palembang,0
TXN0003557,CUST10585,2026-06-24 16:32:00,topup,20459,credit_card,MyApp,DEV82f2a59e,Malang,0
TXN0006806,CUST11097,2026-06-24 16:36:00,topup,60330,e-wallet_ovo,Retail_Outlet,DEV46230245,Yogyakarta,0
TXN0004320,CUST10701,2026-06-24 16:56:00,topup,15039,credit_card,MyApp,DEVa4d37418,Surabaya,0
TXN0000065,CUST10009,2026-06-24 16:58:00,topup,49542,virtual_account,Partner_Bank,DEV7f0223bc,Malang,0
TXN0005302,CUST10855,2026-06-24 17:06:00,topup,13478,e-wallet_gopay,USSD,DEVfa926f97,Surabaya,0
TXN0003711,CUST10611,2026-06-24 17:33:00,topup,11570,retail_counter,MyApp,DEV6c8073b7,Pekanbaru,0
TXN0002187,CUST10368,2026-06-24 17:40:00,topup,32616,virtual_account,Web_Portal,DEVf485e944,Medan,0
TXN0002511,CUST10418,2026-06-24 18:07:00,topup,17364,virtual_account,Partner_Bank,DEVa2819fce,Surabaya,0
TXN0000663,CUST10111,2026-06-24 18:11:00,topup,17779,e-wallet_dana,MyApp,DEV65bf8e04,Surabaya,0
TXN0002526,CUST10421,2026-06-24 18:13:00,topup,28647,e-wallet_dana,Retail_Outlet,DEV9fea97cc,Medan,0
TXN0000869,CUST10143,2026-06-24 18:14:00,topup,13423,credit_card,USSD,DEV3fac4317,Palembang,0
TXN0003662,CUST10601,2026-06-24 18:21:00,topup,32317,bank_transfer,Partner_Bank,DEV178cb5a0,Yogyakarta,0
TXN0003277,CUST10542,2026-06-24 18:31:00,topup,5000,e-wallet_gopay,Partner_Bank,DEV20572e73,Palembang,0
TXN0004411,CUST10715,2026-06-24 18:34:00,topup,54057,e-wallet_gopay,Web_Portal,DEV3ff5ea79,Balikpapan,0
TXN0006902,CUST11114,2026-06-24 18:56:00,topup,17898,e-wallet_ovo,MyApp,DEVfd28750f,Balikpapan,0
TXN0004097,CUST10666,2026-06-24 19:16:00,topup,40438,e-wallet_ovo,Retail_Outlet,DEVe6a98352,Medan,0
TXN0002776,CUST10463,2026-06-24 19:27:00,topup,19906,e-wallet_dana,USSD,DEV534234cf,Semarang,0
TXN0002305,CUST10387,2026-06-24 19:42:00,topup,29653,e-wallet_dana,Partner_Bank,DEV9997496b,Palembang,0
TXN0007062,CUST11142,2026-06-24 19:49:00,topup,63290,e-wallet_ovo,Web_Portal,DEVd220f704,Denpasar,0
TXN0004447,CUST10720,2026-06-24 20:13:00,topup,12698,credit_card,USSD,DEV30de0010,Pekanbaru,0
TXN0002862,CUST10477,2026-06-24 20:30:00,topup,5000,e-wallet_dana,Partner_Bank,DEV1febc9af,Surabaya,0
TXN0002066,CUST10349,2026-06-24 20:34:00,topup,35046,retail_counter,MyApp,DEV8fde042a,Palembang,0
TXN0004993,CUST10810,2026-06-24 20:51:00,topup,9131,e-wallet_dana,Partner_Bank,DEV0e60ec16,Malang,0
TXN0004503,CUST10729,2026-06-24 21:04:00,topup,5000,bank_transfer,MyApp,DEV98a0db61,Bandung,0
TXN0003340,CUST10550,2026-06-24 21:17:00,topup,35195,bank_transfer,Web_Portal,DEV65f76d06,Balikpapan,0
TXN0003852,CUST10630,2026-06-24 21:29:00,topup,17553,virtual_account,USSD,DEVb481acde,Pekanbaru,0
TXN0006506,CUST11045,2026-06-24 21:32:00,topup,31467,virtual_account,Retail_Outlet,DEVdf3bd35c,Malang,0
TXN0004341,CUST10704,2026-06-24 21:36:00,topup,41773,retail_counter,MyApp,DEV3ea426b8,Pekanbaru,0
TXN0006370,CUST11022,2026-06-24 22:00:00,topup,47860,e-wallet_gopay,Retail_Outlet,DEVff62499a,Palembang,0
TXN0007048,CUST11138,2026-06-24 22:26:00,topup,22127,virtual_account,MyApp,DEV128e92ad,Makassar,0
TXN0002811,CUST10469,2026-06-24 22:34:00,topup,32581,virtual_account,USSD,DEVf0b0e729,Makassar,0
TXN0000558,CUST10092,2026-06-24 22:48:00,topup,24794,bank_transfer,USSD,DEV7c6166df,Denpasar,0
TXN0000170,CUST10028,2026-06-24 22:51:00,topup,7709,e-wallet_dana,Web_Portal,DEV436e3c49,Surabaya,0
TXN0001102,CUST10179,2026-06-25 06:04:00,topup,5000,retail_counter,Web_Portal,DEV0d22af35,Makassar,0
TXN0001584,CUST10273,2026-06-25 06:04:00,topup,45199,e-wallet_dana,USSD,DEVfe7b178d,Palembang,0
TXN0001468,CUST10249,2026-06-25 06:08:00,topup,49262,bank_transfer,USSD,DEV83d0bae7,Semarang,0
TXN0002876,CUST10479,2026-06-25 06:15:00,topup,26292,retail_counter,MyApp,DEV56847457,Denpasar,0
TXN0004544,CUST10735,2026-06-25 06:18:00,topup,19954,retail_counter,Retail_Outlet,DEVccbdd15e,Bandung,0
TXN0006497,CUST11045,2026-06-25 06:36:00,topup,23406,bank_transfer,USSD,DEVec9f1803,Malang,0
TXN0004458,CUST10722,2026-06-25 06:38:00,topup,10511,e-wallet_ovo,Web_Portal,DEV2686d5c6,Bandung,0
TXN0001735,CUST10297,2026-06-25 06:51:00,topup,41085,e-wallet_dana,Partner_Bank,DEV7e000029,Bandung,0
TXN0002550,CUST10426,2026-06-25 06:52:00,topup,41326,virtual_account,Retail_Outlet,DEVc249f59a,Palembang,0
TXN0002651,CUST10441,2026-06-25 06:52:00,topup,5000,bank_transfer,Retail_Outlet,DEVcab285dc,Palembang,0
TXN0000232,CUST10039,2026-06-25 06:55:00,topup,15708,virtual_account,MyApp,DEV3defa7ba,Denpasar,0
TXN0005925,CUST10950,2026-06-25 06:56:00,topup,33052,virtual_account,USSD,DEV899df4da,Bandung,0
TXN0006972,CUST11125,2026-06-25 07:01:00,topup,5000,retail_counter,MyApp,DEV63d2b7c6,Bandung,0
TXN0002781,CUST10465,2026-06-25 07:05:00,topup,13114,e-wallet_dana,Web_Portal,DEV105dd35c,Surabaya,0
TXN0003807,CUST10624,2026-06-25 07:05:00,topup,5000,virtual_account,Retail_Outlet,DEVb33aa6b9,Surabaya,0
TXN0004902,CUST10796,2026-06-25 07:49:00,topup,68280,e-wallet_dana,USSD,DEVdcc8c801,Semarang,0
TXN0006570,CUST11058,2026-06-25 07:49:00,topup,14242,e-wallet_gopay,MyApp,DEV6d1b5e96,Malang,0
TXN0005965,CUST10958,2026-06-25 07:56:00,topup,41477,e-wallet_gopay,Web_Portal,DEVcc361369,Denpasar,0
TXN0000041,CUST10005,2026-06-25 08:02:00,topup,7881,e-wallet_ovo,Retail_Outlet,DEVda3c45ca,Yogyakarta,0
TXN0000903,CUST10148,2026-06-25 08:03:00,topup,34882,e-wallet_gopay,Web_Portal,DEV637b3648,Yogyakarta,0
TXN0005841,CUST10938,2026-06-25 08:29:00,topup,51680,bank_transfer,MyApp,DEV6b732c7a,Yogyakarta,0
TXN0000273,CUST10046,2026-06-25 08:30:00,topup,23541,bank_transfer,Retail_Outlet,DEV5bc677ca,Medan,0
TXN0001097,CUST10179,2026-06-25 08:36:00,topup,22867,credit_card,Web_Portal,DEV28ef2f46,Makassar,0
TXN0003806,CUST10624,2026-06-25 08:50:00,topup,40496,virtual_account,MyApp,DEV6f8963b3,Surabaya,0
TXN0007352,CUST11188,2026-06-25 08:54:00,topup,8857,e-wallet_dana,Web_Portal,DEV6fc41bf6,Makassar,0
TXN0002471,CUST10412,2026-06-25 09:11:00,topup,21691,credit_card,Web_Portal,DEV91b8ff07,Malang,0
TXN0001786,CUST10305,2026-06-25 09:36:00,topup,30837,virtual_account,USSD,DEV58e9bbad,Palembang,0
TXN0005907,CUST10947,2026-06-25 09:42:00,topup,18674,e-wallet_ovo,USSD,DEV9c672338,Balikpapan,0
TXN0001172,CUST10192,2026-06-25 10:02:00,topup,5000,virtual_account,USSD,DEV2a7cf9e9,Balikpapan,0
TXN0003421,CUST10565,2026-06-25 10:10:00,topup,43872,e-wallet_gopay,MyApp,DEV8ce0bd8f,Bandung,0
TXN0004210,CUST10683,2026-06-25 10:30:00,topup,35523,credit_card,Web_Portal,DEVc8347776,Palembang,0
TXN0000375,CUST10062,2026-06-25 10:38:00,topup,17831,e-wallet_ovo,Retail_Outlet,DEV1036ca81,Yogyakarta,0
TXN0002682,CUST10446,2026-06-25 10:54:00,topup,17811,virtual_account,Partner_Bank,DEV08207d4e,Denpasar,0
TXN0004521,CUST10732,2026-06-25 10:55:00,topup,17588,credit_card,USSD,DEV10fab909,Semarang,0
TXN0004994,CUST10810,2026-06-25 11:22:00,topup,53484,e-wallet_gopay,MyApp,DEVeb0230a0,Malang,0
TXN0001724,CUST10295,2026-06-25 11:24:00,topup,48200,e-wallet_gopay,USSD,DEVf33c4c36,Pekanbaru,0
TXN0005375,CUST10866,2026-06-25 11:30:00,topup,69789,e-wallet_ovo,Retail_Outlet,DEVcd5fe3f4,Medan,0
TXN0004982,CUST10808,2026-06-25 11:33:00,topup,34690,e-wallet_gopay,Retail_Outlet,DEV05e3d107,Bandung,0
TXN0007309,CUST11181,2026-06-25 12:11:00,topup,40822,bank_transfer,Web_Portal,DEV4e6120f3,Surabaya,0
TXN0004238,CUST10687,2026-06-25 12:12:00,topup,26381,e-wallet_dana,Web_Portal,DEV654fda31,Palembang,0
TXN0006320,CUST11014,2026-06-25 12:17:00,topup,55200,e-wallet_gopay,Retail_Outlet,DEVd0b2b078,Makassar,0
TXN0007350,CUST11188,2026-06-25 12:35:00,topup,5000,e-wallet_dana,MyApp,DEVea8b34b9,Makassar,0
TXN0003694,CUST10607,2026-06-25 12:36:00,topup,5000,virtual_account,Web_Portal,DEVdac5609e,Semarang,0
TXN0005112,CUST10829,2026-06-25 12:37:00,topup,24916,e-wallet_ovo,Web_Portal,DEV6001e75d,Pekanbaru,0
TXN0005991,CUST10962,2026-06-25 12:40:00,topup,16377,retail_counter,Web_Portal,DEVb9da7480,Bandung,0
TXN0007070,CUST11144,2026-06-25 13:38:00,topup,36449,credit_card,Web_Portal,DEVb2f9fa1a,Semarang,0
TXN0000199,CUST10032,2026-06-25 14:12:00,topup,16658,e-wallet_ovo,USSD,DEVf6ff3521,Yogyakarta,0
TXN0003883,CUST10635,2026-06-25 14:43:00,topup,5000,e-wallet_ovo,Retail_Outlet,DEVafedc6c3,Bandung,0
TXN0001681,CUST10288,2026-06-25 15:12:00,topup,25725,virtual_account,USSD,DEV077d8688,Malang,0
TXN0001348,CUST10228,2026-06-25 15:27:00,topup,12541,bank_transfer,Partner_Bank,DEVac00f929,Malang,0
TXN0000631,CUST10104,2026-06-25 15:37:00,topup,28891,retail_counter,MyApp,DEV2aefcf3b,Palembang,0
TXN0006051,CUST10972,2026-06-25 15:55:00,topup,19384,retail_counter,MyApp,DEV7f527025,Yogyakarta,0
TXN0003415,CUST10564,2026-06-25 16:05:00,topup,15753,e-wallet_ovo,Web_Portal,DEV93c6267d,Medan,0
TXN0000387,CUST10064,2026-06-25 16:08:00,topup,29741,bank_transfer,Web_Portal,DEV816ce054,Denpasar,0
TXN0003360,CUST10555,2026-06-25 16:09:00,topup,25388,e-wallet_ovo,USSD,DEV3c862582,Yogyakarta,0
TXN0000053,CUST10007,2026-06-25 16:13:00,topup,27208,e-wallet_ovo,Web_Portal,DEV0fc98d2e,Medan,0
TXN0007212,CUST11165,2026-06-25 16:24:00,topup,14066,e-wallet_ovo,Retail_Outlet,DEV4fca946a,Balikpapan,0
TXN0005088,CUST10826,2026-06-25 16:38:00,topup,12083,e-wallet_gopay,Web_Portal,DEV9ee31563,Pekanbaru,0
TXN0005423,CUST10874,2026-06-25 16:54:00,topup,34623,credit_card,USSD,DEVdc63a196,Palembang,0
TXN0002813,CUST10469,2026-06-25 17:01:00,topup,49952,e-wallet_gopay,Web_Portal,DEV44f760a8,Makassar,0
TXN0006707,CUST11081,2026-06-25 17:01:00,topup,19176,retail_counter,MyApp,DEVa2a8d37d,Medan,0
TXN0005878,CUST10942,2026-06-25 17:14:00,topup,10613,virtual_account,Web_Portal,DEV5b5dc6ed,Medan,0
TXN0006241,CUST11003,2026-06-25 17:31:00,topup,46390,e-wallet_gopay,Retail_Outlet,DEVafd0c396,Palembang,0
TXN0003645,CUST10599,2026-06-25 17:57:00,topup,50703,credit_card,Web_Portal,DEVe3346bd8,Pekanbaru,0
TXN0004450,CUST10721,2026-06-25 18:00:00,topup,24958,virtual_account,MyApp,DEVfe8db353,Surabaya,0
TXN0006670,CUST11075,2026-06-25 18:11:00,topup,5000,bank_transfer,MyApp,DEVa8c5840f,Medan,0
TXN0001684,CUST10289,2026-06-25 18:35:00,topup,17981,e-wallet_dana,Web_Portal,DEVdaea544a,Palembang,0
TXN0003729,CUST10613,2026-06-25 19:00:00,topup,19147,bank_transfer,MyApp,DEV145d2f7e,Makassar,0
TXN0003401,CUST10562,2026-06-25 19:15:00,topup,27626,credit_card,Web_Portal,DEV133ca9cf,Jakarta,0
TXN0003383,CUST10559,2026-06-25 19:28:00,topup,41342,bank_transfer,USSD,DEV0d700c8b,Denpasar,0
TXN0002807,CUST10468,2026-06-25 19:38:00,topup,20523,e-wallet_ovo,Web_Portal,DEV6c092d0a,Bandung,0
TXN0003650,CUST10600,2026-06-25 19:38:00,topup,18700,bank_transfer,Web_Portal,DEVe05f039c,Jakarta,0
TXN0001192,CUST10197,2026-06-25 19:50:00,topup,36873,bank_transfer,Retail_Outlet,DEV0b458c23,Medan,0
TXN0001071,CUST10175,2026-06-25 19:59:00,topup,13402,credit_card,Retail_Outlet,DEVb440b852,Malang,0
TXN0007333,CUST11185,2026-06-25 20:03:00,topup,5000,virtual_account,MyApp,DEVf66037cf,Medan,0
TXN0001712,CUST10293,2026-06-25 20:10:00,topup,19165,e-wallet_ovo,Web_Portal,DEVad3053ce,Yogyakarta,0
TXN0000506,CUST10083,2026-06-25 20:11:00,topup,22518,virtual_account,USSD,DEV4be318a8,Bandung,0
TXN0007191,CUST11162,2026-06-25 20:38:00,topup,5000,bank_transfer,MyApp,DEV929b4c7b,Semarang,0
TXN0006068,CUST10974,2026-06-25 21:18:00,topup,22005,retail_counter,MyApp,DEV4667b057,Makassar,0
TXN0000792,CUST10131,2026-06-25 21:45:00,topup,30540,bank_transfer,MyApp,DEVbfeef19d,Makassar,0
TXN0001639,CUST10282,2026-06-25 21:49:00,topup,5000,e-wallet_ovo,Partner_Bank,DEV5b7d9d2d,Semarang,0
TXN0006200,CUST10996,2026-06-25 21:58:00,topup,12085,e-wallet_gopay,MyApp,DEV293572d3,Medan,0
TXN0007010,CUST11131,2026-06-25 22:03:00,topup,28068,e-wallet_ovo,MyApp,DEV82afea66,Pekanbaru,0
TXN0004365,CUST10708,2026-06-25 22:08:00,topup,33084,e-wallet_gopay,MyApp,DEV7bb8373c,Palembang,0
TXN0005774,CUST10930,2026-06-25 22:21:00,topup,37395,e-wallet_dana,MyApp,DEVba8f4592,Jakarta,0
TXN0004983,CUST10808,2026-06-25 22:29:00,topup,58292,bank_transfer,Web_Portal,DEVc316959c,Bandung,0
TXN0001009,CUST10166,2026-06-25 22:31:00,topup,10218,bank_transfer,MyApp,DEVe226a768,Malang,0
TXN0007001,CUST11129,2026-06-25 22:36:00,topup,18419,virtual_account,Retail_Outlet,DEVb39844f4,Makassar,0
TXN0006120,CUST10982,2026-06-25 22:54:00,topup,14070,bank_transfer,MyApp,DEVada3b63d,Yogyakarta,0
TXN0005155,CUST10835,2026-06-26 06:01:00,topup,43845,e-wallet_ovo,Partner_Bank,DEVabfe1fb5,Bandung,0
TXN0005618,CUST10904,2026-06-26 06:06:00,topup,26247,credit_card,MyApp,DEV096b9227,Semarang,0
TXN0002474,CUST10412,2026-06-26 06:26:00,topup,7135,credit_card,Partner_Bank,DEVeb3cc270,Malang,0
TXN0001110,CUST10180,2026-06-26 06:29:00,topup,29764,e-wallet_dana,Partner_Bank,DEV37850b5c,Medan,0
TXN0003983,CUST10649,2026-06-26 06:53:00,topup,36284,bank_transfer,Retail_Outlet,DEVa2e768d7,Surabaya,0
TXN0007162,CUST11158,2026-06-26 07:08:00,topup,52025,e-wallet_ovo,MyApp,DEV2c9c763b,Pekanbaru,0
TXN0005010,CUST10812,2026-06-26 07:13:00,topup,39703,credit_card,MyApp,DEVc19bf990,Denpasar,0
TXN0001923,CUST10327,2026-06-26 07:24:00,topup,14246,bank_transfer,USSD,DEV50326fe6,Semarang,0
TXN0001458,CUST10247,2026-06-26 07:42:00,topup,24564,e-wallet_ovo,Partner_Bank,DEV0d95ee72,Bandung,0
TXN0005225,CUST10844,2026-06-26 07:48:00,topup,19418,e-wallet_ovo,MyApp,DEVdc9eec0b,Balikpapan,0
TXN0004512,CUST10730,2026-06-26 08:59:00,topup,19573,bank_transfer,Web_Portal,DEV5f88fe99,Bandung,0
TXN0000534,CUST10088,2026-06-26 09:08:00,topup,16949,virtual_account,Retail_Outlet,DEVcbf925b5,Medan,0
TXN0001954,CUST10331,2026-06-26 09:21:00,topup,68835,credit_card,Partner_Bank,DEV076451d3,Pekanbaru,0
TXN0006031,CUST10969,2026-06-26 10:29:00,topup,8263,e-wallet_gopay,Web_Portal,DEV0c5f606f,Semarang,0
TXN0000356,CUST10058,2026-06-26 10:49:00,topup,23882,e-wallet_ovo,Partner_Bank,DEV236dd176,Palembang,0
TXN0001622,CUST10279,2026-06-26 10:52:00,topup,26021,bank_transfer,USSD,DEV7e7d5e88,Jakarta,0
TXN0000412,CUST10068,2026-06-26 11:05:00,topup,44565,bank_transfer,Retail_Outlet,DEV1b37ef19,Semarang,0
TXN0001936,CUST10329,2026-06-26 11:31:00,topup,42660,e-wallet_gopay,Partner_Bank,DEV7796048f,Surabaya,0
TXN0004594,CUST10745,2026-06-26 11:35:00,topup,49135,e-wallet_gopay,Retail_Outlet,DEV2906567d,Bandung,0
TXN0004064,CUST10661,2026-06-26 11:39:00,topup,29187,bank_transfer,Retail_Outlet,DEV161f77a1,Pekanbaru,0
TXN0004148,CUST10674,2026-06-26 11:52:00,topup,5000,retail_counter,Partner_Bank,DEV4fa3baf6,Pekanbaru,0
TXN0003197,CUST10527,2026-06-26 11:58:00,topup,5000,credit_card,USSD,DEVfa82f65d,Surabaya,0
TXN0007384,CUST11193,2026-06-26 12:06:00,topup,36355,retail_counter,Partner_Bank,DEVa54720e0,Denpasar,0
TXN0003857,CUST10631,2026-06-26 12:25:00,topup,5000,bank_transfer,MyApp,DEVdf42eabd,Malang,0
TXN0004522,CUST10732,2026-06-26 13:12:00,topup,18297,e-wallet_gopay,USSD,DEV76e51a12,Semarang,0
TXN0003398,CUST10561,2026-06-26 13:51:00,topup,13930,e-wallet_dana,Web_Portal,DEV5a5ed7eb,Pekanbaru,0
TXN0007031,CUST11135,2026-06-26 14:00:00,topup,7623,e-wallet_gopay,Web_Portal,DEV2057111f,Medan,0
TXN0002617,CUST10437,2026-06-26 14:44:00,topup,23697,bank_transfer,MyApp,DEVb62c09bf,Jakarta,0
TXN0003889,CUST10635,2026-06-26 15:00:00,topup,5000,e-wallet_ovo,USSD,DEV42bd31c4,Bandung,0
TXN0002426,CUST10404,2026-06-26 15:21:00,topup,23056,e-wallet_ovo,USSD,DEV35ba5e93,Medan,0
TXN0006801,CUST11097,2026-06-26 15:46:00,topup,71194,e-wallet_ovo,MyApp,DEVa7f3cf5c,Yogyakarta,0
TXN0006989,CUST11127,2026-06-26 15:56:00,topup,20061,e-wallet_ovo,Partner_Bank,DEV03f2ffe0,Makassar,0
TXN0003993,CUST10651,2026-06-26 15:59:00,topup,31293,virtual_account,USSD,DEV206faddb,Medan,0
TXN0000279,CUST10046,2026-06-26 16:02:00,topup,12502,e-wallet_dana,MyApp,DEVe64b9b37,Medan,0
TXN0005553,CUST10892,2026-06-26 16:12:00,topup,18545,retail_counter,MyApp,DEV780b8dc0,Yogyakarta,0
TXN0005204,CUST10841,2026-06-26 16:17:00,topup,48069,e-wallet_dana,MyApp,DEV459f5497,Balikpapan,0
TXN0005307,CUST10856,2026-06-26 16:37:00,topup,22818,e-wallet_dana,USSD,DEV6b2afb3a,Surabaya,0
TXN0004066,CUST10661,2026-06-26 16:40:00,topup,24796,e-wallet_ovo,Partner_Bank,DEV2b5997f2,Pekanbaru,0
TXN0006181,CUST10993,2026-06-26 16:56:00,topup,16688,e-wallet_dana,USSD,DEV9cb076a2,Bandung,0
TXN0005678,CUST10915,2026-06-26 17:08:00,topup,29678,credit_card,USSD,DEVc4d6afc4,Malang,0
TXN0007146,CUST11156,2026-06-26 17:11:00,topup,52194,virtual_account,USSD,DEVbe3ff70d,Semarang,0
TXN0002948,CUST10491,2026-06-26 17:19:00,topup,45527,credit_card,MyApp,DEV215bdef5,Malang,0
TXN0000588,CUST10097,2026-06-26 17:23:00,topup,19922,e-wallet_dana,Web_Portal,DEV90fcc9f1,Denpasar,0
TXN0000902,CUST10147,2026-06-26 17:41:00,topup,5000,e-wallet_gopay,USSD,DEV08252b39,Semarang,0
TXN0001344,CUST10227,2026-06-26 17:46:00,topup,38661,bank_transfer,Web_Portal,DEV45c87f41,Balikpapan,0
TXN0007270,CUST11175,2026-06-26 17:56:00,topup,6922,e-wallet_dana,USSD,DEVb2092e71,Medan,0
TXN0004682,CUST10761,2026-06-26 18:07:00,topup,25322,e-wallet_gopay,USSD,DEVd8528abb,Palembang,0
TXN0007349,CUST11187,2026-06-26 18:11:00,topup,5000,credit_card,Retail_Outlet,DEVb8c4535c,Medan,0
TXN0001760,CUST10301,2026-06-26 18:17:00,topup,32141,bank_transfer,MyApp,DEVfdf02450,Palembang,0
TXN0003727,CUST10612,2026-06-26 18:40:00,topup,5000,retail_counter,MyApp,DEVa34321bf,Pekanbaru,0
TXN0004076,CUST10663,2026-06-26 18:49:00,topup,5000,e-wallet_gopay,Partner_Bank,DEV330062f1,Palembang,0
TXN0005854,CUST10939,2026-06-26 19:05:00,topup,22349,virtual_account,Web_Portal,DEV13865151,Semarang,0
TXN0002910,CUST10485,2026-06-26 19:28:00,topup,8135,e-wallet_ovo,MyApp,DEV665e467f,Malang,0
TXN0005360,CUST10863,2026-06-26 19:36:00,topup,35854,retail_counter,Retail_Outlet,DEV8f6875a3,Malang,0
TXN0006695,CUST11079,2026-06-26 19:37:00,topup,35146,bank_transfer,Retail_Outlet,DEVaaa54056,Jakarta,0
TXN0004090,CUST10665,2026-06-26 19:57:00,topup,6043,retail_counter,Partner_Bank,DEV37df8dfb,Surabaya,0
TXN0004883,CUST10793,2026-06-26 20:42:00,topup,5000,bank_transfer,Retail_Outlet,DEV7447f8a1,Palembang,0
TXN0001572,CUST10270,2026-06-26 20:47:00,topup,5000,credit_card,Partner_Bank,DEV5ea2d56b,Balikpapan,0
TXN0005148,CUST10834,2026-06-26 20:47:00,topup,9777,credit_card,Retail_Outlet,DEV9f6f4967,Pekanbaru,0
TXN0002165,CUST10363,2026-06-26 21:21:00,topup,21874,virtual_account,Retail_Outlet,DEVc8a6a005,Medan,0
TXN0005780,CUST10931,2026-06-26 21:24:00,topup,39428,credit_card,USSD,DEV7e1e7e84,Denpasar,0
TXN0005648,CUST10910,2026-06-26 21:40:00,topup,50702,credit_card,Retail_Outlet,DEV56516ab6,Pekanbaru,0
TXN0006998,CUST11128,2026-06-26 22:15:00,topup,30489,credit_card,Web_Portal,DEV6086a5f3,Denpasar,0
TXN0002685,CUST10446,2026-06-26 22:18:00,topup,9373,retail_counter,Retail_Outlet,DEV77806788,Denpasar,0
TXN0003876,CUST10634,2026-06-27 06:01:00,topup,5000,e-wallet_dana,MyApp,DEV6b6a838e,Balikpapan,0
TXN0003494,CUST10574,2026-06-27 06:48:00,topup,12134,e-wallet_ovo,Partner_Bank,DEV7d05955b,Denpasar,0
TXN0001796,CUST10307,2026-06-27 07:14:00,topup,5722,virtual_account,Web_Portal,DEV4497734d,Jakarta,0
TXN0001662,CUST10285,2026-06-27 07:46:00,topup,13032,retail_counter,Retail_Outlet,DEV592448ee,Surabaya,0
TXN0003967,CUST10646,2026-06-27 07:46:00,topup,19429,e-wallet_ovo,USSD,DEV5287e5f4,Malang,0
TXN0006560,CUST11056,2026-06-27 07:59:00,topup,37864,credit_card,Web_Portal,DEVc337ed45,Semarang,0
TXN0003456,CUST10570,2026-06-27 08:00:00,topup,14942,bank_transfer,Retail_Outlet,DEV3a710f9e,Balikpapan,0
TXN0003540,CUST10582,2026-06-27 08:09:00,topup,36137,e-wallet_gopay,USSD,DEVe522266c,Malang,0
TXN0007414,CUST11197,2026-06-27 08:21:00,topup,8085,e-wallet_gopay,Partner_Bank,DEV7bdd42e3,Surabaya,0
TXN0003238,CUST10534,2026-06-27 08:40:00,topup,39532,virtual_account,Web_Portal,DEV55f8bbb8,Semarang,0
TXN0002957,CUST10492,2026-06-27 08:56:00,topup,5000,virtual_account,Web_Portal,DEV721df83c,Semarang,0
TXN0006553,CUST11055,2026-06-27 09:05:00,topup,5000,e-wallet_dana,Retail_Outlet,DEV91a17855,Balikpapan,0
TXN0003034,CUST10503,2026-06-27 09:09:00,topup,5000,bank_transfer,Retail_Outlet,DEV4eb0c866,Balikpapan,0
TXN0004744,CUST10770,2026-06-27 09:10:00,topup,8863,retail_counter,USSD,DEV7972c629,Makassar,0
TXN0002295,CUST10386,2026-06-27 09:11:00,topup,32376,e-wallet_gopay,Partner_Bank,DEVf530c98d,Malang,0
TXN0000491,CUST10080,2026-06-27 09:18:00,topup,16732,e-wallet_dana,Retail_Outlet,DEV597278c5,Pekanbaru,0
TXN0004630,CUST10752,2026-06-27 09:19:00,topup,22706,credit_card,Partner_Bank,DEV38ace486,Semarang,0
TXN0003381,CUST10558,2026-06-27 09:25:00,topup,8203,credit_card,USSD,DEVd0ef0cd4,Malang,0
TXN0004410,CUST10715,2026-06-27 09:30:00,topup,28557,bank_transfer,Partner_Bank,DEVf5b0fa1c,Balikpapan,0
TXN0004990,CUST10809,2026-06-27 09:37:00,topup,5000,virtual_account,USSD,DEVf7347784,Palembang,0
TXN0004405,CUST10713,2026-06-27 09:40:00,topup,38383,credit_card,Partner_Bank,DEV462270cb,Medan,0
TXN0005295,CUST10854,2026-06-27 10:28:00,topup,25524,credit_card,MyApp,DEVa7641ff1,Surabaya,0
TXN0006629,CUST11068,2026-06-27 10:36:00,topup,41295,e-wallet_dana,Retail_Outlet,DEVf70f8b81,Bandung,0
TXN0007423,CUST11198,2026-06-27 10:53:00,topup,5000,retail_counter,Retail_Outlet,DEV7e8f7fe9,Jakarta,0
TXN0001562,CUST10268,2026-06-27 10:55:00,topup,39278,e-wallet_gopay,Retail_Outlet,DEV3a0e618f,Denpasar,0
TXN0002084,CUST10352,2026-06-27 11:09:00,topup,7772,e-wallet_gopay,Retail_Outlet,DEV1f7bd82f,Yogyakarta,0
TXN0004446,CUST10720,2026-06-27 11:22:00,topup,53235,credit_card,Web_Portal,DEV77ec2100,Pekanbaru,0
TXN0006347,CUST11019,2026-06-27 11:33:00,topup,13131,e-wallet_dana,USSD,DEV9f88be6e,Semarang,0
TXN0004375,CUST10711,2026-06-27 11:39:00,topup,28219,bank_transfer,Retail_Outlet,DEVdcadfda8,Denpasar,0
TXN0003541,CUST10583,2026-06-27 11:46:00,topup,5000,credit_card,MyApp,DEV279f5df0,Balikpapan,0
TXN0004860,CUST10790,2026-06-27 11:48:00,topup,5000,bank_transfer,Partner_Bank,DEV39a90a45,Malang,0
TXN0006700,CUST11080,2026-06-27 12:04:00,topup,18040,bank_transfer,Retail_Outlet,DEV82ca3ac9,Malang,0
TXN0000514,CUST10084,2026-06-27 12:12:00,topup,41050,bank_transfer,USSD,DEVe0ee5e8a,Jakarta,0
TXN0003961,CUST10646,2026-06-27 12:20:00,topup,42560,credit_card,MyApp,DEV7ec469d8,Malang,0
TXN0004603,CUST10747,2026-06-27 12:45:00,topup,5000,bank_transfer,Partner_Bank,DEV2474e10f,Palembang,0
TXN0005709,CUST10920,2026-06-27 13:03:00,topup,21209,e-wallet_dana,Web_Portal,DEV161fe564,Balikpapan,0
TXN0000437,CUST10072,2026-06-27 13:23:00,topup,40745,e-wallet_gopay,Retail_Outlet,DEVe2ed8686,Balikpapan,0
TXN0002604,CUST10434,2026-06-27 13:37:00,topup,15687,e-wallet_ovo,Web_Portal,DEVc571f9ab,Yogyakarta,0
TXN0003440,CUST10567,2026-06-27 13:38:00,topup,28696,credit_card,MyApp,DEVb4b2ce14,Denpasar,0
TXN0004848,CUST10788,2026-06-27 13:45:00,topup,15870,e-wallet_ovo,Partner_Bank,DEVb190dea4,Bandung,0
TXN0004841,CUST10787,2026-06-27 13:55:00,topup,21018,e-wallet_gopay,Web_Portal,DEVc2d031ad,Pekanbaru,0
TXN0006089,CUST10977,2026-06-27 14:09:00,topup,16265,e-wallet_ovo,Partner_Bank,DEV572d3274,Malang,0
TXN0000418,CUST10069,2026-06-27 14:15:00,topup,25907,bank_transfer,Partner_Bank,DEV30c9c51f,Bandung,0
TXN0000414,CUST10068,2026-06-27 14:25:00,topup,11673,retail_counter,USSD,DEVbe153187,Semarang,0
TXN0000155,CUST10025,2026-06-27 14:28:00,topup,23737,credit_card,USSD,DEV8a45a905,Jakarta,0
TXN0006901,CUST11114,2026-06-27 14:30:00,topup,17995,virtual_account,Web_Portal,DEV112458e5,Balikpapan,0
TXN0001228,CUST10202,2026-06-27 14:37:00,topup,18880,credit_card,Web_Portal,DEV7ccd3dc0,Makassar,0
TXN0000446,CUST10074,2026-06-27 14:50:00,topup,30199,bank_transfer,USSD,DEVb5d9ad36,Yogyakarta,0
TXN0005297,CUST10855,2026-06-27 14:57:00,topup,42748,e-wallet_gopay,USSD,DEV39323a07,Surabaya,0
TXN0005457,CUST10879,2026-06-27 15:08:00,topup,5460,bank_transfer,Partner_Bank,DEV4019a1f6,Semarang,0
TXN0005286,CUST10852,2026-06-27 15:15:00,topup,14252,credit_card,Partner_Bank,DEV8921349f,Palembang,0
TXN0006508,CUST11046,2026-06-27 15:17:00,topup,27807,e-wallet_dana,MyApp,DEVc768edb9,Denpasar,0
TXN0005837,CUST10938,2026-06-27 15:24:00,topup,29654,bank_transfer,MyApp,DEV87a8cadf,Yogyakarta,0
TXN0002983,CUST10496,2026-06-27 15:42:00,topup,37871,bank_transfer,MyApp,DEV4242fc5c,Surabaya,0
TXN0004689,CUST10763,2026-06-27 16:19:00,topup,5000,credit_card,Partner_Bank,DEVb1f0b429,Jakarta,0
TXN0001365,CUST10232,2026-06-27 16:23:00,topup,12943,retail_counter,USSD,DEVa9151364,Semarang,0
TXN0001041,CUST10170,2026-06-27 16:26:00,topup,5000,e-wallet_ovo,USSD,DEVb82d40de,Pekanbaru,0
TXN0003176,CUST10524,2026-06-27 16:32:00,topup,26974,e-wallet_ovo,Web_Portal,DEV0aecc94d,Malang,0
TXN0004613,CUST10750,2026-06-27 17:14:00,topup,26402,e-wallet_ovo,USSD,DEVd685b08b,Surabaya,0
TXN0000949,CUST10155,2026-06-27 17:36:00,topup,5000,e-wallet_gopay,Web_Portal,DEV91ae3d4c,Makassar,0
TXN0005836,CUST10938,2026-06-27 17:48:00,topup,41741,e-wallet_gopay,MyApp,DEV9d148109,Yogyakarta,0
TXN0006474,CUST11039,2026-06-27 17:57:00,topup,10836,credit_card,Retail_Outlet,DEV950f5eff,Surabaya,0
TXN0005561,CUST10895,2026-06-27 17:57:00,topup,23157,credit_card,MyApp,DEV05b08ce0,Medan,0
TXN0000889,CUST10146,2026-06-27 18:03:00,topup,9242,credit_card,USSD,DEVc6a28e4e,Semarang,0
TXN0004553,CUST10737,2026-06-27 18:08:00,topup,46175,retail_counter,Web_Portal,DEV43472a28,Yogyakarta,0
TXN0001003,CUST10165,2026-06-27 18:16:00,topup,5656,e-wallet_ovo,USSD,DEV3360d115,Semarang,0
TXN0004050,CUST10658,2026-06-27 18:31:00,topup,15737,virtual_account,MyApp,DEV5dc2fd9b,Surabaya,0
TXN0004486,CUST10726,2026-06-27 18:44:00,topup,12855,e-wallet_dana,Retail_Outlet,DEV6a45d1e9,Makassar,0
TXN0005284,CUST10852,2026-06-27 18:49:00,topup,5903,e-wallet_gopay,USSD,DEV2e654dcc,Palembang,0
TXN0001601,CUST10276,2026-06-27 19:04:00,topup,26156,credit_card,USSD,DEVb74966cb,Jakarta,0
TXN0007394,CUST11194,2026-06-27 19:11:00,topup,41954,bank_transfer,Retail_Outlet,DEV75ed76cf,Denpasar,0
TXN0005771,CUST10930,2026-06-27 19:20:00,topup,5000,e-wallet_ovo,USSD,DEV2f64a0ad,Jakarta,0
TXN0003287,CUST10543,2026-06-27 19:31:00,topup,58951,bank_transfer,Web_Portal,DEVfbc1085b,Pekanbaru,0
TXN0005892,CUST10945,2026-06-27 19:54:00,topup,11191,virtual_account,Partner_Bank,DEVe6b23125,Denpasar,0
TXN0002634,CUST10439,2026-06-27 20:01:00,topup,25627,bank_transfer,Web_Portal,DEV6e52b671,Malang,0
TXN0001931,CUST10328,2026-06-27 20:01:00,topup,22284,bank_transfer,Web_Portal,DEVf33685da,Pekanbaru,0
TXN0002146,CUST10362,2026-06-27 20:03:00,topup,59735,virtual_account,USSD,DEV13fc927f,Makassar,0
TXN0006950,CUST11122,2026-06-27 20:10:00,topup,18241,bank_transfer,Web_Portal,DEV8c38c18b,Jakarta,0
TXN0000402,CUST10067,2026-06-27 20:14:00,topup,16184,virtual_account,Web_Portal,DEVa7939a2e,Medan,0
TXN0005023,CUST10814,2026-06-27 20:23:00,topup,5000,virtual_account,MyApp,DEVacac1b18,Balikpapan,0
TXN0002378,CUST10398,2026-06-27 20:24:00,topup,45983,virtual_account,Retail_Outlet,DEVc3595dc2,Makassar,0
TXN0000553,CUST10091,2026-06-27 20:26:00,topup,5000,bank_transfer,USSD,DEV402d105b,Makassar,0
TXN0003960,CUST10646,2026-06-27 20:29:00,topup,22554,bank_transfer,MyApp,DEV1d191f64,Malang,0
TXN0005329,CUST10859,2026-06-27 20:42:00,topup,33705,e-wallet_dana,Partner_Bank,DEV36d0bb41,Denpasar,0
TXN0004579,CUST10743,2026-06-27 20:56:00,topup,5000,virtual_account,Web_Portal,DEVae2e7dd2,Medan,0
TXN0000550,CUST10091,2026-06-27 21:05:00,topup,5034,retail_counter,MyApp,DEVc04446bf,Makassar,0
TXN0001571,CUST10270,2026-06-27 21:12:00,topup,18793,bank_transfer,Partner_Bank,DEV931414e8,Balikpapan,0
TXN0004106,CUST10667,2026-06-27 21:50:00,topup,34708,e-wallet_ovo,MyApp,DEV99d75477,Surabaya,0
TXN0006967,CUST11124,2026-06-27 21:51:00,topup,20267,e-wallet_ovo,Retail_Outlet,DEV47691dcb,Denpasar,0
TXN0001726,CUST10296,2026-06-27 22:25:00,topup,14537,e-wallet_ovo,Web_Portal,DEV7462f144,Jakarta,0
TXN0001739,CUST10297,2026-06-27 22:53:00,topup,34667,retail_counter,USSD,DEV04860bee,Bandung,0
TXN0000139,CUST10023,2026-06-27 22:56:00,topup,22103,e-wallet_dana,Partner_Bank,DEV6016c743,Semarang,0
TXN0001944,CUST10329,2026-06-28 06:07:00,topup,5185,e-wallet_dana,Retail_Outlet,DEVd294100f,Surabaya,0
TXN0002391,CUST10399,2026-06-28 06:18:00,topup,17557,e-wallet_gopay,Partner_Bank,DEVf4ac27ef,Makassar,0
TXN0002879,CUST10479,2026-06-28 06:19:00,topup,16613,e-wallet_dana,MyApp,DEV7bae0f3b,Denpasar,0
TXN0007201,CUST11163,2026-06-28 06:27:00,topup,24017,credit_card,Web_Portal,DEVe2eb0222,Bandung,0
TXN0000330,CUST10054,2026-06-28 06:38:00,topup,5000,virtual_account,MyApp,DEV349b5089,Pekanbaru,0
TXN0003972,CUST10647,2026-06-28 07:12:00,topup,38243,e-wallet_ovo,USSD,DEV78dc340b,Jakarta,0
TXN0006274,CUST11007,2026-06-28 07:21:00,topup,5248,bank_transfer,USSD,DEVc88994e7,Surabaya,0
TXN0002699,CUST10449,2026-06-28 07:34:00,topup,63092,e-wallet_gopay,USSD,DEVec814510,Yogyakarta,0
TXN0004088,CUST10665,2026-06-28 07:58:00,topup,18918,credit_card,Partner_Bank,DEVbe3de265,Surabaya,0
TXN0003575,CUST10588,2026-06-28 08:11:00,topup,15847,e-wallet_dana,Partner_Bank,DEV26c25405,Jakarta,0
TXN0001951,CUST10330,2026-06-28 08:29:00,topup,30393,credit_card,Partner_Bank,DEVfb38bc6c,Malang,0
TXN0001907,CUST10325,2026-06-28 08:33:00,topup,5000,e-wallet_dana,Partner_Bank,DEV3653e588,Yogyakarta,0
TXN0007081,CUST11146,2026-06-28 08:38:00,topup,11160,credit_card,USSD,DEV89d5e178,Makassar,0
TXN0004243,CUST10688,2026-06-28 08:39:00,topup,5033,e-wallet_gopay,Partner_Bank,DEV37bea260,Yogyakarta,0
TXN0003431,CUST10566,2026-06-28 08:40:00,topup,51363,bank_transfer,USSD,DEV1c6fec01,Pekanbaru,0
TXN0002997,CUST10498,2026-06-28 08:48:00,topup,30476,e-wallet_dana,Partner_Bank,DEVfc3a156a,Balikpapan,0
TXN0005453,CUST10878,2026-06-28 09:38:00,topup,44822,retail_counter,Partner_Bank,DEV094a8492,Makassar,0
TXN0004308,CUST10698,2026-06-28 09:41:00,topup,13438,virtual_account,Web_Portal,DEV4e8172da,Jakarta,0
TXN0007137,CUST11155,2026-06-28 09:56:00,topup,41834,retail_counter,Retail_Outlet,DEVe810c030,Yogyakarta,0
TXN0000218,CUST10037,2026-06-28 10:57:00,topup,5000,e-wallet_gopay,USSD,DEV16db80db,Bandung,0
TXN0006109,CUST10981,2026-06-28 11:23:00,topup,35589,e-wallet_gopay,USSD,DEVb521d095,Pekanbaru,0
TXN0006038,CUST10971,2026-06-28 11:26:00,topup,8607,retail_counter,MyApp,DEVc002c7fc,Balikpapan,0
TXN0006620,CUST11067,2026-06-28 11:42:00,topup,44663,retail_counter,USSD,DEV2815eb62,Balikpapan,0
TXN0002459,CUST10410,2026-06-28 11:49:00,topup,16676,virtual_account,MyApp,DEVfd561b27,Jakarta,0
TXN0001288,CUST10213,2026-06-28 11:59:00,topup,36458,bank_transfer,Partner_Bank,DEV7f8736f1,Medan,0
TXN0003959,CUST10646,2026-06-28 12:03:00,topup,27216,bank_transfer,MyApp,DEV3286af00,Malang,0
TXN0001507,CUST10257,2026-06-28 12:11:00,topup,5000,bank_transfer,MyApp,DEVffbb4bcc,Surabaya,0
TXN0001230,CUST10203,2026-06-28 12:12:00,topup,23643,e-wallet_dana,Retail_Outlet,DEVd8842354,Makassar,0
TXN0001391,CUST10237,2026-06-28 12:15:00,topup,6564,virtual_account,Partner_Bank,DEVb0736dd1,Pekanbaru,0
TXN0006533,CUST11051,2026-06-28 12:36:00,topup,27147,e-wallet_gopay,Partner_Bank,DEVbf2c857e,Makassar,0
TXN0004961,CUST10806,2026-06-28 13:01:00,topup,34632,virtual_account,MyApp,DEV060072c3,Jakarta,0
TXN0005642,CUST10909,2026-06-28 13:08:00,topup,16829,e-wallet_gopay,Retail_Outlet,DEV0ac22e6d,Palembang,0
TXN0000821,CUST10136,2026-06-28 13:08:00,topup,9119,e-wallet_gopay,MyApp,DEV98d53cf5,Surabaya,0
TXN0003371,CUST10556,2026-06-28 13:18:00,topup,18748,e-wallet_gopay,Partner_Bank,DEV7e6ae55c,Medan,0
TXN0004463,CUST10722,2026-06-28 13:34:00,topup,32468,bank_transfer,Partner_Bank,DEVb703fa9f,Bandung,0
TXN0001498,CUST10255,2026-06-28 14:06:00,topup,9069,retail_counter,USSD,DEV6af31899,Jakarta,0
TXN0003258,CUST10538,2026-06-28 14:13:00,topup,6069,e-wallet_gopay,MyApp,DEVc8ddd9bb,Pekanbaru,0
TXN0007156,CUST11157,2026-06-28 14:23:00,topup,5000,bank_transfer,Partner_Bank,DEV0bace8ac,Yogyakarta,0
TXN0003396,CUST10561,2026-06-28 14:33:00,topup,20851,e-wallet_gopay,USSD,DEV7b92a41d,Pekanbaru,0
TXN0003878,CUST10634,2026-06-28 14:45:00,topup,29185,e-wallet_ovo,USSD,DEV2d1b143e,Balikpapan,0
TXN0004315,CUST10699,2026-06-28 14:54:00,topup,53907,virtual_account,MyApp,DEV954e95fb,Jakarta,0
TXN0002572,CUST10429,2026-06-28 15:22:00,topup,22877,e-wallet_ovo,Partner_Bank,DEV2024c407,Denpasar,0
TXN0002761,CUST10460,2026-06-28 15:30:00,topup,23576,credit_card,USSD,DEV4d7d10f3,Pekanbaru,0
TXN0003917,CUST10639,2026-06-28 15:42:00,topup,14880,credit_card,Retail_Outlet,DEV13974770,Pekanbaru,0
TXN0003255,CUST10538,2026-06-28 16:02:00,topup,13205,credit_card,Partner_Bank,DEVf35757c5,Pekanbaru,0
TXN0005779,CUST10931,2026-06-28 16:04:00,topup,27753,credit_card,USSD,DEVbad78868,Denpasar,0
TXN0004203,CUST10682,2026-06-28 16:08:00,topup,32890,credit_card,Retail_Outlet,DEV0c8033f0,Palembang,0
TXN0005853,CUST10939,2026-06-28 16:23:00,topup,20895,virtual_account,Web_Portal,DEVf51ed666,Semarang,0
TXN0006942,CUST11121,2026-06-28 16:29:00,topup,16692,virtual_account,Retail_Outlet,DEV2f63a62d,Makassar,0
TXN0006302,CUST11012,2026-06-28 16:54:00,topup,22636,retail_counter,USSD,DEVd64894cd,Medan,0
TXN0003216,CUST10530,2026-06-28 17:36:00,topup,11157,bank_transfer,USSD,DEVaa000756,Balikpapan,0
TXN0000539,CUST10089,2026-06-28 17:42:00,topup,34795,retail_counter,Retail_Outlet,DEV02dabd76,Medan,0
TXN0007180,CUST11161,2026-06-28 18:08:00,topup,5000,e-wallet_gopay,MyApp,DEVdca4b19e,Surabaya,0
TXN0005658,CUST10911,2026-06-28 18:29:00,topup,5000,bank_transfer,Web_Portal,DEV4a4a1b64,Denpasar,0
TXN0006421,CUST11031,2026-06-28 18:38:00,topup,25983,virtual_account,Partner_Bank,DEVb5230821,Surabaya,0
TXN0003652,CUST10600,2026-06-28 19:01:00,topup,14321,retail_counter,MyApp,DEVc82585fa,Jakarta,0
TXN0000175,CUST10029,2026-06-28 19:36:00,topup,34907,e-wallet_dana,MyApp,DEV3a3e46b0,Jakarta,0
TXN0006232,CUST11002,2026-06-28 19:36:00,topup,20691,e-wallet_dana,USSD,DEVaad29f81,Semarang,0
TXN0002069,CUST10349,2026-06-28 19:45:00,topup,21167,retail_counter,USSD,DEV8e990457,Palembang,0
TXN0003033,CUST10503,2026-06-28 19:57:00,topup,13186,virtual_account,USSD,DEVe473b0b0,Balikpapan,0
TXN0005604,CUST10901,2026-06-28 20:00:00,topup,28829,e-wallet_ovo,Web_Portal,DEV1259d654,Surabaya,0
TXN0004180,CUST10680,2026-06-28 20:01:00,topup,5000,e-wallet_gopay,Web_Portal,DEV091e11df,Pekanbaru,0
TXN0001929,CUST10328,2026-06-28 20:03:00,topup,13065,e-wallet_dana,Partner_Bank,DEV6f8ef978,Pekanbaru,0
TXN0004540,CUST10735,2026-06-28 20:16:00,topup,16289,e-wallet_dana,Web_Portal,DEV44482593,Bandung,0
TXN0005212,CUST10842,2026-06-28 20:23:00,topup,16508,credit_card,Web_Portal,DEV74cd4a41,Pekanbaru,0
TXN0002138,CUST10361,2026-06-28 20:37:00,topup,10778,e-wallet_gopay,Retail_Outlet,DEV92a0c677,Palembang,0
TXN0002896,CUST10483,2026-06-28 20:44:00,topup,38904,e-wallet_gopay,Web_Portal,DEVe466c937,Denpasar,0
TXN0005909,CUST10947,2026-06-28 20:44:00,topup,20570,e-wallet_dana,Web_Portal,DEV36d25823,Balikpapan,0
TXN0000953,CUST10156,2026-06-28 21:10:00,topup,27005,credit_card,MyApp,DEVd1cbc092,Surabaya,0
TXN0002152,CUST10362,2026-06-28 21:13:00,topup,67514,virtual_account,USSD,DEV6abb6c41,Makassar,0
TXN0006415,CUST11030,2026-06-28 21:47:00,topup,40647,credit_card,USSD,DEV69ccaeb0,Medan,0
TXN0000050,CUST10006,2026-06-28 21:51:00,topup,5000,bank_transfer,Retail_Outlet,DEV8e52fc42,Makassar,0
TXN0002976,CUST10494,2026-06-28 22:32:00,topup,27568,bank_transfer,USSD,DEV70100d7e,Pekanbaru,0
TXN0004269,CUST10691,2026-06-28 22:35:00,topup,58461,e-wallet_ovo,Partner_Bank,DEV78e00f78,Yogyakarta,0
TXN0007337,CUST11186,2026-06-29 06:21:00,topup,23871,e-wallet_ovo,Web_Portal,DEV3eda9150,Pekanbaru,0
TXN0006524,CUST11049,2026-06-29 06:22:00,topup,17282,e-wallet_gopay,USSD,DEV23bf1f71,Surabaya,0
TXN0000152,CUST10025,2026-06-29 06:26:00,topup,32169,e-wallet_gopay,Retail_Outlet,DEV0db5d441,Jakarta,0
TXN0002667,CUST10444,2026-06-29 06:39:00,topup,22107,bank_transfer,Partner_Bank,DEVdeaeb0c0,Surabaya,0
TXN0002409,CUST10402,2026-06-29 06:43:00,topup,32641,e-wallet_dana,USSD,DEV8bf160df,Bandung,0
TXN0003023,CUST10501,2026-06-29 07:07:00,topup,26654,virtual_account,USSD,DEV1987e6d0,Malang,0
TXN0006419,CUST11031,2026-06-29 07:21:00,topup,12165,e-wallet_dana,Retail_Outlet,DEVf31fbee0,Surabaya,0
TXN0005720,CUST10922,2026-06-29 07:24:00,topup,5000,e-wallet_dana,MyApp,DEVbea17713,Palembang,0
TXN0002174,CUST10365,2026-06-29 07:25:00,topup,5000,bank_transfer,Retail_Outlet,DEV21ffcf72,Balikpapan,0
TXN0002352,CUST10393,2026-06-29 07:45:00,topup,5000,retail_counter,Retail_Outlet,DEVc4b27b21,Malang,0
TXN0003066,CUST10509,2026-06-29 08:07:00,topup,28782,credit_card,Partner_Bank,DEV52b3a0d1,Surabaya,0
TXN0006940,CUST11121,2026-06-29 08:23:00,topup,9636,e-wallet_dana,Retail_Outlet,DEV364b9aa2,Makassar,0
TXN0007022,CUST11134,2026-06-29 08:42:00,topup,16407,credit_card,Web_Portal,DEV130f0872,Balikpapan,0
TXN0000892,CUST10146,2026-06-29 08:43:00,topup,20547,e-wallet_ovo,MyApp,DEV9ec5405d,Semarang,0
TXN0002211,CUST10371,2026-06-29 08:46:00,topup,26427,e-wallet_ovo,Retail_Outlet,DEV3d57ee27,Medan,0
TXN0002506,CUST10418,2026-06-29 08:49:00,topup,5000,retail_counter,USSD,DEVabe05b22,Surabaya,0
TXN0002764,CUST10461,2026-06-29 09:02:00,topup,33151,e-wallet_gopay,Web_Portal,DEVabb558e1,Denpasar,0
TXN0003109,CUST10514,2026-06-29 09:29:00,topup,5000,credit_card,MyApp,DEV4e583dde,Balikpapan,0
TXN0004049,CUST10658,2026-06-29 09:30:00,topup,9906,e-wallet_gopay,Partner_Bank,DEVfc7c356d,Surabaya,0
TXN0000219,CUST10037,2026-06-29 09:35:00,topup,5571,bank_transfer,Web_Portal,DEVe9d6bb7e,Bandung,0
TXN0001830,CUST10313,2026-06-29 09:37:00,topup,19772,e-wallet_ovo,MyApp,DEVd513da02,Makassar,0
TXN0001694,CUST10290,2026-06-29 09:39:00,topup,36068,retail_counter,USSD,DEVac6c2e1b,Malang,0
TXN0000136,CUST10023,2026-06-29 09:40:00,topup,5000,virtual_account,MyApp,DEV702f31e5,Semarang,0
TXN0004527,CUST10732,2026-06-29 09:54:00,topup,9170,e-wallet_gopay,Partner_Bank,DEV52a80809,Semarang,0
TXN0000066,CUST10009,2026-06-29 11:00:00,topup,24026,virtual_account,USSD,DEV6d39da75,Malang,0
TXN0005114,CUST10829,2026-06-29 11:14:00,topup,5000,retail_counter,MyApp,DEV2d914e29,Pekanbaru,0
TXN0003380,CUST10558,2026-06-29 11:33:00,topup,26007,e-wallet_dana,Retail_Outlet,DEVb95f22d5,Malang,0
TXN0004215,CUST10683,2026-06-29 11:37:00,topup,17577,e-wallet_ovo,Web_Portal,DEV9c83cfae,Palembang,0
TXN0005385,CUST10867,2026-06-29 12:01:00,topup,42439,e-wallet_ovo,Retail_Outlet,DEVb7900752,Surabaya,0
TXN0002690,CUST10448,2026-06-29 12:24:00,topup,5000,e-wallet_gopay,Retail_Outlet,DEVfe4cefed,Palembang,0
TXN0007316,CUST11183,2026-06-29 12:39:00,topup,28473,retail_counter,Partner_Bank,DEVf7f9efbc,Denpasar,0
TXN0003797,CUST10622,2026-06-29 12:59:00,topup,16227,e-wallet_dana,Retail_Outlet,DEV635b729c,Palembang,0
TXN0006904,CUST11115,2026-06-29 13:07:00,topup,21818,retail_counter,Web_Portal,DEV5c05dcee,Surabaya,0
TXN0006770,CUST11091,2026-06-29 13:23:00,topup,5000,credit_card,Partner_Bank,DEVd554fadf,Pekanbaru,0
TXN0006321,CUST11015,2026-06-29 13:39:00,topup,14427,e-wallet_gopay,MyApp,DEVa367b563,Surabaya,0
TXN0007159,CUST11158,2026-06-29 13:50:00,topup,49906,credit_card,MyApp,DEV9d09cf19,Pekanbaru,0
TXN0004125,CUST10669,2026-06-29 13:55:00,topup,29344,e-wallet_gopay,Web_Portal,DEVb960df1f,Malang,0
TXN0005805,CUST10933,2026-06-29 14:12:00,topup,23025,e-wallet_dana,MyApp,DEV466aa217,Bandung,0
TXN0002679,CUST10446,2026-06-29 14:20:00,topup,14034,e-wallet_gopay,Web_Portal,DEV9b6fbe20,Denpasar,0
TXN0004029,CUST10655,2026-06-29 14:26:00,topup,29100,e-wallet_dana,Web_Portal,DEVa5b01639,Semarang,0
TXN0000689,CUST10115,2026-06-29 14:38:00,topup,30460,retail_counter,Partner_Bank,DEV9d7d1756,Bandung,0
TXN0007042,CUST11136,2026-06-29 14:50:00,topup,8975,virtual_account,Web_Portal,DEVe2aebd53,Medan,0
TXN0004717,CUST10767,2026-06-29 14:51:00,topup,17674,virtual_account,MyApp,DEV05a95733,Yogyakarta,0
TXN0000723,CUST10121,2026-06-29 15:03:00,topup,8218,e-wallet_gopay,Web_Portal,DEVee25356a,Surabaya,0
TXN0005730,CUST10924,2026-06-29 15:09:00,topup,29894,e-wallet_dana,MyApp,DEV22530aa4,Palembang,0
TXN0004950,CUST10804,2026-06-29 15:12:00,topup,17845,bank_transfer,MyApp,DEV9fc08086,Yogyakarta,0
TXN0000860,CUST10142,2026-06-29 15:14:00,topup,48986,virtual_account,USSD,DEV4c7f03bb,Semarang,0
TXN0004137,CUST10672,2026-06-29 15:22:00,topup,19439,retail_counter,Partner_Bank,DEV88bbc5bb,Pekanbaru,0
TXN0003048,CUST10506,2026-06-29 15:23:00,topup,49563,virtual_account,Partner_Bank,DEV1387bcda,Denpasar,0
TXN0003905,CUST10637,2026-06-29 15:31:00,topup,15680,bank_transfer,USSD,DEV2951c8a7,Jakarta,0
TXN0003322,CUST10548,2026-06-29 15:39:00,topup,5238,retail_counter,MyApp,DEV77902ddf,Medan,0
TXN0002068,CUST10349,2026-06-29 16:05:00,topup,41619,bank_transfer,Retail_Outlet,DEVc4f5b03e,Palembang,0
TXN0004154,CUST10675,2026-06-29 16:11:00,topup,20251,bank_transfer,USSD,DEVa7e70139,Denpasar,0
TXN0006201,CUST10996,2026-06-29 16:12:00,topup,5000,retail_counter,USSD,DEV9a0f7242,Medan,0
TXN0007428,CUST11199,2026-06-29 16:44:00,topup,28718,bank_transfer,USSD,DEV06dba492,Makassar,0
TXN0003588,CUST10589,2026-06-29 17:30:00,topup,5000,e-wallet_ovo,Web_Portal,DEVbb9ddc31,Bandung,0
TXN0005932,CUST10951,2026-06-29 17:38:00,topup,27462,e-wallet_dana,Web_Portal,DEVb88e33d1,Jakarta,0
TXN0001217,CUST10200,2026-06-29 17:44:00,topup,11499,retail_counter,Web_Portal,DEV141b9098,Pekanbaru,0
TXN0004619,CUST10750,2026-06-29 17:52:00,topup,5000,retail_counter,Web_Portal,DEVf5b127e1,Surabaya,0
TXN0007060,CUST11142,2026-06-29 17:54:00,topup,58311,e-wallet_gopay,MyApp,DEV5cdbb28b,Denpasar,0
TXN0004324,CUST10701,2026-06-29 17:54:00,topup,10014,bank_transfer,USSD,DEV7b67caba,Surabaya,0
TXN0002472,CUST10412,2026-06-29 18:45:00,topup,36498,e-wallet_dana,Partner_Bank,DEV76733597,Malang,0
TXN0000743,CUST10124,2026-06-29 18:55:00,topup,8020,virtual_account,Partner_Bank,DEV84a91789,Makassar,0
TXN0004292,CUST10695,2026-06-29 18:57:00,topup,32812,e-wallet_gopay,MyApp,DEVc99496ab,Pekanbaru,0
TXN0003935,CUST10642,2026-06-29 18:59:00,topup,16257,e-wallet_gopay,USSD,DEV93efe8f0,Semarang,0
TXN0005740,CUST10925,2026-06-29 19:13:00,topup,6608,virtual_account,Web_Portal,DEVff97588e,Pekanbaru,0
TXN0000406,CUST10067,2026-06-29 19:25:00,topup,31029,credit_card,MyApp,DEV99966612,Medan,0
TXN0004833,CUST10785,2026-06-29 19:26:00,topup,5928,retail_counter,MyApp,DEVb08307e1,Surabaya,0
TXN0000697,CUST10117,2026-06-29 20:19:00,topup,29337,retail_counter,Web_Portal,DEV8f221604,Pekanbaru,0
TXN0001465,CUST10248,2026-06-29 20:20:00,topup,5000,credit_card,USSD,DEV74017bb3,Bandung,0
TXN0002389,CUST10399,2026-06-29 20:33:00,topup,9549,retail_counter,Web_Portal,DEV2dd2d8c0,Makassar,0
TXN0001911,CUST10325,2026-06-29 20:41:00,topup,33245,virtual_account,Partner_Bank,DEV788f06ed,Yogyakarta,0
TXN0006227,CUST11001,2026-06-29 21:14:00,topup,23990,e-wallet_gopay,USSD,DEVfeb3a855,Surabaya,0
TXN0006894,CUST11113,2026-06-29 21:38:00,topup,38573,e-wallet_dana,MyApp,DEVe4cfb2f3,Bandung,0
TXN0005672,CUST10914,2026-06-29 21:57:00,topup,12543,credit_card,MyApp,DEV00937ba0,Palembang,0
TXN0005741,CUST10925,2026-06-29 22:10:00,topup,47346,retail_counter,USSD,DEVd0d14782,Pekanbaru,0
TXN0000027,CUST10003,2026-06-29 22:23:00,topup,9956,bank_transfer,Web_Portal,DEV94ad6252,Palembang,0
TXN0005318,CUST10858,2026-06-29 22:24:00,topup,18190,retail_counter,Web_Portal,DEVa800d519,Pekanbaru,0
TXN0005574,CUST10896,2026-06-29 22:30:00,topup,33598,retail_counter,USSD,DEVf2d058ca,Balikpapan,0
TXN0001925,CUST10327,2026-06-29 22:44:00,topup,24358,retail_counter,Partner_Bank,DEV47efa886,Semarang,0
TXN0001282,CUST10212,2026-06-30 06:03:00,topup,22086,e-wallet_gopay,Retail_Outlet,DEVdc32f8a0,Yogyakarta,0
TXN0005992,CUST10963,2026-06-30 06:11:00,topup,54732,bank_transfer,Web_Portal,DEVa52aea24,Palembang,0
TXN0001303,CUST10216,2026-06-30 06:25:00,topup,30832,bank_transfer,Web_Portal,DEV88f7f097,Medan,0
TXN0001452,CUST10247,2026-06-30 06:40:00,topup,5000,e-wallet_dana,Partner_Bank,DEV6b358d15,Bandung,0
TXN0003397,CUST10561,2026-06-30 06:42:00,topup,27263,e-wallet_gopay,Web_Portal,DEVc425d020,Pekanbaru,0
TXN0000840,CUST10139,2026-06-30 06:46:00,topup,8072,e-wallet_gopay,MyApp,DEV17172654,Makassar,0
TXN0006633,CUST11069,2026-06-30 06:58:00,topup,30774,credit_card,Retail_Outlet,DEVe9f746e7,Denpasar,0
TXN0002336,CUST10391,2026-06-30 07:08:00,topup,5000,retail_counter,MyApp,DEV8486b704,Yogyakarta,0
TXN0007278,CUST11176,2026-06-30 07:18:00,topup,22025,virtual_account,Web_Portal,DEVef55c8e2,Makassar,0
TXN0005134,CUST10833,2026-06-30 07:47:00,topup,13891,e-wallet_dana,Partner_Bank,DEV0acc09da,Semarang,0
TXN0003630,CUST10596,2026-06-30 08:23:00,topup,35833,e-wallet_dana,Retail_Outlet,DEV4feeea91,Yogyakarta,0
TXN0000828,CUST10137,2026-06-30 08:42:00,topup,17305,credit_card,USSD,DEVccca1e14,Pekanbaru,0
TXN0003070,CUST10509,2026-06-30 08:57:00,topup,44590,e-wallet_ovo,Web_Portal,DEVa2f87dea,Surabaya,0
TXN0001667,CUST10286,2026-06-30 09:01:00,topup,34887,bank_transfer,USSD,DEV1e5c5da8,Jakarta,0
TXN0007039,CUST11136,2026-06-30 09:36:00,topup,5000,e-wallet_dana,Partner_Bank,DEVdd50f7e7,Medan,0
TXN0002549,CUST10426,2026-06-30 09:59:00,topup,8089,e-wallet_ovo,Retail_Outlet,DEV03671560,Palembang,0
TXN0002765,CUST10462,2026-06-30 10:26:00,topup,11223,e-wallet_gopay,MyApp,DEV76b35303,Yogyakarta,0
TXN0005305,CUST10856,2026-06-30 10:34:00,topup,47653,credit_card,Partner_Bank,DEVb55a478e,Surabaya,0
TXN0003564,CUST10586,2026-06-30 10:36:00,topup,5000,bank_transfer,MyApp,DEV488e5bd8,Yogyakarta,0
TXN0001178,CUST10193,2026-06-30 10:36:00,topup,20664,virtual_account,Retail_Outlet,DEVd4575305,Palembang,0
TXN0004063,CUST10661,2026-06-30 11:02:00,topup,38711,e-wallet_gopay,MyApp,DEVeb02c661,Pekanbaru,0
TXN0001256,CUST10208,2026-06-30 11:04:00,topup,37059,virtual_account,MyApp,DEV4a9ff50e,Balikpapan,0
TXN0005054,CUST10820,2026-06-30 11:09:00,topup,5000,credit_card,USSD,DEVf3f48d53,Jakarta,0
TXN0002835,CUST10472,2026-06-30 11:33:00,topup,5000,bank_transfer,Partner_Bank,DEV2e408d57,Pekanbaru,0
TXN0005456,CUST10879,2026-06-30 11:37:00,topup,5000,e-wallet_ovo,Web_Portal,DEV9d8e20d6,Semarang,0
TXN0006913,CUST11116,2026-06-30 11:49:00,topup,26354,retail_counter,Web_Portal,DEV1f92bdc9,Surabaya,0
TXN0002406,CUST10402,2026-06-30 12:00:00,topup,21862,bank_transfer,MyApp,DEV71127f4b,Bandung,0
TXN0004901,CUST10796,2026-06-30 12:11:00,topup,24026,virtual_account,Web_Portal,DEV5d08c254,Semarang,0
TXN0003040,CUST10504,2026-06-30 12:25:00,topup,13943,virtual_account,MyApp,DEV004f5362,Balikpapan,0
TXN0002514,CUST10419,2026-06-30 13:05:00,topup,46977,e-wallet_dana,USSD,DEV71a91c81,Pekanbaru,0
TXN0005535,CUST10890,2026-06-30 13:28:00,topup,17022,credit_card,Retail_Outlet,DEV5484d865,Makassar,0
TXN0003122,CUST10517,2026-06-30 13:31:00,topup,14936,e-wallet_dana,Retail_Outlet,DEVc75f41dc,Surabaya,0
TXN0001479,CUST10251,2026-06-30 13:53:00,topup,31510,virtual_account,Retail_Outlet,DEV5f9cb7e0,Makassar,0
TXN0005160,CUST10835,2026-06-30 14:01:00,topup,31744,retail_counter,MyApp,DEV4c71b0d5,Bandung,0
TXN0002283,CUST10384,2026-06-30 14:04:00,topup,43248,credit_card,Web_Portal,DEV6d575fd1,Jakarta,0
TXN0001145,CUST10188,2026-06-30 14:17:00,topup,36431,retail_counter,Web_Portal,DEV1e42d2b8,Jakarta,0
TXN0002522,CUST10420,2026-06-30 14:33:00,topup,9897,retail_counter,Retail_Outlet,DEVd5dbcbee,Jakarta,0
TXN0005908,CUST10947,2026-06-30 14:47:00,topup,23679,e-wallet_dana,USSD,DEV477809ce,Balikpapan,0
TXN0002192,CUST10369,2026-06-30 14:53:00,topup,29445,retail_counter,MyApp,DEVf65e52fd,Surabaya,0
TXN0005381,CUST10867,2026-06-30 15:11:00,topup,33761,e-wallet_dana,Web_Portal,DEV3f3d2b89,Surabaya,0
TXN0002204,CUST10370,2026-06-30 15:31:00,topup,5923,e-wallet_dana,USSD,DEVf3c1114d,Malang,0
TXN0007238,CUST11170,2026-06-30 15:53:00,topup,9639,virtual_account,Partner_Bank,DEV61b862b2,Jakarta,0
TXN0004815,CUST10781,2026-06-30 15:55:00,topup,14210,e-wallet_dana,Retail_Outlet,DEV1dc7deab,Palembang,0
TXN0004968,CUST10806,2026-06-30 15:59:00,topup,9165,virtual_account,Retail_Outlet,DEVdf3e03c2,Jakarta,0
TXN0004867,CUST10790,2026-06-30 16:15:00,topup,15185,e-wallet_gopay,Retail_Outlet,DEV849ebfa5,Malang,0
TXN0002615,CUST10436,2026-06-30 16:27:00,topup,30120,e-wallet_gopay,Web_Portal,DEVa9a0758e,Surabaya,0
TXN0006141,CUST10985,2026-06-30 16:30:00,topup,24151,bank_transfer,Retail_Outlet,DEVb9725caf,Surabaya,0
TXN0003660,CUST10601,2026-06-30 17:05:00,topup,10014,retail_counter,Retail_Outlet,DEV5a0ed9b7,Yogyakarta,0
TXN0004225,CUST10685,2026-06-30 17:30:00,topup,14224,e-wallet_gopay,USSD,DEV92419671,Surabaya,0
TXN0005923,CUST10949,2026-06-30 18:06:00,topup,25807,virtual_account,Partner_Bank,DEVe2696a73,Malang,0
TXN0002186,CUST10368,2026-06-30 18:12:00,topup,26436,virtual_account,Partner_Bank,DEVa4d78f64,Medan,0
TXN0004143,CUST10673,2026-06-30 18:27:00,topup,17217,retail_counter,MyApp,DEV65ef2c84,Surabaya,0
TXN0004528,CUST10732,2026-06-30 18:40:00,topup,5000,e-wallet_gopay,Partner_Bank,DEVf4f7bfdc,Semarang,0
TXN0005103,CUST10827,2026-06-30 18:58:00,topup,5000,bank_transfer,Retail_Outlet,DEV7259f45b,Pekanbaru,0
TXN0003227,CUST10532,2026-06-30 19:15:00,topup,12214,credit_card,Retail_Outlet,DEV300a491a,Bandung,0
TXN0000145,CUST10024,2026-06-30 19:16:00,topup,27440,credit_card,Partner_Bank,DEV5780be17,Surabaya,0
TXN0005157,CUST10835,2026-06-30 19:19:00,topup,23960,retail_counter,Retail_Outlet,DEV63300ee1,Bandung,0
TXN0002752,CUST10458,2026-06-30 19:22:00,topup,25591,virtual_account,Web_Portal,DEVdbc21e42,Makassar,0
TXN0003838,CUST10628,2026-06-30 19:32:00,topup,18810,e-wallet_gopay,MyApp,DEV71e007b0,Jakarta,0
TXN0004370,CUST10709,2026-06-30 19:48:00,topup,28966,virtual_account,Partner_Bank,DEVc1b156bd,Balikpapan,0
TXN0003577,CUST10588,2026-06-30 20:30:00,topup,36023,e-wallet_ovo,Retail_Outlet,DEVdbd165a3,Jakarta,0
TXN0006744,CUST11087,2026-06-30 20:35:00,topup,25114,virtual_account,USSD,DEVe5642b96,Malang,0
TXN0002521,CUST10420,2026-06-30 20:37:00,topup,34290,retail_counter,Partner_Bank,DEVf5705436,Jakarta,0
TXN0003444,CUST10568,2026-06-30 20:43:00,topup,9036,e-wallet_gopay,MyApp,DEVb01c9191,Semarang,0
TXN0006606,CUST11064,2026-06-30 21:18:00,topup,17009,credit_card,MyApp,DEVb66e58a8,Makassar,0
TXN0005283,CUST10852,2026-06-30 21:18:00,topup,26151,e-wallet_ovo,MyApp,DEV819c84c4,Palembang,0
TXN0006946,CUST11121,2026-06-30 21:24:00,topup,5000,virtual_account,Web_Portal,DEV07a1012a,Makassar,0
TXN0002006,CUST10339,2026-06-30 21:28:00,topup,47704,retail_counter,USSD,DEV4262a48c,Pekanbaru,0
TXN0003138,CUST10519,2026-06-30 21:29:00,topup,16227,e-wallet_dana,Partner_Bank,DEV808eadf2,Yogyakarta,0
TXN0003464,CUST10572,2026-06-30 21:36:00,topup,5000,retail_counter,MyApp,DEV84909370,Pekanbaru,0
TXN0007000,CUST11129,2026-06-30 21:37:00,topup,33987,e-wallet_ovo,Partner_Bank,DEV16440645,Makassar,0
TXN0003841,CUST10629,2026-06-30 22:01:00,topup,18069,e-wallet_dana,Partner_Bank,DEV1eb46d3b,Bandung,0
TXN0004940,CUST10803,2026-06-30 22:14:00,topup,11682,e-wallet_gopay,USSD,DEV18d98279,Bandung,0
TXN0004880,CUST10793,2026-06-30 22:20:00,topup,5000,bank_transfer,Partner_Bank,DEV7d957e47,Palembang,0
TXN0005670,CUST10914,2026-06-30 22:31:00,topup,39419,e-wallet_ovo,Web_Portal,DEV3aae37b5,Palembang,0
TXN0003386,CUST10559,2026-06-30 22:38:00,topup,17003,bank_transfer,MyApp,DEVb01ba134,Denpasar,0
TXN0005178,CUST10837,2026-06-30 22:51:00,topup,19388,virtual_account,Partner_Bank,DEV61a4cd19,Pekanbaru,0
